{"type":"FeatureCollection","features":[{"type":"Feature","properties":{"name":"Reseau ferre national (light, detailed around Paris)"},"geometry":{"type":"MultiLineString","coordinates":[[[-4.254484976138705,48.45445124693292],[-4.345973779528215,48.411327775739565],[-4.477370553785519,48.38831053291037]],[[-4.081155265595921,48.495876276337015],[-4.254746296739114,48.454363021197]],[[-4.25194935321524,48.367092474013624],[-4.244607710206667,48.3898039894712],[-4.287679286408444,48.395889137007146],[-4.245812926348267,48.456441945407406]],[[-4.0957069468319105,48.28234183130484],[-4.130061912355861,48.28632940555062],[-4.097346900937381,48.313691689424964],[-4.154344800472979,48.366478318701425],[-4.251935336492439,48.36705408616859]],[[-4.094386609078247,48.201498394262046],[-4.098735219987889,48.242974685124786],[-4.058749372078718,48.267558268743464],[-4.096027619698093,48.28236361723996]],[[-4.085753016174597,48.11566328141596],[-4.058212490126738,48.164644641826975],[-4.098661868070786,48.17890048235468],[-4.0943884973189055,48.20149617593338]],[[-3.9311906962475236,48.497401545029895],[-3.972315155238981,48.48263082556715],[-4.029897640007395,48.50321025106208],[-4.081012036154899,48.49590017993181]],[[-3.865054927820062,47.95954714744971],[-4.009980069282178,47.98742757653358]],[[-3.853332939561662,48.55933476484284],[-3.894691922940927,48.614262211191715],[-3.968735885033243,48.638262893985726],[-3.997461350719725,48.68316521431905],[-3.9828358132311874,48.72064886338785]],[[-3.7014459978544654,48.56308886242794],[-3.838039046638579,48.576491621895876],[-3.8766890823445856,48.51235445274094]],[[-3.4535227191647064,47.81315893312933],[-3.628413656030753,47.912036134648964],[-3.78416480911971,47.956581457097506],[-3.865039324822025,47.9595467508918]],[[-3.581752006809733,48.57757570849334],[-3.631526591007673,48.57649554082937],[-3.657744988365999,48.54230922003916],[-3.701435717651681,48.56308715691374]],[[-3.3113773775429065,48.47012306411041],[-3.37206823361059,48.457646801060896],[-3.394356062073228,48.40750812597741],[-3.477225929708541,48.37274794428653],[-3.477877497199609,48.35121648644538],[-3.563990792232237,48.274308314779965]],[[-3.142225567354598,48.55568494553144],[-3.381886864000607,48.60443507678212],[-3.5073546583666833,48.59510837959821]],[[-3.470755998531172,48.60650640642596],[-3.445498747780083,48.65545556753974],[-3.471249940962547,48.701221976882664],[-3.460316452361403,48.72733550032532]],[[-3.247251838802136,47.79071343732125],[-3.292174330813744,47.79802116373883],[-3.349140342908454,47.75797107000891],[-3.4036684098993453,47.762243028746916]],[[-3.148879497484404,48.554576361654405],[-3.311372851206687,48.47012313367514]],[[-3.157093667930221,48.552990438936604],[-3.1907698980879,48.68931161131933]],[[-3.1907634775974287,48.68929981543609],[-3.136290284564928,48.70953272448137],[-3.143975361375407,48.74361670670014],[-3.118145276394759,48.76181727232528]],[[-3.0001764264113175,48.539342987772905],[-3.142086743801324,48.555708069746075]],[[-3.010550983300856,47.68179160862022],[-3.131408188284984,47.5961566777254],[-3.139668851672914,47.523433315507994],[-3.1178929518295058,47.484966330635075]],[[-3.0737816006391783,47.872019604199714],[-3.081091262980129,47.91695571954347],[-3.057439714542824,47.973532934389745],[-2.991148898246187,48.00239004264995],[-3.00252693402245,48.014438367894854],[-2.97638871578835,48.02099122679605],[-2.960032973704275,48.07342100329438],[-2.91221948377846,48.11243335519616],[-2.756335004380567,48.16453161101778],[-2.7630775625659885,48.18022728637578]],[[-3.039920813487941,47.702245142348545],[-3.011760320051942,47.802758899185854],[-3.07331189006917,47.87191821915462]],[[-2.5019190552326753,47.68538785985349],[-2.680314581486564,47.70561755844042],[-2.757353417535028,47.66396583912333],[-3.014984247968896,47.68387148118082]],[[-2.8428084823906423,48.49896576983475],[-3.000234167424679,48.53935168462053]],[[-2.8221766331502023,48.43534002367923],[-2.89320814395192,48.394025132283886],[-2.828533352983,48.33026865950177]],[[-2.808290702058323,48.28184157275116],[-2.754332227071657,48.22948533155417],[-2.7630718408796135,48.180217484077396]],[[-2.510526188532178,48.465973462404364],[-2.6716556831595755,48.47343386838906]],[[-2.211324799598902,47.28676363948559],[-2.270543140050892,47.30246616552363],[-2.332786451945605,47.26812576282175],[-2.37454253680653,47.28826669050977],[-2.507091937386531,47.29005044791491]],[[-2.0516587926117484,48.45755680198092],[-2.103092507709866,48.46665382778958],[-2.200667913997018,48.52813834042199],[-2.267650482502392,48.50449850436348],[-2.46667707630013,48.488841788279316],[-2.5038858495927334,48.466230249718166]],[[-2.2415018034410576,47.687145743832],[-2.361442712896083,47.67281179060895],[-2.501970833573359,47.68538971091152]],[[-2.125958040066406,48.22672255980683],[-2.155716536102279,48.28477004529081],[-2.208792875059172,48.32682808869447],[-2.3016579952388883,48.35373609677981]],[[-2.0771496839192753,47.64809507286584],[-2.147432202936164,47.67877399341492],[-2.241491086240542,47.68714993318821]],[[-2.2264087295065345,48.122123639669745],[-2.200492754054143,48.176807210347604],[-2.1310273069903283,48.21521044836157]],[[-2.046059106159118,47.31733156570836],[-2.1533871544487,47.32304462688999],[-2.200950009808023,47.289969153896585]],[[-1.817875172523768,47.102436868086826],[-1.874380240943221,47.10668629564667],[-1.891098907301899,47.077884978395346],[-1.956606149000658,47.046876855880654],[-2.040896573024462,47.08537629867616],[-2.06028801519672,47.11719615528899],[-2.097848471657934,47.114534447058965]],[[-1.955747890281528,47.36010266417552],[-2.087159300928527,47.423158513583815],[-2.037007468352596,47.50704416780156],[-2.0727895521155237,47.549836716755614]],[[-1.9406132449259546,47.35403097452164],[-1.99844796738725,47.353799665970676],[-2.046051287076263,47.31733570535008]],[[-1.866933861965793,47.10632398475881],[-1.915823256532723,47.128461633494915],[-1.944735622302072,47.184170457286676],[-2.023196677112176,47.201894603935465],[-2.027414732757082,47.28643967468077]],[[-1.756773187641664,48.53309679592371],[-1.75370422859911,48.55527868440549],[-2.0037348476519528,48.646479279995354]],[[-1.8620977225193143,46.763655686658936],[-1.946605008443664,46.723100810580846],[-1.9416096081018088,46.69649178554409]],[[-1.7372310690521946,47.24165727861922],[-1.9406025825140305,47.35402647955831]],[[-1.7498253525423886,48.54527581558787],[-1.9130024052317196,48.53146015097398]],[[-1.7116818326290653,48.11246101990619],[-1.878706742699118,48.14033491396464]],[[-1.8168511861672596,47.07692589150908],[-1.83312972406147,47.022197506401376],[-1.815634255450723,46.981459014369726],[-1.866281330296871,46.93734336535901],[-1.83958074753566,46.88627898641846],[-1.889606242906276,46.792094172515114],[-1.8574235665752579,46.76720455021776]],[[-1.7765367998254684,47.872051874535515],[-1.78123255474599,47.83944769078912],[-1.834716928811396,47.81089458539095],[-1.8367201072119133,47.77568741948287]],[[-1.5933175564826856,47.16838507694108],[-1.76673608160829,47.104345908691144],[-1.810082759947704,47.107836041810764],[-1.8168511041728652,47.07692642469573]],[[-1.680053483791587,48.102257617499184],[-1.756405877545204,48.0207401447806],[-1.747919232813925,47.95800271023877],[-1.7696076561192615,47.92201686140312]],[[-1.7662037482264716,46.54924656334057],[-1.664281075658475,46.60610142434519],[-1.439178104718827,46.662998643204304],[-1.436330460297206,46.68080968605329]],[[-1.4715967729819195,43.49673145338958],[-1.490261620134978,43.4650049124872],[-1.562724122989175,43.45203558744373],[-1.671880070288337,43.37712507200247],[-1.7637680385822463,43.37049255299964]],[[-1.6813956712673546,48.32506517289425],[-1.690590028262264,48.376683470006924],[-1.780916470153763,48.49445971110283],[-1.757150173709755,48.532824641956196]],[[-1.3538183133790351,48.64021801542815],[-1.461071354932229,48.56686501889385],[-1.57113892245849,48.52660525588949],[-1.674386020193656,48.51645713997269],[-1.7483240150795258,48.549142198423525]],[[-1.6087441056745881,47.19539490257297],[-1.70162531985304,47.21267705768544],[-1.7372315928017164,47.241657851214434]],[[-1.700535914342252,48.10647919081195],[-1.624017073805972,48.191311532305434],[-1.664397401413771,48.246264106125906],[-1.68139545896477,48.325064375371504]],[[-1.3212979432067047,48.10939527179633],[-1.568469204824297,48.12054696711004],[-1.6715672449918277,48.10328280819333]],[[-1.4725868593419646,49.499534543480586],[-1.565820727742175,49.502557295957914],[-1.6714123840076878,49.556621537727004]],[[-1.3897917821050911,47.91327157225962],[-1.575348699752391,47.98516800452414]],[[-1.5445294052850818,47.25837484230587],[-1.526884136595867,47.39437611466139],[-1.503287676648644,47.43046511738779],[-1.518979601575304,47.57598158597992],[-1.40855398418382,47.64801997838336],[-1.371229208022236,47.71763609374634]],[[-1.1233614202753037,47.37536557629622],[-1.303510393213122,47.341479247859105],[-1.5324507493756534,47.21909566981844]],[[0.44296361172662524,48.05887733312686],[0.322457434673295,48.09343853624453],[0.231080066178541,48.1012202097789],[0.17529571559127918,48.08571734130763],[0.066595575761502,48.059572400082445],[-0.004919702467612,47.98128864529586],[-0.19247271550294,47.910151879787456],[-0.367561730760383,47.92053880097597],[-0.508928015200832,47.97872572508599],[-0.588755197712713,48.051794191772416],[-0.775363675263241,48.115606649855174],[-0.85117844625002,48.10567736325755],[-0.942423807852348,48.03747478068815],[-1.026671607282562,48.01390780533745],[-1.185057948056858,48.04780730491271],[-1.5087728988086588,48.07542976041705]],[[-1.3054756920729391,43.657685699372344],[-1.398202707282967,43.61377106110831],[-1.49105390959378,43.52384116256543]],[[-1.478108537300577,47.1860454116509],[-1.343015530689264,47.14197617630157],[-1.275718577274323,47.07512515809414],[-1.286954564485081,47.01020026985905],[-1.435668332662389,46.81763126332838],[-1.4358438315413018,46.67229193367187]],[[-1.2336336068966143,49.30066656961119],[-1.283534597771701,49.31983589731413],[-1.402121265923431,49.45672553337617],[-1.4726007703991058,49.49955045714155]],[[-1.469106941167603,43.48573600066319],[-1.471611636392498,43.44309652099777],[-1.44427615536466,43.39015652859355],[-1.380891580576228,43.352005992550104],[-1.402951813581884,43.316729839495245],[-1.351375092787012,43.303621085412054],[-1.345840321150698,43.268874872569775],[-1.237551379404212,43.1677705317388]],[[-1.4501760950765452,48.96088008587998],[-1.424859878410049,48.915810916369765],[-1.439607112458678,48.865676353930965],[-1.389850645711715,48.81934313149589],[-1.42083830438235,48.74018413627306],[-1.388242895837307,48.72431967013154],[-1.3538038765919806,48.64018953789161]],[[-1.4363306958601794,46.68080872528542],[-1.130223871454541,46.65000869300825],[-1.068313389205159,46.69533143459486],[-0.989143124400637,46.6784310247175],[-0.930542813313071,46.72606819936757]],[[-1.435844463809212,46.672300994036554],[-1.422912341422321,46.610416720439396],[-1.370172057490931,46.56281775304532],[-1.363897482976334,46.53210498026979],[-1.273877072769033,46.4747424636356],[-1.027419970635026,46.468073894806786],[-0.892327616564883,46.412021683930405],[-0.903450763018757,46.374918719811504],[-0.883071660615027,46.346813813611966],[-1.022527114976644,46.29955045395635],[-1.053097301714796,46.18588868522463],[-1.1463531628471337,46.15178949369805]],[[-1.039650573159186,48.8452684442884],[-1.244644121528265,48.83657579986376],[-1.349880026529593,48.8072856575025],[-1.4178727858409126,48.83322210880376]],[[-1.3015539272547683,47.8271802803417],[-1.382397947962114,47.88539726810149],[-1.3897993218482254,47.91327335731976]],[[-1.157509702486239,49.09167584888922],[-1.230963888073956,49.06783631316856],[-1.3737005220562866,49.06740129114287]],[[-1.210607905053917,48.12257077253503],[-1.262531177766764,48.09947996487351],[-1.3213102906792469,48.109390606504434]],[[-1.049453944506104,43.72093980613295],[-1.092575296917126,43.716927189580574],[-1.186733310219754,43.66075249843185],[-1.251345987508133,43.672917805333874],[-1.3055388250361748,43.657683017987914]],[[-1.284413532654638,47.084284474391204],[-1.22409061098989,47.050125800688924],[-1.055442523494271,47.03846300000713],[-0.968529403816904,47.00737585192491],[-0.891149093527412,47.071686151276595],[-0.8695053383713743,47.06568536139183]],[[-0.8553380784215737,43.50837422380441],[-0.939770190477433,43.5394999969749],[-1.141793663205843,43.54907571397817],[-1.2741016272092298,43.49657630480299]],[[-0.4327159477121647,49.188018744334165],[-0.626432359883201,49.217283632877596],[-0.696273557264949,49.26956694765041],[-1.057127690505697,49.22730443963247],[-1.124258642185067,49.289041483929005],[-1.2336413253205623,49.30066788801043]],[[0.19536210154215408,47.994679040191336],[0.147152254128626,48.079835283255164],[0.029906982670451,48.10518980972549],[-0.111109309193006,48.18250921308807],[-0.330954773828345,48.12760150865887],[-0.408964764109833,48.16106572073201],[-0.636358690686936,48.13191048038074],[-0.702677080439618,48.11534658965374],[-0.751288471893116,48.07605129998035],[-0.931453183716507,48.09568194454859],[-0.991468084965246,48.120503884038655],[-1.2120141386506584,48.12253762244131]],[[-0.997054150079233,44.623711045589296],[-1.04936408552955,44.64323815720483],[-1.145450967265196,44.637416838461355],[-1.1680752465171345,44.65965592696583]],[[-1.053438696914328,49.226912468367644],[-1.074101311519793,49.2267756063203],[-1.1436333757862702,49.14153889535581]],[[-0.6113392854899873,47.423997623892824],[-0.638869598600071,47.38860334312751],[-0.703880859576148,47.37014491462858],[-0.888696421382866,47.41149586190748],[-1.024498360062489,47.373463448684646],[-1.1233591374165584,47.37536552421963]],[[-1.102947178071338,49.11459815323747],[-1.123894342527323,49.09323287754441],[-1.039359723336983,49.050925866234515]],[[-0.5814489024039609,46.24486404015741],[-0.676166764199381,46.19804872561587],[-0.753917136392194,46.11417770949156],[-0.935896422684074,46.08885119523061],[-1.0991262086223903,46.13608723282005]],[[-0.6199439027778676,45.004094766120694],[-0.748443279248858,45.08807262981764],[-0.784961780863749,45.15378766392319],[-0.758267155918098,45.22967116311382],[-0.970173941459555,45.320178486105696],[-1.117496712151001,45.50821620358975],[-1.0648868316220925,45.54924760360799]],[[-0.913269130773815,43.52493094481261],[-0.953906871829442,43.553235540270244],[-0.937068471066481,43.609292822840686],[-0.987302324147481,43.66855265190224],[-1.063751226384436,43.703247464062486],[-1.0531620626269231,43.72065031748842]],[[-0.555977516493653,44.825923102120825],[-0.658299643370785,44.79410489238652],[-1.005196967091535,44.61718507045781],[-0.92086691084255,44.209339628752915],[-0.899681895293518,44.011176543770766],[-0.93898864695143,43.86172977970749],[-1.0494367419548036,43.720940250194325]],[[-0.8060824817597161,48.84582465150489],[-1.0396582808016137,48.845266417104554]],[[-1.0280772352444003,45.993396399098565],[-0.967726930953494,45.947854053089095],[-0.8962068168739761,45.94332863245581]],[[-0.664245215141801,45.57308590617126],[-0.758276137007594,45.60050978814613],[-0.853480608346182,45.59037781325103],[-0.932914050876506,45.66888671591394]],[[-0.618133507028812,45.74473561528945],[-0.660647212393196,45.71342746639884],[-0.9304621047850157,45.66699682299833]],[[-0.908878573061225,44.0373933907785],[-0.715121214527107,43.97532491912764],[-0.627273371841985,43.91343233373525],[-0.4877129304319669,43.88103826937906]],[[-0.8962099820293786,45.94332861545311],[-0.79642933259059,45.8934488581403],[-0.68033373655924,45.88095547715488],[-0.685903988742773,45.8546612529895],[-0.640552028569748,45.82620571775399],[-0.617057966803665,45.758133461708674]],[[-0.7389681490116284,47.20293199892508],[-0.880895748680263,47.085086332029995],[-0.8696919836108311,47.06580761457694]],[[-0.8642714685465578,46.7420374273066],[-0.757093582450541,46.760998680543715],[-0.680756985765084,46.816427862768215],[-0.505926295101984,46.82467962209539],[-0.492203761233989,46.84910499031827],[-0.384654875206344,46.87116875990447],[-0.275251144802805,46.92195606640394],[-0.2454988337796055,46.962178432188736]],[[-0.486724899971374,48.71874447585022],[-0.552944992288521,48.727834690894845],[-0.607732750487725,48.777511484561714],[-0.670415252962447,48.80606432645602],[-0.748064868732319,48.810606062257236],[-0.8060710476743891,48.84580756055298]],[[-0.793036257962984,46.46090908158499],[-0.5824691495909332,46.379314060782875]],[[-0.357355396654876,47.83716122549526],[-0.539291108841457,47.88390171144415],[-0.616967843293931,47.87438674967519],[-0.6949516057091766,47.83132672513763]],[[-0.370665798768763,43.291725822180595],[-0.679043580290589,43.44816943713784]],[[-0.39245753639545056,45.142580479108304],[-0.470592321977077,45.15451876060366],[-0.6632273740820038,45.12778957565288]],[[-0.61758788454617,45.74784035576098],[-0.528671694212854,45.70545262607087],[-0.5389566781730454,45.57813868141376]],[[-0.510225040584354,45.94264493736516],[-0.535058150070023,45.841998016411736],[-0.6172223635167593,45.75996745904482]],[[-0.6121834312067986,43.19477756576842],[-0.591886179942484,43.15028206902121],[-0.622047575731785,43.10689216213417],[-0.5977064525641294,43.05886619429581]],[[-0.60895255997216,43.75527842188325],[-0.560062268309493,43.76507681004636],[-0.523290766194825,43.875321227129945],[-0.5041215854651618,43.88470392496972]],[[-0.522489348662853,44.900062603917355],[-0.504612520658599,44.93066290520701],[-0.528735760554295,44.9458289682967],[-0.532151144154069,44.987562246872365],[-0.5941812701299867,45.02887102537792]],[[-0.4542086602150323,46.319544976774104],[-0.527606768958942,46.26099417224769],[-0.5814127216419549,46.24487780421823]],[[0.7024006238310244,47.37844171877048],[0.465484068455262,47.34701500452364],[0.20857012260103,47.24860685475275],[0.046852409323285,47.25519025930318],[-0.066860232541252,47.266119646601915],[-0.294825197921933,47.40814875503745],[-0.5446725333581733,47.46539435664473]],[[-0.5389622013773382,45.57813353375788],[-0.522351611891212,45.49670384296415],[-0.39497854730907,45.41365529195025],[-0.3836900785356,45.382920907829785],[-0.4007483925958448,45.36432525123755]],[[-0.45752002035884476,44.97381414677397],[-0.47878665411852,44.95991010899192],[-0.487431316919336,44.90405705284164],[-0.533658565835153,44.85937016404083]],[[-0.5245889723867512,45.69944374817587],[-0.398816270140418,45.667184127617595],[-0.317458186427111,45.687038804235016],[-0.241464974901082,45.65726011625308],[-0.180772452490811,45.67217456366677],[-0.08774774867705,45.639146133412446],[-0.044413801656039,45.597332987645494],[-0.011564949367311,45.62278434234745],[0.03095809397884,45.60539148360166],[0.050185447944193,45.63416718416094],[0.11078132856936661,45.644269258796335]],[[-0.45309665953554373,46.32078785919024],[-0.40617483174189,46.23086182011722],[-0.505486793096171,46.13434454917569],[-0.5102248201695737,45.94264409060631]],[[-0.37198772349503,43.29203587849982],[-0.432733753035407,43.167806020966474],[-0.459332859230887,43.14439940594745],[-0.5073890273686987,43.15385807916952]],[[-0.318079858571366,44.05025398615998],[-0.405834593969196,43.94223081362703],[-0.5006026797773142,43.88503288269505]],[[-0.4877032146622219,43.88103107127251],[-0.430110499357027,43.77972478879839],[-0.275698036373733,43.750543110221905],[-0.253834210349905,43.70581034288641],[-0.13702088241321,43.67896238412395],[-0.021899511676027,43.620373750546506],[-0.013369025382288,43.52461471980237],[0.046159998801316,43.44511333953947],[0.066416018517207,43.378385262278],[0.0626741290396678,43.24038323222699]],[[-0.2306478753018535,48.7094232420841],[-0.48671398700125534,48.71874436705568]],[[-0.30493260570161956,44.88856112089966],[-0.4616107939329874,44.93293509519491]],[[-0.3705657513787135,47.826296802322844],[-0.372945997436963,47.76722776223672],[-0.423363269952508,47.73351740265009],[-0.4609155124291406,47.65837525754887]],[[-0.33757938038650176,46.48689665339011],[-0.369147851662669,46.4651765274836],[-0.404800790782592,46.36769713451569],[-0.45311083973631106,46.32076784183425]],[[-0.38614946610305245,45.12240352280442],[-0.378362561671491,45.084439000162185],[-0.4248910317044821,45.00489379131887]],[[-0.29622642398867105,46.3605246527161],[-0.4210458563735682,46.32376286864366]],[[0.7708510225365801,47.3473427102344],[0.668933111962923,47.26196869118874],[0.655942427429089,47.19457294900697],[0.680398912216468,47.141895979931945],[0.673427351013676,47.10599457788644],[0.467136253005108,46.94909925388445],[0.394769859068926,46.84809291665425],[0.393005356529499,46.74287412011349],[0.346479854940689,46.634465305253045],[0.245658940910859,46.53374786593962],[0.195643109719517,46.39741564989449],[0.144359051943877,46.32540379606463],[0.128240885626278,45.89766554546244],[0.056463566796832,45.756461522719796],[0.075045868957286,45.67334858288696],[0.050637132400997,45.48351905076482],[-0.046784893251028,45.31503618838351],[-0.168412034182859,45.20921836075547],[-0.348356792101348,45.11689116181659],[-0.40828512720919763,45.03901787201638]],[[-0.2231226454753,45.19607582877016],[-0.39228637958842005,45.14168459434734]],[[-0.24215115237194437,43.18243454768659],[-0.276987793870961,43.239546572344366],[-0.37066841738660555,43.291726432481425]],[[0.1021949347710944,47.951229573517786],[0.037912188459665,47.894617554934385],[-0.068325986450414,47.86953912877524],[-0.288409818650472,47.87095794876701],[-0.37053779723965685,47.826369714571484]],[[0.06829515034176331,49.10502867639627],[-0.026867039014481,49.07603493112133],[-0.08955264817234397,49.07246865572944],[-0.3424501659821541,49.17764781609715]],[[-0.22435964852735968,46.891120082875005],[-0.13966806069019,46.81421496680902],[-0.212903896160816,46.73012375817754],[-0.247182738356242,46.65990884578076],[-0.237920480160972,46.64258661310103],[-0.3375793784381703,46.48689696048856]],[[-0.19428146359413376,46.413735600305344],[-0.2962286565795895,46.36052083844738]],[[-0.235294657062091,44.9184658515747],[-0.172582080657344,44.88292375439619],[-0.043175810961244,44.8568448592501],[0.33890527301582,44.83403149485075],[0.48829397620684784,44.85746323332898]],[[-0.20902066120651008,46.985061981137996],[0.00741233788818089,46.969704347466674]],[[-0.07293387813833907,47.26972074065633],[-0.05037169481015,47.26367260495611],[-0.075519283423461,47.23148360968],[-0.054632121381265,47.19053891571299],[-0.149077310689873,47.13274707625107],[-0.136025071087706,47.11698310442855],[-0.20441379993434328,46.984593180977946]],[[-0.04303767277064171,43.10048523027583],[-0.170361461594772,43.101754671746924],[-0.1985112425811886,43.127368402384676]],[[0.1810403127919599,45.4469862428278],[-0.018498956687436,45.17398541219721],[-0.022366843739471,45.10903852362198],[-0.17596868909218352,45.0010486768352]],[[-0.02578552853088597,48.73857486910632],[-0.091727265007655,48.794642028941865],[-0.094926317384803,48.814612635603474],[-0.111832792574313,48.82744512427883],[-0.104674824823341,48.841551548617666],[-0.11465423921641252,48.86471471763265]],[[-0.11187215301796596,48.901958308484865],[-0.09406863269115141,48.931800066395]],[[-0.05889266250261094,48.754117806592916],[-0.10608770523381895,48.720605698806125]],[[0.24757219220392399,46.51512683162744],[0.10440410043752,46.42964428956992],[-0.0941049400869675,46.39363014020876]],[[-0.0940691896741619,48.93181886470272],[-0.093373238081042,48.97263394595143],[-0.04080980721298768,49.02305643703021]],[[-0.0408056112683106,49.02305973707737],[-0.035645385227339,49.03725796969128],[-0.062707946138096,49.06857359121549],[-0.08876264386882818,49.07217250935851]],[[0.1078737227752,43.862947308701486],[0.116865853628441,43.850507695298035],[0.076978169078754,43.80619691514677],[-0.026139373087065,43.783785742962195],[-0.026427355527347,43.75199051940011],[0.023251140347132,43.678888868761504],[-0.08010052570302728,43.65026496018007]],[[-0.05961306622332,49.07121910430456],[-0.06130030537278677,49.066746646679874]],[[-0.043834638706004,48.75597443305382],[-0.05860222851172465,48.75430435129077]],[[-0.03804500611977142,45.01333763660506],[0.121977461268148,45.004714937465764],[0.326216067960498,45.02499991899339],[0.624344111821722,45.18311921864615],[0.7072541175918631,45.18718091376003]],[[0.243527893598721,46.680798969674704],[-0.03222918247303535,46.662675962010255]],[[0.13432840996174927,48.665132236829514],[-0.02579527158317457,48.73858781253315]],[[-0.021197796926850955,49.2902263292943],[-0.003017740505771,49.28966543414981],[0.00857603232228999,49.31438419643652]],[[0.00858408061209813,49.31439231388895],[0.034401497614233,49.33116628793919],[0.089853995487607,49.3305828038198],[0.095576898451167,49.34291444674131],[0.08424913279907587,49.359611534601626]],[[0.20567372203181652,49.13078908445416],[0.168157351402399,49.12002473621125],[0.089195894357876,49.123147403568034],[0.06805907827831574,49.10489723310753]],[[0.2382563606156764,43.184080268538956],[0.164595780398022,43.22547957388241],[0.104948703085244,43.21836952983778],[0.06829402422480213,43.24031396122348]],[[0.158290770035513,44.50777390457575],[0.120466160604146,44.470518847540376],[0.124050923066905,44.40684224254698],[0.097317150020342,44.38138749745433],[0.07969163925802611,44.31152937019435]],[[0.22744373542894908,49.15006062220449],[0.214813044105434,49.2728405958212],[0.174115980593741,49.30403974639977],[0.133145952940241,49.315973036829554],[0.08472178137710835,49.35951461337893]],[[0.08493404185397592,47.016163100236184],[0.157062995622034,47.05752041942911],[0.185655874170501,47.10556267975279]],[[0.096532906705146,43.22319502664941],[0.105563150917586,43.15309638830334],[0.14755754356089154,43.068862362978884]],[[0.206324943472942,47.992230324540024],[0.173695171163007,47.997698148172],[0.10218472712251217,47.951214286267785]],[[0.17042043683414407,49.49648477563729],[0.142656041337244,49.47801427536805],[0.106109465971664,49.481961187329304]],[[0.19995541539208267,49.51437971123752],[0.185292347668572,49.50148138231855],[0.12760012627231404,49.4930815263245]],[[0.13621771492871448,45.642072670929196],[0.094559792792068,45.58827574290786],[0.1295735965983286,45.52652089857542]],[[0.14490729350319392,48.23019988323173],[0.090653911978725,48.250263091462074],[0.080402086487774,48.27301647598487],[0.128340688896884,48.34847965628427],[0.129358277559149,48.37690432518569],[0.098320630304252,48.436777009995964],[0.104960025835443,48.46808009771532],[0.1762359885874,48.55379740425523],[0.164719140233864,48.60631686597607],[0.150033825029161,48.62057692994355],[0.15539564541773,48.65159733887199],[0.13506691954168842,48.66473309923254]],[[0.9293119582321624,48.742724503525906],[0.775345431187683,48.77451914889108],[0.667905072873304,48.78046820433346],[0.562006186400249,48.744700597523405],[0.429758371475531,48.71751327584424],[0.313920904079688,48.69950845468732],[0.218025336330193,48.703470723884955],[0.199941517992655,48.67283103776231],[0.13594027311083987,48.664356763795816]],[[0.1515756292516092,45.78696573426132],[0.136503283420475,45.76729585775417],[0.171653019516261,45.663504169821564],[0.1361825621641175,45.64205532233765]],[[0.21713688705727072,46.05807376135894],[0.146170372730241,46.00235003850509],[0.1388003383688104,45.951166611978856]],[[0.166917441331396,49.49755508574791],[0.13952204252262626,49.49618302465429]],[[0.19091594818392674,48.151334182559935],[0.189803199460624,48.19006406274105],[0.1449087012928257,48.2301989055361]],[[0.169181708036725,48.66385457621149],[0.15773731463133245,48.65346516397782]],[[0.16284828102457,49.490630566379316],[0.16809102412076515,49.49015305551284]],[[0.163547949486882,49.48617979780875],[0.20173179435552885,49.48743253782641]],[[0.165680004208629,49.49499653358037],[0.171164536241902,49.496820822586145]],[[0.196422125149338,49.51020938105064],[0.17047471814607337,49.49649665418494]],[[0.7732583282688755,45.86079063203071],[0.582392490605149,45.8910206390148],[0.446238195648592,45.818778387127885],[0.403622575181656,45.779209543733266],[0.389778465095508,45.732970045573154],[0.34369907183848,45.716870661411626],[0.311257952561118,45.662185488077625],[0.273393422161189,45.650846147968466],[0.211315741809612,45.678835489141925],[0.17125776945668159,45.66125084440108]],[[0.188660601048848,49.501467899148395],[0.1806674430839431,49.48715505128358]],[[0.235447657886124,49.13536499008813],[0.219549024399596,49.18547162147989],[0.21575601918939,49.270554774624145],[0.18762130014835612,49.29205044518124]],[[0.18952801384188056,49.542892117169494],[0.222722673170564,49.561612889292896],[0.21509060316757683,49.58383578848501]],[[0.190451930526794,49.503722049083365],[0.182552196310266,49.53644555820934],[0.18953051305905416,49.54289274026193]],[[0.19604087474314913,48.06292454381627],[0.208690785889705,48.08925793385789],[0.187030956840475,48.13371461857682],[0.19091406338549227,48.15132820590576]],[[0.19408126886511,49.50681803370454],[0.204692351304754,49.485322317777786],[0.2503815999772804,49.4794188236464]],[[0.21419562873913264,49.45784994182003],[0.19532123857665,49.45936149094914]],[[0.4463917917488878,49.60707850137415],[0.363322592476064,49.58966767263176],[0.321154999238224,49.55215827970697],[0.19997549006751458,49.51439482856359]],[[0.4138044784495718,47.6831303123514],[0.332057555650759,47.66643886705719],[0.250728474668091,47.6940574110176],[0.277447450022401,47.81110689059004],[0.198665054136662,47.897723382451055],[0.20186488288180718,47.98986444348644]],[[0.24753275273983752,49.131243485426936],[0.22007938434257,49.14133173346981],[0.20567407440694546,49.13078935390936]],[[0.25889139427580793,49.454904542177914],[0.21678251957921396,49.45767994923034]],[[0.25379088568454183,46.36080986960008],[0.2171412951807708,46.05807977864405]],[[0.236339809700854,49.13494212676105],[0.22747420800142915,49.14998073392014]],[[0.5722166491660946,43.07833567941314],[0.394196433752517,43.11412750518542],[0.335055502616549,43.09988087861058],[0.2382532149215027,43.18408287847783]],[[0.357769246863661,46.630862430876775],[0.24495935606576902,46.68060292972199]],[[0.5481064911962223,49.09497712895946],[0.426728432331582,49.06866284335775],[0.360461867291622,49.08543150005692],[0.33402798786169,49.1206573780597],[0.2476764676626599,49.13119768408033]],[[0.333744345742942,44.13369381812615],[0.320682444974423,44.111314567642395],[0.262183423338279,44.105652394982805],[0.2492089419113027,44.05725200089598]],[[0.25047544190983484,47.16185236989152],[0.266261084128059,47.20596466383424],[0.342946622241945,47.23435904999619],[0.359427907062111,47.26679888134191],[0.441429070112857,47.26043492368588],[0.470512748554262,47.29402660740258],[0.6166636079549594,47.33635014966238]],[[0.25056290009907967,49.479393085454745],[0.352936584791762,49.46879194343672],[0.360861056427489,49.455659800610896],[0.2614779750366416,49.45473354990685]],[[0.4438301359682571,48.05148335237405],[0.25111574235023487,48.002494443171955]],[[0.31628498227044105,46.483873052185],[0.247900125930734,46.40589713329596],[0.25378501031997297,46.3608026634795]],[[0.315479234025234,49.34734837455124],[0.297277950923452,49.36994676516671],[0.300922525855925,49.40199380978302],[0.256770266297808,49.41143115922525],[0.259415241708728,49.42083700155852],[0.27370837915594776,49.42048144376221]],[[0.7559324879519969,47.834633512581576],[0.701352879833963,47.77058546388754],[0.578251343693494,47.739520857116],[0.5537069403965117,47.741610724139015],[0.318922253097025,47.62644098582504],[0.33165571267903404,47.579974088027235]],[[0.34242653916758287,44.314213274669584],[0.334204555780273,44.28194823078542],[0.352666908846645,44.25996520780204],[0.56993547336407,44.22553288970761],[0.66055889920708,44.17493728991234],[0.8256596802188276,44.126756898182066]],[[0.5413853252824239,46.79792867103759],[0.385911879351049,46.68717706072671],[0.3496096719222361,46.60823615049051]],[[0.390299688217239,44.25036054386875],[0.358425460144787,44.24886211904341],[0.294549056081109,44.17063183338898],[0.362868169936764,44.08386204749219],[0.348355849340745,44.01187184128952],[0.3651546997454907,43.96016246701984]],[[0.381758730188839,49.75893873215312],[0.3734595687645895,49.759470422454065]],[[0.418061856007578,49.60371548716776],[0.434048083637754,49.61290435321285],[0.393261537304596,49.68805857424208],[0.395538350310659,49.71116359913204],[0.379499910804896,49.72875450402298],[0.374209224715909,49.75169163813934],[0.381452650164597,49.75801564805593],[0.37348157850964153,49.759413850999735]],[[0.393158694748937,43.11411473235721],[0.360103383578559,43.08011601586817],[0.3791552342375412,42.9539761330508]],[[0.407271910315941,46.52762800653082],[0.522431107940887,46.46601663077042],[0.5835046977776448,46.46339375299535]],[[0.407271925850077,46.52762802058846],[0.5681278313809777,46.56482542998887]],[[0.430476216022964,49.60600996493417],[0.441898288493254,49.60791030514973],[0.46731645440131225,49.57802432623718]],[[0.4689441072306137,48.05274571452825],[0.43204358430350265,48.048045696751124]],[[0.476550643299595,48.05066778021114],[0.4431973057914205,48.0588202551295]],[[0.6958332798976092,48.26769096999057],[0.671108246250949,48.24630529432132],[0.637141202234617,48.18120834014046],[0.575695955993383,48.13720211399895],[0.569646074363367,48.11471867912816],[0.44384515038078365,48.05148768222442]],[[0.48839859203643426,49.59173595221637],[0.44640486632035153,49.60707875529858]],[[0.46731622365181563,49.5780266682667],[0.466594391958997,49.56507671692133],[0.526342124236516,49.52817589769661],[0.536120461943448,49.50254557959059],[0.563942292688329,49.48768623381824],[0.55657461980144,49.48283779359392]],[[0.6414113714460071,47.43167681538148],[0.610770968297123,47.52829052416369],[0.479805228608098,47.602215091276484],[0.47180160568538687,47.66209198146266]],[[0.472932911596221,48.051566275500704],[0.4721977971444365,48.05178365402494]],[[1.0755905173717732,48.076645762743674],[1.022676833885612,48.070059267522694],[0.90412754964647,48.08536564415223],[0.751695624822333,48.084248124281636],[0.651781989386202,48.07185387731687],[0.574452681969943,48.04799989988519],[0.472932911596182,48.051566275500704]],[[0.4883434072929857,44.85744874753563],[0.710002505911254,44.83569705374057],[0.883910144076261,44.86761978742376],[0.9021428658741215,44.848771810751266]],[[0.8983729970823364,49.597269908706764],[0.865864935987599,49.630805921570044],[0.847499998090546,49.636636496149364],[0.48841680060766346,49.5917371246467]],[[0.670163023428594,47.33994535129999],[0.62359063904588,47.16398743433708],[0.577849588819354,47.126034825109826],[0.608865153223331,46.93825120364422],[0.5413880141006552,46.79792978901579]],[[0.542710848036782,49.49897960300463],[0.552990339543415,49.493768745907055]],[[1.1175843758309774,49.00966920486657],[1.100497788035608,48.995849696056084],[1.049848700834001,48.9938958941249],[0.931193217669397,48.9619938573689],[0.805319578869861,49.035845513668825],[0.793300371101479,49.059205808324585],[0.729378794675035,49.10785849714052],[0.660400949537353,49.08964282933653],[0.628835994593819,49.094731114952815],[0.574951175010539,49.08447744075264],[0.5481234646470292,49.09497769322674]],[[0.6955287944106375,43.088081789887774],[0.5722181472472465,43.07833534056754]],[[0.578276497551998,43.07695917522212],[0.656654030731386,42.92354239616779],[0.6026814385289294,42.85344289708368]],[[1.1506357308697583,43.63658090343168],[1.050453313285731,43.604311913992234],[0.959513863282569,43.618778619310504],[0.924810672741852,43.64703698138611],[0.852262739057611,43.63056576350688],[0.743154220306082,43.66634415441751],[0.680353832836779,43.669256673339504],[0.5963300932775323,43.64229249073712]],[[0.6152267880825874,43.93094740032358],[0.656786686056666,43.82848629070056],[0.618177750292096,43.78154955734424],[0.62354528643269,43.71858235613892],[0.5970718601096261,43.6491006358666]],[[0.6644881355716219,44.13165974436845],[0.661180747442321,44.073414635276066],[0.589370107435058,43.99738520793768],[0.6152294830602045,43.93094476548115]],[[0.8053099824181279,44.38427253801295],[0.74570395218225,44.282398072481854],[0.6387587575040938,44.20438564347235]],[[0.6847543363698929,49.268036810703975],[0.6814532643645279,49.27706882372073]],[[0.7162032019564998,49.106222072646375],[0.722437549389329,49.146595143786605],[0.6828629813323384,49.271390638242956]],[[0.6828667788508134,49.27138325832666],[0.686741142801118,49.28461068526309],[0.709664277533435,49.29208525890566],[0.78614367542827,49.286454837746646],[0.876033021318464,49.34030818685781],[0.968865176697164,49.3334712505137],[0.9925681078374606,49.31826948307952]],[[1.0115257549842822,45.604011438738674],[0.971207893785267,45.56020960583237],[0.92449960396318,45.42174771509081],[0.857837616796995,45.34091036080797],[0.6888789306866836,45.24503202724886]],[[0.850946051971973,43.104853794175305],[0.748803516941933,43.10919819487429],[0.6955250986676733,43.08808131536237]],[[0.8469193328152301,48.381760559154806],[0.844214261156601,48.36388641130274],[0.805496848704913,48.32047552816301],[0.6958491076424951,48.26769529499786]],[[0.6985346628344268,47.32097694846459],[0.724596626314044,47.28954621813033],[0.8421170262334676,47.25870692465622]],[[0.705661639038346,49.75873632228639],[0.7040691964810708,49.763610025988605]],[[0.840537636518174,49.8195422159332],[0.805917900172953,49.79208565533343],[0.705661639038395,49.75873632228639]],[[0.7072131180137988,45.18723638519887],[0.760393166323593,45.18094903046689],[0.8539648943347,45.1233010634339],[1.031366829352011,45.168824510206996],[1.223852726640337,45.12636594854367],[1.321911618905999,45.14398160135722],[1.425880680876878,45.13201433729271],[1.6038237563050437,45.17410293261992]],[[0.845685452029061,49.63695911177933],[0.833813700237705,49.64431528670641],[0.818702230061172,49.68913718739242],[0.783078672395844,49.70458361682496],[0.748317804847178,49.7498506337288],[0.705182283805873,49.759283348160466],[0.694995045972331,49.79785625537808],[0.698832985862282,49.83033006948967],[0.7129971754799289,49.85127646966929]],[[0.7185860168379202,46.40522930339506],[0.870527012996241,46.41971460218158],[0.973827454158239,46.330102973749995],[1.013238601727197,46.246064237125694],[1.0681505560742852,46.21439039505251]],[[0.736510714233789,49.10244415445113],[0.7220313718199425,49.11486409970132]],[[0.8371869733709156,47.425030791737],[0.7503824004548751,47.33720094759752]],[[1.0098089698305521,45.87668137045785],[0.866283847554216,45.885334746220764],[0.7732444217910205,45.860790114426685]],[[0.802330716766098,47.776321513508194],[0.852290277256274,47.764051616901845]],[[0.9412490155390908,44.48651850035689],[0.8053161989708226,44.38428393428298]],[[0.810102583538712,45.13705192531637],[0.9569479365134667,44.97728507617268]],[[0.8256389268511934,44.12676960587431],[0.9732465913690824,44.08705828942709]],[[1.2712906776335449,47.53748166187488],[1.220460171421296,47.50127407681303],[1.079801889386736,47.46237024011729],[0.974327776601143,47.418805360616055],[0.8325617735924465,47.402815653175466]],[[2.1535474037478792,48.63931119488321],[2.136532794091049,48.622776004846806],[2.122267653684635,48.61434830942286],[2.061579315577806,48.59970566244614],[2.021623543355473,48.583959824667964],[1.989096931477814,48.567784690139206],[1.949049852158937,48.559382925239994],[1.930428168272259,48.55102748134511],[1.918912505342834,48.53962908265969],[1.904073604990969,48.50717796832859],[1.894355775625828,48.49545263872509],[1.880555541751477,48.48652356147],[1.846084346667533,48.47192044692296],[1.807315331356657,48.459671838880645],[1.775523862722143,48.43886524950074],[1.735445039417008,48.39517866258653],[1.7162221456522755,48.377689108485015],[1.651687743267277,48.30030232271931],[1.593731695449223,48.263534468278955],[1.306244110845194,48.18264160377775],[1.223877821079232,48.1493342998005],[1.159605463617701,48.10250700457793],[1.076532821181489,48.06458395045287],[1.04504883725852,48.00602848965566],[1.057937230114278,47.94577880502784],[1.053199425834199,47.89142736994125],[0.996564008745632,47.76245318403143],[1.001038376165494,47.62671941464626],[0.9524199499438898,47.51517229110844],[0.916489592672463,47.466950578110904],[0.8371775639664465,47.42502330315341]],[[0.8421151710377023,47.2587102245193],[0.981582207863744,47.17233386536745],[1.0009788867820923,47.13040195112744]],[[0.937593111216177,48.45182164523134],[0.920530024668005,48.43601687326678],[0.888105717717474,48.430887878461625],[0.870449276192957,48.39883381498109],[0.8469025034735749,48.381740742016255]],[[1.007429102698406,43.194635885433684],[0.912315819023442,43.11845838979443],[0.8509460519720173,43.1048537941753]],[[1.4173797627728937,47.279782836122045],[1.256939887605052,47.34149954637297],[1.049780846518583,47.33037000452941],[0.8511378269196788,47.366935799081006]],[[0.852290277256263,47.76405161690183],[0.866356198846983,47.75787540950555],[0.952574633560364,47.768039488279015],[0.969412945693499,47.784729188479965],[1.0200465737045517,47.77614816771976]],[[1.332011171449739,49.60231917594298],[1.13547392674751,49.64022867645406],[1.049606746256449,49.63223613507719],[0.957194819964219,49.644640900605964],[0.864875989512056,49.631502441324265]],[[0.9014892941890994,47.587888645726025],[0.8811341442952543,47.5499420968666]],[[0.9549020777997118,49.54839548031696],[0.936201422827103,49.579577477454265],[0.898374881854614,49.597266541648295]],[[1.0671146364795985,47.802027652507256],[1.017733420468778,47.77343334582928],[1.027865976976759,47.71902960571741],[1.019175421656173,47.70130086486687],[0.992022586226326,47.67117039480279],[0.91813947805901,47.636015460911565],[0.898295995823819,47.60858302221122],[0.9014975412693765,47.58789828490264]],[[0.956956652375749,44.97727346470027],[1.01025128301846,44.93652249158781],[0.925869339657374,44.90309006020337],[0.89915683726222,44.872696574346364],[0.9082800579628482,44.847046798540035]],[[0.919257804432312,48.831345552207324],[0.96266722565353,48.83672809697017],[1.001227730554694,48.862052196948625],[1.084916363515462,48.869960170764784],[1.143994552450561,48.9188792816645],[1.2187473528346378,48.95710585570014]],[[1.1809327931495754,48.778673745458995],[1.095633459610275,48.78339981311523],[1.03249777834298,48.753136245275485],[0.9293524748984163,48.74272074740956]],[[1.1428925052647136,48.47759392991755],[1.049030951855114,48.4850044750174],[0.948349159675728,48.46304986598096],[0.9375977929679363,48.45182905933331]],[[1.0066161046495532,44.74391666749789],[1.017892508918895,44.65915419599802],[1.050452961877741,44.62275473323516],[0.958415981332507,44.57180370407805],[0.9412359138352058,44.48650800656981]],[[1.0577929317412622,49.45616956793197],[1.049581771072436,49.496876407191166],[1.030185645698573,49.526762280113665],[0.9547879669105198,49.548477838193634]],[[1.033700549999352,49.43003443629858],[0.998079903517884,49.35815699646038],[0.9600121343488566,49.34438125585412]],[[1.1120031525478937,44.04309769068192],[1.144766625735933,44.02733440561085],[1.124809897646658,43.97675694443848],[0.9803756993863892,43.87652392120972]],[[0.987829146048983,44.81996737207722],[1.04826601178732,44.864607007220684],[1.094497043172477,44.83534444859461],[1.1579668248764772,44.834961684444565]],[[0.9925730832718684,49.318265929762354],[1.018113273256162,49.30042343519924],[1.102929526025757,49.331194257629676]],[[1.001211981705475,47.67700621532828],[1.0064743502277609,47.68680972528198]],[[1.0021645986922916,49.28620128722608],[0.971562523861885,49.3306387202842],[1.011730723265297,49.3549985291245],[1.0382431894458828,49.4132195520026]],[[1.106406741215456,49.437986028158555],[1.051108406839031,49.44915592126035],[1.018944136923407,49.42160603370919],[1.0065597322580817,49.3844708613102]],[[1.4238723550296513,43.56814785031686],[1.337186240746965,43.49279673474817],[1.221960245011233,43.30627614776116],[1.089178753995329,43.215266058347964],[1.007430343612425,43.19463608475179]],[[1.25159677563907,45.83843758084757],[1.148227056281355,45.79551383394432],[1.087001588644132,45.86274667257808],[1.0097832577084584,45.87668106712688]],[[1.258340804393534,45.8240191238694],[1.189285120096172,45.77648018350038],[1.178309542912567,45.68907647981071],[1.12959758870058,45.63254368331694],[1.0115368042598454,45.6040196382457]],[[1.0200619052609232,47.77615885455114],[1.0238528105051794,47.77796110905611]],[[1.0699692364500064,49.435197165435724],[1.022512741130197,49.39532192834508]],[[1.0238790797279387,47.77796930138386],[1.0292088803198383,47.77956350505937]],[[1.054323179283949,49.42573302704884],[1.0244788463183083,49.41938335991093]],[[1.0292239962016263,47.7795714580745],[1.0705020954155053,47.8025864773984]],[[1.03372959462973,49.5225654976089],[1.069463688660034,49.55071603552195],[1.1063285699931755,49.59910286085247]],[[1.0566790222496931,47.07707958007456],[1.113700816342027,47.01694710082725],[1.230966433279556,46.947283223841985],[1.367330168823419,46.91855664959656],[1.453742623559468,46.86171876714087],[1.513194806211772,46.85950755628152],[1.630559930135728,46.800147428335585],[1.679039301351489,46.80088643278107]],[[1.0932559155997148,49.4492850316889],[1.0577895887601823,49.45617601794508]],[[1.2537323629429897,47.976045416220636],[1.205105776030509,47.93179733528633],[1.220959060415859,47.89890558859395],[1.175936499514445,47.88749418581296],[1.094993018071799,47.846890766846094],[1.081901502006874,47.83253722686448],[1.088197082015685,47.8097959426026],[1.0674201087715722,47.80207201288552]],[[1.099363471696985,49.428412274163584],[1.0699536393392013,49.43519353543685]],[[1.0705225172500583,47.80258798392925],[1.0725951127033786,47.80278726977812]],[[1.0724920525627788,47.80277345107571],[1.0899048423780093,47.802012103434166]],[[1.116024262117433,48.08622891798088],[1.0755896381942989,48.07664557998948]],[[1.1576218218258771,49.87391875544685],[1.137919950740229,49.87694439639961],[1.0810265779997799,49.92076057197235]],[[1.10632294122154,49.599098658933386],[1.13323076191111,49.64648639132403],[1.094222566589626,49.69715287799565],[1.096054185428695,49.72474864547085],[1.122768676582845,49.76929215509597],[1.05385723269001,49.89853628896336],[1.0810359839548993,49.91564483880365]],[[1.1204670089840958,48.06205449205552],[1.0868405035489865,48.04927350449877]],[[1.0897641868212697,47.80204732783696],[1.0900549961908883,47.801974500133106]],[[1.0899143407597425,47.802009724739456],[1.110367486292677,47.78609197851708],[1.134012562909242,47.790872088736975],[1.160100813114993,47.78187540443262],[1.1950123877731744,47.7492294291462]],[[1.1072433198487883,49.42527003249309],[1.121159074715672,49.4391147422899],[1.0932419746329425,49.44928641718613]],[[1.10157148326154,49.41623397496415],[1.0993634716970047,49.4284122741636]],[[1.09936347169703,49.4284122741636],[1.1068706933705612,49.42502757184505]],[[1.10252047397898,49.41281252652317],[1.0997602741109913,49.42756002196688]],[[1.105829958013963,49.898834526326766],[1.12146156369869,49.89256763820459],[1.190590911817036,49.91225445119053],[1.2631586811170996,49.89769806829796]],[[1.121872877785765,49.436444471234104],[1.1064067412154646,49.43798602815856]],[[1.1160829956016127,49.31559458843875],[1.102889731405822,49.33151144405888],[1.107035503628456,49.425139493683005]],[[1.1137189090346657,46.02101056710972],[1.163816510512187,46.001394412745725],[1.166483413590481,45.930569006010465],[1.2168221901977085,45.89970415566704]],[[1.124982764554232,48.07810014904734],[1.1144680643037321,48.08565132468183]],[[1.580532569900612,49.03852793768899],[1.569371299876696,49.03403894217473],[1.560851917233308,49.033000387591215],[1.549939560515754,49.0342197749703],[1.539516461988932,49.038443192810824],[1.531607894542436,49.04586980871229],[1.521984161549158,49.06455921616226],[1.50726384372139,49.07900615991315],[1.495426687011787,49.085600102111925],[1.479208341721458,49.0907121927679],[1.4687693442220588,49.0978411386006],[1.403686352455512,49.15355183173421],[1.343033387714538,49.179140785410915],[1.315044572685932,49.205207054399594],[1.267540390981911,49.200653103449106],[1.234973697867993,49.21074519677138],[1.223730301653162,49.2286524851939],[1.233199927653487,49.26396987640752],[1.193804945143456,49.313741524199415],[1.116074050700107,49.31559459337138]],[[1.1732502327303507,49.02344567410657],[1.1175877472542566,49.00967362180832]],[[1.1284897429675849,48.06326111440837],[1.120330918630157,48.06203453037104]],[[1.125068313012386,49.436636349778226],[1.121159074715717,49.439114742289895]],[[1.121821212125673,49.43610973548437],[1.1250683130124015,49.43663634977823]],[[1.1256577199547175,48.074832987087184],[1.1284941944982776,48.06326356132863]],[[1.46428784127111,48.443943236112624],[1.447597057521222,48.42989473988092],[1.383433099734518,48.41533532168454],[1.353049739784867,48.397848567534474],[1.252078355674404,48.30641147643544],[1.20672828232123,48.282052732117506],[1.182568879870448,48.22952314766961],[1.159991133585782,48.21491692623209],[1.144420698404511,48.16105246323281],[1.151687662035592,48.14311862364706],[1.12220132342273,48.09248207437118],[1.1256636319383102,48.07482411964648]],[[1.1525556406405864,49.44464908638395],[1.144042595831636,49.43482858284755],[1.1259990044291257,49.4361718978718]],[[1.1294739208552682,44.03597036727704],[1.341941931526323,44.01316431414258],[1.263568130026608,43.92243038058641],[1.27051535551164,43.8729725267948],[1.4426529391234646,43.630306142472364]],[[1.134775312863639,49.17117380570492],[1.142717469722323,49.14552922734476],[1.1809494477003624,49.164269624142875]],[[1.4460884509148844,48.44086541959074],[1.40018209151416,48.436592497552105],[1.278158946020199,48.45622520517538],[1.230354350804406,48.45184143512616],[1.1428804649453088,48.47759864589384]],[[1.3344741711324672,43.603448948980315],[1.308203149554564,43.62828839158916],[1.24067180919213,43.61387954376365],[1.188289114449869,43.64353363044245],[1.1506859470761754,43.63659810959449]],[[1.1618336750902118,49.47110738121469],[1.1525427614860664,49.444619353300915]],[[1.1830952124993992,49.31759323454714],[1.160781519524868,49.31701370873295]],[[1.5400183827481804,49.63197430278924],[1.495781465098673,49.61564626964237],[1.466323098485236,49.628791677602415],[1.373711699330007,49.629456430011516],[1.299977457241895,49.58321447630055],[1.245667029922245,49.52149856098186],[1.170481662770045,49.492135140695375],[1.1618334155313017,49.471106891259645]],[[1.3966880149139491,48.96518169919824],[1.304166237840756,48.994208092086495],[1.221627939149672,48.99155846204833],[1.1732541652390978,49.02344514689158]],[[1.2238021360179303,49.2304528577689],[1.227520686838317,49.24518305522257],[1.211931004892902,49.248435226231635],[1.18253578464006,49.23191348361813],[1.177285729850784,49.21888331245308]],[[1.178309542912526,45.68907647981066],[1.213837134658638,45.61724659040084],[1.178354043474003,45.556037682545664],[1.210241798684577,45.51424724443587],[1.312458523363576,45.506864652081376],[1.326893559156995,45.47062587178039],[1.402042333031007,45.42986243147294],[1.380046074251615,45.38108557749043],[1.407923379929323,45.27662484414219],[1.39868002787457,45.24847436266088],[1.4885028833237872,45.15361031112283]],[[1.1809474966695486,49.16426544372784],[1.1792364734495937,49.17245277383797]],[[1.2958437715242943,48.758398127951175],[1.260124330080791,48.75762923174109],[1.1810776516038375,48.778665463810285]],[[1.3767860629846307,49.36451137216724],[1.23071603079985,49.31704181259207],[1.1829792673966375,49.31759544108041]],[[1.1949935158680054,47.749249710042],[1.1951015471627495,47.7491115064125]],[[1.2720474899004304,48.903602668971416],[1.217886742819726,48.94920056129096],[1.223841848627951,48.96485437042605],[1.208392837429085,49.000414763849484]],[[1.2107522552601206,47.69727771948205],[1.28627465435892,47.652968541854484],[1.3241675638107027,47.594609350774626]],[[1.3383789653871638,48.073181280196074],[1.330843335490321,48.04829123624932],[1.243809577174271,48.0016192922337],[1.2537446832546129,47.97606428314957]],[[1.4287016941682127,46.11620872838993],[1.430725662398145,46.07189163582562],[1.489680438804304,46.04240947443772],[1.49341064738609,46.00262170799591],[1.268165750919921,45.83640348795939]],[[1.2681692938677152,45.83640786121583],[1.245826731380594,45.79654457862774],[1.3470764026884587,45.69952361830496]],[[1.3236094692459237,47.58536353733496],[1.271289324731534,47.537480692231796]],[[1.479395347951369,48.44713437915284],[1.453110132783279,48.44730218378757],[1.41931429053162,48.47063074981712],[1.37630569954803,48.55257581635356],[1.290109630983503,48.587849196131444],[1.273989313815554,48.60445121620368]],[[1.3704847958325366,48.73106135249862],[1.319559403758238,48.742035493921655],[1.2958486795635118,48.758398151738696]],[[1.9062254752854435,47.926120514133586],[1.708781943577051,47.84233247036384],[1.6175168254126,47.772290384274264],[1.326260049011877,47.59675160901796],[1.3236093654624397,47.58536050938621]],[[1.357632262705207,47.621202418960465],[1.3247121911795545,47.59646861344586]],[[1.33313402297258,48.68360588222698],[1.336172948119347,48.68588949736171]],[[1.33313402297258,48.68360588222698],[1.3100582822071516,48.67288207154083],[1.33313402297258,48.68360588222698]],[[1.336172948119347,48.68588949736171],[1.340108370358679,48.695510812042635]],[[1.340108370358679,48.695510812042635],[1.336172948119347,48.68588949736171]],[[2.0098222587818224,48.53357751447889],[1.993769986176749,48.535610740343934],[1.976511189262666,48.528048420721035],[1.956395364656722,48.52780260548374],[1.943010149949106,48.51677051601571],[1.923734183041671,48.508680391599015],[1.921322516266174,48.50538736254126],[1.920231258787624,48.49759949660211],[1.914344389800479,48.493316852882785],[1.891671239726168,48.48743504207408],[1.880875554427472,48.48492660040256],[1.873679956229442,48.48377344678426],[1.812971306887718,48.46708705843688],[1.793415928205654,48.453511429174284],[1.783799345647962,48.44969832063386],[1.782654396620349,48.44875189914104],[1.736040660234663,48.39602336795317],[1.715914345083785,48.37787257798675],[1.639829846319936,48.28406076489439],[1.593624929643419,48.260738505338885],[1.398026528703086,48.20064980524289],[1.354562651032202,48.13912822114029],[1.353215488009046,48.119035895710795],[1.336042980456771,48.10732866077455],[1.3383789797425085,48.07318155876921]],[[1.338391169539926,48.073411668104775],[1.34628351367464,48.08813714167047],[1.415692994973493,48.06946988115528],[1.6996464892129428,48.050145431590245]],[[1.5327525970699563,44.16070047330795],[1.338788821973944,44.01628849518789]],[[1.340108370358679,48.695510812042635],[1.350712826168041,48.708130704506885]],[[1.350712826168041,48.708130704506885],[1.340108370358679,48.695510812042635]],[[1.3444569059572657,45.88465204988954],[1.416368334382175,45.884960997138855],[1.4816329710906702,45.8321510745593]],[[1.3470642674786044,45.699529749090566],[1.416461345591282,45.66993517202319],[1.4438873958672425,45.62867605216818]],[[1.350712826168041,48.708130704506885],[1.359980262598335,48.72316607742194]],[[1.359980262598335,48.72316607742194],[1.350712826168041,48.708130704506885]],[[1.359980262598335,48.72316607742194],[1.364366057789852,48.728508978175206]],[[1.364366057789852,48.728508978175206],[1.359980262598335,48.72316607742194]],[[1.364366057789852,48.728508978175206],[1.368428408895898,48.730553705391465],[1.37047358919412,48.730998095422976],[1.364366057789852,48.728508978175206]],[[2.075611243442867,48.79876530265083],[2.071906088071091,48.79881144596543],[2.063500176430756,48.79731444635073],[2.059236967441465,48.79791137044448],[2.047575403166913,48.80562794916596],[2.03167737505651,48.80899481469399],[1.996135964869878,48.8220830376602],[1.983244340572872,48.829885077357055],[1.955491642620582,48.83104531714678],[1.911541791093533,48.83456194817676],[1.895030144660957,48.83873813691573],[1.887162911295387,48.8379060274903],[1.881750681744568,48.834713788121526],[1.88001910395419,48.83097187137794],[1.879224220394832,48.81738593994213],[1.869032167155171,48.80707537538862],[1.862593849624868,48.80523127938621],[1.822545635863729,48.80228669506412],[1.749045808439379,48.81282109794302],[1.711097644621766,48.82503478847252],[1.6822968369943,48.83041960472096],[1.674182462035172,48.83054723251824],[1.652055244923496,48.822917733990955],[1.617611388157132,48.796649848806666],[1.590157579746927,48.79561587805872],[1.573218765743564,48.78821097125848],[1.503887233939414,48.765053274916546],[1.453578776804106,48.75328403313486],[1.447592863939882,48.75281901462607],[1.430692004352982,48.75563357704517],[1.4044983365406392,48.74923822654926],[1.3704831227685637,48.731060678024676]],[[1.3838936665447377,49.36988610580972],[1.376616013056629,49.36440766465392]],[[1.776988325026781,49.69727695652701],[1.769833700604081,49.713105605266605],[1.784331728338863,49.73701298494664],[1.753896808890471,49.75975288408391],[1.757636562042543,49.77526066298816],[1.718281104887661,49.84555851361897],[1.709211810208792,49.884907136588915],[1.672850018718745,49.916963964376244],[1.596267107785833,49.94533713118824],[1.570706723384005,49.97409195271071],[1.499547774809594,50.01614312419989],[1.3776051717547224,50.06313833304429]],[[1.601353412636751,49.302494876118],[1.508860583177385,49.31235655617747],[1.465993533251992,49.34360358889074],[1.3839176851247679,49.369890570153345]],[[1.38604110744848,43.52436641693211],[1.432128479768831,43.385257720286305],[1.560898982971739,43.24332706282996],[1.610358603164041,43.224417116466995],[1.613120692713825,43.13411550059465],[1.643763918388286,43.05096394380456],[1.607918408283927,43.01940052085359],[1.6068833014410315,42.969652026619116]],[[1.71086880468832,48.985678723643545],[1.698162526562081,48.990466639848265],[1.685405310017194,48.9892775705225],[1.66049871013707,48.982509791844755],[1.630174236615105,48.98438574761422],[1.623871925548283,48.98339057079929],[1.599505862142506,48.9657557412057],[1.541345302215714,48.943130813755616],[1.52151436624834,48.92680896233785],[1.516488276709568,48.917835123614],[1.508407236534774,48.91505998559461],[1.497180921443511,48.915930483656346],[1.48255560101172,48.92072060464032],[1.464573941001545,48.91889226250236],[1.448572128647061,48.92227033140833],[1.441086975307222,48.92747717226316],[1.417034405926875,48.96039985629936],[1.408804447355731,48.96453400625065],[1.4076468643218556,48.96472098483314],[1.3966721746326909,48.965180621236705]],[[1.6658743414702217,47.27905144522822],[1.505392457168337,47.295809949978384],[1.4173617474102345,47.27977635542261]],[[1.423286932428803,50.052536707013424],[1.432902585651448,50.05424776766841]],[[1.432902585651448,50.05424776766841],[1.423286932428803,50.052536707013424]],[[1.423286932428803,50.052536707013424],[1.4111028174050926,50.05606058616426],[1.423286932428803,50.052536707013424]],[[1.4843335742826003,46.24840616559513],[1.495045277518865,46.22598904155401],[1.421106283269617,46.16203872243273],[1.4287016014674097,46.11620979413665]],[[1.432902585651448,50.05424776766841],[1.439288096128511,50.051936849327326]],[[1.439288096128511,50.051936849327326],[1.432902585651448,50.05424776766841]],[[2.0489579092820582,47.41997096076166],[2.019228624832381,47.40047975763159],[1.956711907845023,47.38315816536582],[1.839208687034283,47.390851707692605],[1.793402365750435,47.368335993117235],[1.732863129881293,47.36374638094864],[1.73810644697241,47.34966736026668],[1.672857955322074,47.3140483748544],[1.6733897838200011,47.29175381500743],[1.556955190126206,47.16124429237816],[1.4340993710216392,47.1310490014372]],[[1.439288096128511,50.051936849327326],[1.452410180928654,50.04865680630579]],[[1.452410180928654,50.04865680630579],[1.439288096128511,50.051936849327326]],[[1.4438858005661521,45.628679304524915],[1.5472457473155727,45.562668129433064]],[[1.4821601240831588,48.449261603928996],[1.4460858908858105,48.440865092802916]],[[1.452410180928654,50.04865680630579],[1.45353662000768,50.0485113990179]],[[1.4533107845229156,43.61464736418301],[1.568994601873695,43.47981239719649],[1.837630536806862,43.33676972515902],[1.9545228079959,43.3115485080891],[2.063266096481416,43.25470372253099],[2.273727055329217,43.24496431356091],[2.3477825628411746,43.21798647480983]],[[1.45353662000768,50.0485113990179],[1.458263307235975,50.048386101387834]],[[1.458263307235975,50.048386101387834],[1.45353662000768,50.0485113990179]],[[1.458263307235975,50.048386101387834],[1.464332541922463,50.047437341058696]],[[1.464332541922463,50.047437341058696],[1.458263307235975,50.048386101387834]],[[1.464332541922463,50.047437341058696],[1.46654566020623,50.04775277392737]],[[1.46654566020623,50.04775277392737],[1.464332541922463,50.047437341058696]],[[1.5516445717781795,45.51091641491111],[1.570784292286277,45.49389691011775],[1.569209564618794,45.43693715525229],[1.530264836860743,45.41724961328743],[1.4646805050358427,45.27977101255297]],[[1.46654566020623,50.04775277392737],[1.483500238354181,50.05434627643714]],[[1.483500238354181,50.05434627643714],[1.46654566020623,50.04775277392737]],[[1.469251102391512,48.44657616462294],[1.552884726492556,48.40132764928263],[1.628670249426389,48.28218368556815],[1.6222109371119513,48.27526232571497]],[[1.491130045018028,48.46972230419321],[1.482247508570657,48.449332582409546]],[[1.483500238354181,50.05434627643714],[1.500415602203226,50.051951569566995]],[[1.500415602203226,50.051951569566995],[1.483500238354181,50.05434627643714]],[[1.694793012020757,48.51429809947149],[1.674961564043498,48.521588995944306],[1.65655672503051,48.5191050467636],[1.596691801738791,48.493400670712994],[1.5685879917881425,48.48555206719156],[1.483983980649187,48.45365244506577]],[[1.5387327057127496,46.666793831754795],[1.496124247398727,46.61497375884758],[1.541840320785812,46.545387409751655],[1.498964253698982,46.509945285075396],[1.53678838419901,46.49006356017313],[1.558283375330878,46.42681303918941],[1.537821370217753,46.33471009076759],[1.473887217712099,46.27991717240365],[1.4843336805841671,46.248406068054415]],[[1.7717215205076997,48.62596439414463],[1.751874692138653,48.624746993562155],[1.736024122014456,48.616575707948016],[1.72468780447471,48.61255312457609],[1.710667098403571,48.60990911641251],[1.704604970034984,48.609492725178974],[1.694213998180238,48.61193255055943],[1.688951010020343,48.611106437356774],[1.668083093866538,48.59548950690586],[1.662482529842252,48.59353128751479],[1.631474977876513,48.59677260146037],[1.605520963014344,48.595842115751836],[1.597742179369331,48.59348628729466],[1.592674257445189,48.5861776382118],[1.593794636085372,48.55039748963484],[1.585014892573436,48.53337130086925],[1.557454147943165,48.50987477642163],[1.5483807921884092,48.504379989706074],[1.534652291460754,48.4856528922216],[1.4911306035638356,48.46972255730992]],[[1.500415602203226,50.051951569566995],[1.503798331233351,50.052730619978945]],[[1.503798331233351,50.052730619978945],[1.500415602203226,50.051951569566995]],[[1.503798331233351,50.052730619978945],[1.50976016474998,50.05365170789495]],[[1.50976016474998,50.05365170789495],[1.503798331233351,50.052730619978945]],[[1.50976016474998,50.05365170789495],[1.516927397594034,50.056645292335624]],[[1.516927397594034,50.056645292335624],[1.50976016474998,50.05365170789495]],[[1.51499249446773,48.42579353217371],[1.5336337597564962,48.42642361830169]],[[1.516927397594034,50.056645292335624],[1.51927563156511,50.05711051102002]],[[1.51927563156511,50.05711051102002],[1.516927397594034,50.056645292335624]],[[1.51927563156511,50.05711051102002],[1.637317502259589,50.068593167293386]],[[1.637317502259589,50.068593167293386],[1.51927563156511,50.05711051102002]],[[1.5291563938108637,45.151791281036544],[1.518166322580907,45.09284532943636],[1.477767562539303,45.080908692556065],[1.459468548015286,45.0329110919102],[1.501594050828833,44.99886969602406],[1.454998647812465,44.929603716380555],[1.478590727994201,44.90489747077559],[1.401777249269032,44.86042342571638],[1.400220056296217,44.76549600048773],[1.329320688288548,44.62183845001895],[1.385216799355762,44.58372435027749],[1.38468639804032,44.50709183128616],[1.428120429031673,44.474834813970254],[1.458985710975085,44.37147048809991],[1.493755475205732,44.36981432005087],[1.511982815458189,44.336470730320436],[1.506407818074698,44.256137288050915],[1.557633576089251,44.22242807001223],[1.5327460838929305,44.160687534429265]],[[2.0939290755074484,47.19796789228964],[2.066106280359091,47.184168980183564],[2.045330659067486,47.135154144895516],[2.0419761619964,47.0247767754594],[1.980211291235232,46.9407918629296],[1.608455718449019,46.76483769111665],[1.538725511029774,46.666788900367955]],[[2.2834654113842365,49.893142251276686],[2.238567994278224,49.873958787887766],[2.210380547724449,49.835793270540975],[2.091790623656695,49.80436985660746],[2.050312969251636,49.768683655489994],[2.021111970745154,49.764857688086785],[1.972693909324807,49.78253200948966],[1.918413559928964,49.75312275409233],[1.830227417363467,49.73846416018528],[1.766279478404223,49.676735531142256],[1.713205538821216,49.6497367296297],[1.659183890495232,49.64183097594532],[1.641788724066023,49.62576365846062],[1.55419794998075,49.6392398226659],[1.5400146005264939,49.631968124964196]],[[1.7854192914308857,49.28490838460031],[1.781624293388024,49.28930857963307],[1.774291614431226,49.32144958717402],[1.774884506326327,49.33874893585922],[1.771541422877502,49.34687366967958],[1.768752369673147,49.35068981163731],[1.707079265938364,49.40458982233326],[1.754029414565234,49.45682902648413],[1.692284265726362,49.538003572619786],[1.680826255836264,49.575081673473285],[1.627363115392347,49.58300822678874],[1.544525374653262,49.6164175543661],[1.5419397946513218,49.63487888714216]],[[1.712558804345723,46.13211126013282],[1.662242682673421,46.08145300336458],[1.5455206186107109,46.093655806247256]],[[1.5532890212509987,45.787245527237424],[1.752500504960585,45.737721875101236],[1.8296863996439405,45.640376251547146]],[[1.57312406367154,45.07833775998147],[1.654885190182293,44.9877358856335],[1.6665003812389434,44.94572389269399]],[[1.7147627188658094,48.983748459211185],[1.708206169817189,48.98740221133553],[1.701572885032856,48.990083966613646],[1.690817412814725,48.993390382347364],[1.681568901124411,48.99440419328071],[1.638518519394482,48.99570255783656],[1.62680870197359,48.99865537886646],[1.614628687840234,49.008841607168094],[1.59180680880442,49.03670772472942],[1.586471430013997,49.03876542146994],[1.5805250646543338,49.03852633244943]],[[1.606884904877828,42.96964643636327],[1.643222256298728,42.91217630283047],[1.599982987404455,42.84949953140107]],[[1.611773378752521,49.30135820576122],[1.6013495899605465,49.30249409133989]],[[1.603836433864914,45.17410125652873],[1.655890886406867,45.181307580850856],[1.664847381273619,45.20544496619522],[1.755960724149259,45.25865558258487]],[[1.6577096663929447,50.63707177999198],[1.673333308124407,50.656598412265325],[1.60734069828281,50.69092095302004],[1.6133396420028994,50.719207802712916]],[[1.613339642002937,50.71920780271291],[1.599442575249417,50.738155480222254],[1.621588101299935,50.777035501239816],[1.759776927886011,50.81115478854467],[1.81102521758565,50.84289918305011],[1.778613835925913,50.866444151021625],[1.808838301036837,50.87694653116231],[1.8126218432784234,50.901376875869694]],[[1.6222140345977707,48.27526363171621],[1.61558317250068,48.268922603782904],[1.679978173216941,48.15703370651897],[1.700617732755578,48.08865643984607],[1.6999352353408625,48.049420702689524]],[[1.637317502259589,50.068593167293386],[1.647722715079335,50.0777669213113]],[[1.647722715079335,50.0777669213113],[1.637317502259589,50.068593167293386]],[[2.33553921256593,50.3795406797017],[2.268621932651689,50.44262379179538],[2.240035170634522,50.44985068882943],[2.059763397092196,50.378372486650704],[2.011566236307874,50.37600163551533],[1.8522573500299022,50.43771187404105],[1.637631259111848,50.51937124807757]],[[1.647722715079335,50.0777669213113],[1.668494761252398,50.087601030111784]],[[1.668494761252398,50.087601030111784],[1.647722715079335,50.0777669213113]],[[2.284640493284578,49.89287643819559],[2.072096230000879,49.976517568010415],[2.039156519673185,50.00845470513934],[1.912557598242102,50.035453328606344],[1.835280574778337,50.076950005170296],[1.809740255083562,50.12146593943075],[1.772266885724785,50.132173016118934],[1.712613065741069,50.1694118694424],[1.706144765259765,50.215746141759844],[1.664649553145536,50.29235152148088],[1.6513656068006421,50.404618039514034],[1.644094289630414,50.51476819342507],[1.612942081785513,50.55813939226344],[1.6576512541552217,50.636963669593115]],[[1.6601206682617793,44.878646538230186],[1.660591655660507,44.804530438803994],[1.7223251522510685,44.77346418611244]],[[1.664505955698747,44.943126619580035],[1.719704189231192,44.94965061795953],[1.791557695874847,44.918665158242554],[1.8648202483717151,44.93787365412118]],[[1.668494761252398,50.087601030111784],[1.677581731439261,50.08991326624528]],[[1.677581731439261,50.08991326624528],[1.668494761252398,50.087601030111784]],[[1.671710881410344,46.08892502593527],[1.707800092930218,46.020788628089555],[1.766350823990811,45.99750811953995],[1.7561184536466985,45.95692330126674]],[[1.8408133840836012,50.65895039746129],[1.746993399564709,50.63534611165649],[1.6718109683195468,50.65833420188105]],[[1.677581731439261,50.08991326624528],[1.681733396680043,50.09362507551205]],[[1.681733396680043,50.09362507551205],[1.677581731439261,50.08991326624528]],[[1.697959389810216,48.990455707999054],[1.690578755917649,48.98998314832476],[1.684354020649029,48.99380299460869],[1.6798776085224434,48.994421878578095]],[[1.680526459550894,43.77510403829591],[1.711562021294566,43.7757711487131],[1.788704919707415,43.70513744919231],[1.9300974673199518,43.68563410920541]],[[1.681733396680043,50.09362507551205],[1.693540040950146,50.10073510517613]],[[1.693540040950146,50.10073510517613],[1.681733396680043,50.09362507551205]],[[1.939104837972244,43.9293750713321],[1.6821380361488647,43.776363571405454]],[[1.6862831011275239,42.78642701104386],[1.8334711990620607,42.72476825964077]],[[1.693540040950146,50.10073510517613],[1.696856151457863,50.10526840034909]],[[1.696856151457863,50.10526840034909],[1.693540040950146,50.10073510517613]],[[1.696856151457863,50.10526840034909],[1.708802800481505,50.11278872902339]],[[1.708802800481505,50.11278872902339],[1.696856151457863,50.10526840034909]],[[1.6999404510608331,48.04940761146644],[1.72824548972207,48.020216430796715],[1.770483123278926,48.003163102194634],[1.826938258770253,47.939234387939024],[1.863015350492357,47.918529398543875],[1.893486556650734,47.91674383817686]],[[1.80391278603016,47.28857688861431],[1.728578775391788,47.29463381945593],[1.7008398757069538,47.287231833247226]],[[2.242710941738671,48.95478197445929],[2.23063935572231,48.95021243821568],[2.220618616292243,48.950954485822145],[2.204540506422653,48.96314263502503],[2.188389069364343,48.97117175877672],[2.177452079787142,48.98229197017106],[2.157758177087377,48.99228365963555],[2.115078301364954,48.99972266536101],[2.107022012196043,48.99913829000321],[2.082371884027716,48.99234916343964],[2.069205122449804,48.99173980618227],[2.064647100779289,48.9907841804391],[2.060820203522836,48.98837653595955],[2.055634625162905,48.97954845478715],[2.051922747575756,48.97638090229897],[2.043377393842813,48.971826370652096],[2.034807500064047,48.9700312117722],[2.013315982971751,48.972985020430215],[2.0049220646148,48.982117676545],[1.981082781420966,48.998930081770446],[1.969176532766806,49.005240241077416],[1.95017924294341,49.01010344597787],[1.902451514885867,49.0058632384491],[1.890995369947973,49.00104652480719],[1.866406862476252,48.99418393956662],[1.854379064716792,48.99171396401791],[1.841512764955928,48.991781827638256],[1.790733491251857,48.97937670462163],[1.778982794219328,48.979684655707146],[1.740960913893222,48.985019168841426],[1.721122774714126,48.98208540546358],[1.7041282252394867,48.98932912631718]],[[1.708802800481505,50.11278872902339],[1.713683829308897,50.11429483333306]],[[1.713683829308897,50.11429483333306],[1.708802800481505,50.11278872902339]],[[1.713683829308897,50.11429483333306],[1.71798174887132,50.11670440428977]],[[1.71798174887132,50.11670440428977],[1.713683829308897,50.11429483333306]],[[2.09197532817179,48.95526889916215],[2.088872394415862,48.95438646061275],[2.031363380329642,48.929036984793356],[2.020162306812601,48.92748631469285],[2.008026403929481,48.93049448527352],[2.000707822848181,48.93625757022217],[1.993287521657559,48.97054275209155],[1.988362788594287,48.97762479246422],[1.969217124481414,48.98860565465029],[1.941911554632289,48.99597301361564],[1.925227233146901,48.99591945479205],[1.832634930279313,48.96720582904176],[1.809341203018498,48.96330140397851],[1.770116911908947,48.963618144282385],[1.755979806772148,48.965327162997504],[1.741990785970896,48.97011617367961],[1.729117289908822,48.97818831369093],[1.714725719855579,48.98376322157555]],[[1.71798174887132,50.11670440428977],[1.725086102950271,50.11911891705332]],[[1.725086102950271,50.11911891705332],[1.71798174887132,50.11670440428977]],[[1.725086102950271,50.11911891705332],[1.73503792698916,50.13071583757152]],[[1.73503792698916,50.13071583757152],[1.725086102950271,50.11911891705332]],[[1.73503792698916,50.13071583757152],[1.743996409447572,50.1356879235879]],[[1.743996409447572,50.1356879235879],[1.73503792698916,50.13071583757152]],[[1.760998351688267,47.294886343850536],[1.739148126628501,47.35561589229147]],[[1.743996409447572,50.1356879235879],[1.748661148671995,50.135113642210136]],[[1.748661148671995,50.135113642210136],[1.743996409447572,50.1356879235879]],[[1.748661148671995,50.135113642210136],[1.779792372621415,50.122136221751454]],[[1.779792372621415,50.122136221751454],[1.748661148671995,50.135113642210136]],[[1.758557069680653,48.45837480517197],[1.765467469148297,48.460286201495656],[1.776776825319396,48.45685699719138],[1.782093224433947,48.44938015724535],[1.779565720360803,48.44515563531928]],[[1.7618699805242874,45.255133800992866],[1.832893364522403,45.31471330924262],[1.9787989262699976,45.3540525816054]],[[1.7684887088116727,48.432455265429006],[1.7751798697124355,48.44034853763441]],[[1.9674943190212821,48.76128657184825],[1.940051216596626,48.75439567370358],[1.931812228180663,48.75064355063838],[1.862150625810837,48.70119652387822],[1.857302593013185,48.695190507127336],[1.842555547835701,48.65243134396217],[1.83798584376356,48.647588949079754],[1.813532754585782,48.6333638134946],[1.783410541605256,48.62649467522126],[1.7717389867364486,48.625964902776374]],[[1.94026590824488,49.65932692950807],[1.831932033155828,49.654344421456],[1.772470182709911,49.67468114040536],[1.7735882103581013,49.68450562877308]],[[1.774495414405902,49.68552581879315],[1.786913161554112,49.69254564256921],[1.7770461743650967,49.697256722824996]],[[1.9403915983718742,46.13576475688936],[1.87569565568582,46.17503913055611],[1.797190105491525,46.178791367507934],[1.778200175139354,46.15969551312992]],[[1.779792372621415,50.122136221751454],[1.794964263425123,50.11578751680954]],[[1.794964263425123,50.11578751680954],[1.779792372621415,50.122136221751454]],[[2.0250537882694686,49.075797056293524],[2.00396120749354,49.08038910727689],[1.975205171705456,49.09286349531082],[1.964618510406802,49.1111411991834],[1.951227550741712,49.11988366145031],[1.94646121685498,49.1297106655409],[1.939520321707895,49.13751449580783],[1.938867303475778,49.147652747572074],[1.940131323414774,49.1524311147658],[1.936675916392611,49.15768548070719],[1.935927317550778,49.16809818559822],[1.929831276713535,49.17967394299074],[1.920330264429128,49.187645606963066],[1.91861967697727,49.19453455719125],[1.920675454228056,49.206516420759954],[1.907429268971223,49.21653206647156],[1.900939374654058,49.231074330423965],[1.900099497225032,49.2411930960635],[1.892290490630761,49.24682343349479],[1.89086511366454,49.25323005540686],[1.885732649526557,49.25908140275807],[1.880970667847016,49.2607938737156],[1.853156932736747,49.26286179046383],[1.849997292911672,49.26498551952279],[1.848252773809703,49.2705704233438],[1.845726126491518,49.27288372653575],[1.828937251711901,49.27566046778441],[1.814475495246065,49.28425961943212],[1.807183862677471,49.284479956883736],[1.793703044548181,49.28087320233726],[1.7854207426974278,49.2849072032443]],[[1.794964263425123,50.11578751680954],[1.820151600734958,50.10558289223415],[1.821026232536682,50.10514547839154],[1.794964263425123,50.11578751680954]],[[1.9513391082823734,47.25150049540222],[1.8038943439154314,47.288580474363165]],[[1.924758748283902,48.83347660778299],[1.898329362193145,48.83930483226598],[1.890049375908643,48.84823858139359],[1.878536462534,48.8548282473939],[1.874218504435167,48.86497412958967],[1.87656190754215,48.87411585622706],[1.871729204610778,48.89338081573851],[1.865267741219573,48.90372218695765],[1.853955799001548,48.91237214898349],[1.846623619401404,48.9292919998125],[1.835470620655621,48.94729570677391],[1.831902048539616,48.958099753452636],[1.824940588511395,48.96315126999136],[1.8112698564525835,48.96343787037104]],[[1.833444284945047,42.72478694105912],[1.846656585571731,42.71187568938238],[1.823899724678551,42.68616613128322],[1.837526823651979,42.65973650327631],[1.8151875902909334,42.60508643210675]],[[1.824542087804463,42.54094498565951],[1.82371209141825,42.515033622188895],[1.9145847710669521,42.4467197968862]],[[1.82714801368705,48.9645090302627],[1.828515709558938,48.96585788178645],[1.8308493027001689,48.96675661992151],[1.82714801368705,48.9645090302627]],[[1.82714801368705,48.9645090302627],[1.827345165239288,48.962627836041825],[1.828958840046404,48.961167847468516],[1.82714801368705,48.9645090302627]],[[2.889407083417853,50.64880114403689],[2.268400339423477,50.83995579515719],[2.117393481339816,50.845441310081604],[1.966084583435603,50.819200791790706],[1.828705927961771,50.87079985707219]],[[1.8297166177074173,45.640357965000156],[1.9811643293002823,45.584684664358626]],[[2.125749107608373,50.97863471591724],[1.8576112168001742,50.93524597657861]],[[2.363358848640029,50.732287239318964],[2.25886218300325,50.757348453952076],[2.196402047532712,50.84176317823058],[2.158487175765483,50.861800550133005],[1.983433838906341,50.888396743112686],[1.8576462011807104,50.935171806611294]],[[1.8701616966816552,48.211390432948484],[1.939191540434402,48.192003063552825]],[[2.093572400559463,48.39965719967793],[2.083365422089802,48.39030128224777],[2.063236757716814,48.37758472565037],[2.016933525771735,48.333298284781975],[1.988169862283665,48.285469421251],[1.9793286884130257,48.26852868869212],[1.878786020449724,48.06835986722363],[1.8877144020743273,47.968812985840906]],[[1.887714501954838,47.96881244228213],[1.906225543797034,47.926120276195604]],[[1.9696237364165625,44.14547617143564],[1.917035546595177,44.159189125991404],[1.877919243212254,44.141150941937525],[1.903260834720179,44.11526349551744],[1.8889254258556447,44.098906521115666]],[[1.8889275783464563,44.09888807670367],[1.908667942655862,44.05445119630882],[1.953305562711721,44.02629750104751],[1.933002967359414,43.98662741917709],[1.939058639009538,43.9293506035421]],[[1.895383368593894,44.64544278268054],[1.945598995638533,44.604775708620465],[2.035840321246622,44.60421036084313]],[[1.905296283598699,47.91335155370723],[1.8978423595174336,47.917348640131166]],[[1.901836419453969,47.93731102744469],[2.0033411418419833,47.94526083136203]],[[1.901858331759535,47.937049104011386],[1.92011503339634,47.95589535320934],[1.992770153616108,47.95688753724317],[2.038471759027876,47.97724807394639],[2.059390313096944,48.01176261754903],[2.060877893853347,48.07771344795627],[2.156616459832685,48.10130195573093],[2.221631490063657,48.15506140559732]],[[1.901917061720401,47.93682706147703],[1.905275976913901,47.91287325856336]],[[1.90266866534176,47.934601088144234],[1.904759701643998,47.908154192588]],[[2.1597352285209337,42.50617681154695],[2.036406756745371,42.4909778898591],[2.052373199130769,42.47166762555],[2.014432693245076,42.46373838635252],[2.02921760476289,42.4416473374225],[1.977788369371781,42.42000765176931],[1.944610715423077,42.435085154229675],[1.939275092144197,42.460034458400386],[1.9058586044500074,42.458143539093186]],[[1.911575763563063,47.91467023758032],[1.9241631688213803,47.88972007721895]],[[1.91638165288925,47.910040171133474],[1.9775694661873953,47.9098688864615]],[[1.9241610808263143,47.88972541394809],[1.94858763059618,47.833879591341514],[1.930462987336574,47.72999312836401],[1.938162644596293,47.7016792459509],[2.01731786581294,47.611080788494775],[2.029872585728654,47.55904286289794],[2.051017481669683,47.40421659831438],[2.041528751934231,47.27544168912022]],[[1.9300312968953421,43.68568459075701],[1.983651647730039,43.65235365440032],[2.029909400460959,43.65835366693946],[2.1428627371791302,43.59143785507468]],[[1.931702716322993,44.95116949562818],[1.990142124325516,44.97621762766423],[2.123986238444246,44.98554339818455],[2.232359868605314,44.952426620939804]],[[2.0899991034289345,49.42629237018373],[2.075968526618156,49.4261260287546],[2.061735700979954,49.4319557288782],[2.057459074105846,49.43965428440491],[2.052535892914046,49.44471729358801],[2.052798431305092,49.4490410720999],[2.048813153303457,49.46402974751962],[1.988898666526433,49.49798014941881],[1.998212543302358,49.53414182653103],[1.951782231213855,49.575000511608245],[1.959559337528259,49.60232064397968],[1.976422382845034,49.618235142372754],[1.9402688195916118,49.65932705138224]],[[1.941481583751115,43.93064543181017],[2.13252588163365,43.92047658733085]],[[1.952222181542387,43.311984356134026],[1.947711770052021,43.33762835903009],[1.891598382997262,43.378603671756885],[1.8931902628864,43.417980279814586],[2.003604986678776,43.467271751609275]],[[2.072733177096151,48.798613086735294],[2.063617509418648,48.796694144914085],[2.03281254619775,48.78205460092595],[1.99959782256253,48.77293775146882],[1.9675019793064208,48.76128847878155]],[[2.0455737346824847,44.37279442191724],[1.975939408891658,44.22133563784112],[1.969644668892274,44.14547587808361]],[[1.9776040132528578,47.909870928947605],[2.1293003936648356,47.87387890288362]],[[1.9787921363925518,45.354048690873505],[2.07621739975589,45.402461556716524],[2.094192729495145,45.466437928050276],[2.160773651441773,45.529299362416225]],[[2.0794938787847936,49.036491235419206],[2.069516106828502,49.04501132714071],[2.064197196396827,49.04686682735679],[2.01898885149187,49.05104756369815],[2.012688827396812,49.04891673329462],[2.006967268906961,49.043407041488045]],[[2.2409692814846895,48.586031879979636],[2.23338199530231,48.58614720919665],[2.217882437192813,48.58143696589977],[2.195629615857918,48.57901938096032],[2.18311120909626,48.57307971415549],[2.174728088159173,48.56632433742714],[2.159132514056263,48.55929359134009],[2.119907748977805,48.5498019242587],[2.109908031103996,48.54529913816397],[2.079005175399052,48.5399183571911],[2.065367537832697,48.53441833722769],[2.033175777560052,48.53106166389803],[2.0098572515757143,48.533572168185636]],[[2.2702519572068227,46.321251158016516],[2.239894994937968,46.26276939642863],[2.177266299317995,46.221305805201276],[2.173603822462628,46.18623265887657],[2.128985640409513,46.134018962718436],[2.0237980417890093,46.123035154932545]],[[2.07798841072664,49.05346264034362],[2.067634137350312,49.06021841426897],[2.040603931829192,49.06671860870613],[2.031486435024217,49.07381783416542],[2.029040068365399,49.07489167639005],[2.0250401620122207,49.07579988988384]],[[2.030919125261754,46.12383622100366],[2.139728000000159,46.03562500094255],[2.128069,46.01041000094258],[2.192291,45.91865200094255],[2.1694543931337043,45.88649835180591]],[[2.054672736049081,48.800195288075166],[2.057618386302264,48.79672100143586],[2.056337812238887,48.7934309104173],[2.03396105051422,48.78256135148781]],[[2.037564387432239,44.60230091974924],[2.07494176796768,44.64011466088037],[2.160126376252807,44.6651065730247]],[[2.041529973122806,47.27545909065743],[2.0459190351394754,47.2422738170223]],[[2.047698693439634,47.424939367044686],[2.0489497669146997,47.42000427965194]],[[2.0525651396428026,45.544840959268086],[2.148632736470993,45.54467684192928],[2.160773651441809,45.529299362416154],[2.241483028827173,45.560037932289966],[2.350248002078252,45.558509146924884],[2.424286406824752,45.630495588606244]],[[2.209983705140161,48.84049030710186],[2.191706725175762,48.83969180289186],[2.180666779252323,48.836180315870045],[2.158217702033428,48.834064894601816],[2.142322079220744,48.839756105404405],[2.132639493974179,48.84669406536323],[2.13117315568276,48.849443956508345],[2.132278147092846,48.85489702319963],[2.130806554648688,48.859422417200875],[2.114484031147646,48.8646273526947],[2.109147980135379,48.870802368271846],[2.084664290029584,48.87228156868807],[2.076219108669188,48.86767965651603],[2.072677246999957,48.86388131060293],[2.066117066356982,48.862807530957696],[2.052545402799523,48.86623944241291],[2.051228046729483,48.868323747288564],[2.0536728052353186,48.87052833745635]],[[2.0621022913485696,48.84133238568793],[2.057758939017737,48.84393780179858],[2.047648047036884,48.85735457041226],[2.0512562700532,48.862580542662705],[2.050769490143655,48.86731855345654],[2.052021615779191,48.869556648756756],[2.055308257534243,48.87100526182985],[2.067616559937927,48.871516171888594],[2.079199563731529,48.88102276451428],[2.079090731853776,48.884624405758224],[2.069901801945012,48.893162566944994],[2.072675884879694,48.90050010273318],[2.072920630020726,48.90364475751079]],[[2.0772466155529745,44.57871811319804],[2.104695883415085,44.51989856324764],[2.066272139779771,44.42919947276848]],[[2.291894234724852,48.818208252649015],[2.286310937553102,48.8159313809776],[2.28177609202707,48.81487143743963],[2.25336295199925,48.812546436114275],[2.240758378412909,48.814831875744744],[2.224916359047859,48.820440106704645],[2.212333683787561,48.820824682251825],[2.199739579576673,48.81691967382324],[2.190357441135272,48.80580843990757],[2.183074607695156,48.80154533203071],[2.177007843283773,48.800591834606074],[2.167959437382449,48.80032094691598],[2.160178004314107,48.79803328739756],[2.151876351387621,48.79634769781962],[2.135675052583685,48.79544883990643],[2.126081755407672,48.79213699922037],[2.116029521628628,48.79297639636772],[2.105467742737456,48.79563423524135],[2.088183758810395,48.794725224167045],[2.072760702504782,48.79861402809065]],[[2.093893748321657,48.79507054177356],[2.090220919483046,48.79544850488214],[2.076758182034097,48.798609240831055],[2.0728011444016405,48.798615411171355]],[[2.0729180829459244,48.90358378375051],[2.071730395742398,48.91159427102821],[2.0493616680651,48.91927673607506],[2.047011621012645,48.92390133659916],[2.064411449470179,48.93582121401355],[2.069843268319152,48.94059657107335],[2.071857632152629,48.9468469434654],[2.073942017976995,48.94836181864818],[2.077744253565125,48.94970477894867]],[[2.073624960433825,49.00315402648098],[2.074945448150055,49.007090512327416],[2.078592409927111,49.0106165247163],[2.078823487126142,49.01224386988669],[2.07839422594382,49.0149436800791],[2.079203660197273,49.016605950607094],[2.088414140912795,49.02228877447441],[2.091235811954857,49.02705740073367],[2.090111094125442,49.03030452699703],[2.079281698148296,49.036640549210155]],[[2.0956427317039483,49.04671506691142],[2.088274595373997,49.048465171812],[2.077988410726609,49.05346264034362]],[[2.081686884826397,48.95880661499204],[2.083323638699932,48.95512630163571],[2.083275546456997,48.954055277742754],[2.079644250549533,48.95028072429026]],[[2.1019663824532624,48.79599170560065],[2.090277341017759,48.79551279726628],[2.077496365540664,48.80169578795204],[2.078448102439464,48.81438892605055],[2.0805111834966143,48.81880776733604]],[[2.083293621055403,48.95592020728755],[2.0820717514915303,48.95829129934599]],[[2.087570706721269,48.95540534419476],[2.085775865456414,48.955310082712636],[2.08407090150937,48.95460244728655],[2.0821708002103096,48.95188624758502]],[[2.082675782253177,48.957282496303606],[2.082447245485477,48.95757329506559]],[[2.085179640720136,48.95544515864114],[2.082675782253177,48.957282496303606]],[[2.082675782253177,48.957282496303606],[2.085179640720136,48.95544515864114]],[[2.084824205790868,48.95176321545378],[2.085243760636946,48.952578453406396],[2.085548648123646,48.953253541651286]],[[2.084824205790868,48.95176321545378],[2.0767934160659034,48.949056869528036],[2.083093162509539,48.95073613181907],[2.084824205790868,48.95176321545378]],[[2.085732197935242,48.954560719694115],[2.08547577553866,48.955048430491644],[2.085179640720136,48.95544515864114]],[[2.085548648123646,48.953253541651286],[2.085732197935242,48.954560719694115]],[[2.085732197935242,48.954560719694115],[2.085548648123646,48.953253541651286]],[[2.091032436805593,48.95561598706211],[2.0855486481236896,48.95325354165128]],[[2.086552216152782,48.993293904218184],[2.088783226725361,48.994671456705206],[2.088731353522691,48.99745681485707]],[[2.094861376911447,48.9958000338674],[2.091847711220237,48.99549831921494],[2.088882608422325,48.99744132935026],[2.085526469945928,49.0126047676601],[2.0883580609362657,49.01617586799002]],[[2.1314951719388042,49.419190078544815],[2.107308699433113,49.425104682125216],[2.0900135890973996,49.42629174375934]],[[2.144514732997101,48.945729095668845],[2.128415685748958,48.956098786938576],[2.120309338617508,48.95862426606472],[2.1106309425759,48.959306104074976],[2.0919742214073587,48.9552687512184]],[[2.1576484808397485,48.43607869658289],[2.152409857442119,48.43334518296717],[2.140629276006166,48.429159841578034],[2.136520144015358,48.42699296337758],[2.129428226007168,48.41705607640947],[2.125366795363882,48.41380647549253],[2.10172749070467,48.40550923133701],[2.093573717076132,48.39965843856513]],[[2.112828414020744,48.79366066160398],[2.109875262401442,48.795172309881124],[2.105326795714948,48.796154238779174],[2.09382662861494,48.7953211119992]],[[2.1979359673838412,49.0073334036097],[2.146759763932104,49.02164925141858],[2.134778825778014,49.028071147518745],[2.125187721457043,49.03694663196462],[2.121687900097265,49.0414669227035],[2.117081827468199,49.04435436444143],[2.112288245603711,49.045491312142026],[2.10414642032139,49.045347789360584],[2.0954311440621773,49.046756468828264]],[[2.097473009531691,47.21206151933176],[2.253762451819923,47.106154484716406],[2.394336696875051,47.094616786172196]],[[2.098372472928689,49.02517188263939],[2.105243501826087,49.0298343438124],[2.122377177655005,49.0336772412413],[2.124625595115355,49.03585957577715],[2.124399492912477,49.03796459123884]],[[2.137060348987408,48.79540355063084],[2.133021626733389,48.79451687698487],[2.127144806900488,48.79224405225734],[2.122722638797807,48.7920550144906],[2.114952611439024,48.79268319976031],[2.108033629847373,48.79565675714783],[2.102080062259233,48.79599980016755]],[[2.131796139028878,48.9541197512677],[2.122104229210874,48.9587206649367],[2.112222142828904,48.96035215520983],[2.103218413720371,48.95990068002938],[2.086594617216273,48.955509673217065],[2.0824411974551,48.95780087040903],[2.07825440625165,48.9649126925647],[2.077921011581011,48.981030791195685],[2.074281770589488,48.98967934582017],[2.073435305545889,48.99343472723362],[2.073235500263392,49.00075178146806],[2.073996516273926,49.005627127390746],[2.075079257257005,49.007606512421034],[2.07730090482585,49.00987997966328],[2.088915009158281,49.01654151147871],[2.099261752140219,49.0261480250094],[2.104776685835666,49.042525662726206],[2.1020962112703696,49.04551642873914]],[[2.108360790832461,49.04550654738047],[2.110681800193603,49.04616524094603],[2.118167144512211,49.049999293833345],[2.12194308924763,49.05414451498777]],[[2.294739232868424,50.74851574244319],[2.306091349556431,50.73682700903048],[2.287080633675074,50.71581770640446],[2.110580681415749,50.699780856251905]],[[2.123738167737172,49.03901081691484],[2.120288961224611,49.04911154242068],[2.123048386138179,49.05534222645712]],[[2.123060457885128,49.055351432479505],[2.140529228007727,49.068798766767486],[2.167430447866271,49.068750025709946],[2.186917710350551,49.073897962429875],[2.19449902230463,49.07742067077995],[2.207306543146578,49.10288268381821],[2.211842783660033,49.122808380526344],[2.220250116883868,49.12825303022154],[2.292371847136469,49.15258872296361],[2.346821367882574,49.15659554516963],[2.35617038082563,49.15925039146577],[2.359400260808272,49.16204492744011],[2.366457428970482,49.17374448637559],[2.365380145412411,49.19424868459625],[2.368007204956196,49.19985385191692],[2.373914198079443,49.202923540917375],[2.399100815221833,49.20688732628002],[2.424508022762969,49.21720334772645],[2.453195592506743,49.250418037384456],[2.467919962684835,49.26308100956715]],[[2.2755324535205363,50.99320775292502],[2.237831651205291,50.990233643265185],[2.190368248584637,50.95148456954329],[2.12564226253544,50.978637865673065]],[[2.1561427030090745,48.79736680217386],[2.145662925111137,48.796272745988446],[2.1290011539581983,48.8002642772811]],[[2.129301427160075,47.87387860704873],[2.169876893518821,47.862382740088776],[2.243438529493562,47.866511494457214],[2.369915066122948,47.82904116894942],[2.3987171914694367,47.81132550787001]],[[2.4362116639174887,49.25117464314383],[2.41434400436053,49.25280090071451],[2.396004570676163,49.26072825618074],[2.373160772176679,49.26193053910521],[2.36598063697588,49.263916194116504],[2.360450915298564,49.27035364813116],[2.361864194941008,49.28480038515231],[2.357986834269143,49.28803181253328],[2.346233134628048,49.29262190514775],[2.333351878351726,49.30451775867167],[2.326116103945143,49.32160631418885],[2.323223633875748,49.32452732146275],[2.253893701897703,49.34675464933232],[2.202676642687449,49.38013676863989],[2.172859001463535,49.39824796706233],[2.149196112962823,49.41372779854885],[2.143540226335935,49.41616783376698],[2.130185109311658,49.4195339955098]],[[2.337839511699735,48.97560796853337],[2.364334829054012,48.99034463895257],[2.368017704553746,48.99431118183869],[2.368817270479305,48.99977927500101],[2.363082379767356,49.013567792823686],[2.364629948738866,49.02036382353969],[2.362622740790175,49.02299288438808],[2.349089132485676,49.03021923298571],[2.329624812524292,49.03449485826038],[2.326326498061587,49.03663677351283],[2.320753382373342,49.05112094667651],[2.320496371978791,49.06304131992786],[2.322244924465192,49.065892264782256],[2.33009559490795,49.07027507512613],[2.332072806806993,49.075504953550414],[2.324615260434418,49.080597290276934],[2.323963049218714,49.087573773371226],[2.31816340683057,49.0910520282136],[2.314429058068998,49.09557246194828],[2.307758743703747,49.09773757648368],[2.303393562283368,49.10152128851668],[2.288614519411906,49.10679338346021],[2.287369754916218,49.110070725643645],[2.289526146528137,49.12129499195153],[2.285502796677986,49.12976769994344],[2.273008036190844,49.13573424365379],[2.267715979639984,49.14147129717616],[2.269332053890651,49.14475030134741],[2.280505685206449,49.148490391138424],[2.283944229955963,49.15015318570748],[2.284082625062273,49.15424761748927],[2.25832907713286,49.16114215953663],[2.24742210688436,49.1608650032786],[2.237582280147671,49.164739709409645],[2.204898514039671,49.1969056900651],[2.181994038619444,49.211038009104676],[2.17389199277559,49.212542050448164],[2.150550883266484,49.212320271729595],[2.142045437631388,49.214673073985765],[2.137200807494927,49.2191126734643],[2.130518797544688,49.23768174862206],[2.131083755243405,49.25888306304411],[2.139037818183775,49.26550862167612],[2.141989825048482,49.27122680658927],[2.142316832275715,49.276616227006656],[2.138928428874711,49.28129223955923],[2.137871078879238,49.286411052772415],[2.128533540027639,49.2985265784167],[2.130743409025862,49.30423110107847],[2.131622049908072,49.31978662546147],[2.134826652156639,49.32662907031601],[2.118695290998151,49.34054499280418],[2.113972591704408,49.354249576837105],[2.117824026586466,49.36600609966388],[2.128976316618638,49.37328305697298],[2.128024113578466,49.381795834409715],[2.134424808838095,49.39796774861122],[2.13550935938241,49.41441947838139],[2.135304576210247,49.41695589474969],[2.133035330457832,49.41873030179122],[2.1313486486542876,49.41922854473784]],[[2.150917376023348,48.806612730431894],[2.145210455719091,48.80881203499981],[2.135495058863262,48.80961784527822]],[[2.1666554600043333,48.76469681504737],[2.157058619200272,48.76533813400825],[2.147795941263444,48.768262475100705],[2.147076727564124,48.771943722288285],[2.155891627979702,48.78165314353013],[2.151667208545821,48.78674191445181],[2.152172775947499,48.7920645781896],[2.150532645566442,48.79421912854624],[2.146495750741703,48.79572736878355],[2.1393586678899443,48.79559528189369]],[[2.141022843315463,43.938625922946606],[2.177774058701328,43.972954697141084],[2.1522420999273066,44.04851753256991]],[[2.1567779570368644,48.937763292854065],[2.144459151161044,48.94576554985584]],[[2.156512864231665,48.43555264164755],[2.146582035818484,48.43183341349926],[2.144957568505328,48.43056809985154],[2.1458391706433013,48.423894482486524]],[[2.200704923421993,48.826992572102355],[2.198730202391104,48.82110016933927],[2.191386432037852,48.816177878217815],[2.185300846579305,48.809082997804246],[2.181761680827752,48.806905055077486],[2.176605280807906,48.80564020203702],[2.159165902148663,48.8053303486103],[2.150922128268819,48.806611020320545]],[[2.253939288638686,48.71491570388431],[2.247396006002754,48.697347945732],[2.239000896958643,48.68857026033555],[2.196827066633929,48.66807680189023],[2.178026642045954,48.6535352809103],[2.153559807797451,48.63931879288262]],[[2.1844528292606404,48.79954616564906],[2.178731393114905,48.80074316356765],[2.169313713341843,48.80062966586534],[2.156071085168058,48.79735125496289]],[[2.156708807671676,48.93780747112761],[2.161957622391347,48.9337412562103],[2.164604783809946,48.93300252042697],[2.169356835306703,48.932726682494035],[2.222009833972165,48.94785998048142],[2.232617122527745,48.950259654495554]],[[2.2759020285122125,48.91028299872956],[2.271220971801847,48.9122696766915],[2.267716021297518,48.91316326158333],[2.257227121892926,48.913960514784684],[2.249033866081366,48.912600328763126],[2.229535515487358,48.90686041385602],[2.214873825981871,48.90722994629469],[2.207692837986263,48.90954868648843],[2.179260760813507,48.923566505812175],[2.1567922100120818,48.937754182236745]],[[2.18245757555556,48.807306903580574],[2.170776388091387,48.80438563747579],[2.163790985576816,48.79957829527266],[2.1571635847301405,48.79734453224308]],[[2.290562844709771,48.582702303230406],[2.290071801721696,48.578355027985424],[2.290252373738863,48.57305483411622],[2.293417273551817,48.539611654498394],[2.291979496001972,48.53481173216555],[2.284710455028932,48.529449681818484],[2.267559753114792,48.527547293850986],[2.25109912981143,48.51908559131504],[2.23428850474254,48.515551961835534],[2.221780928074661,48.51626145756811],[2.215183205347694,48.51402471541706],[2.193515570607302,48.492152906263684],[2.188606470154502,48.475315813383105],[2.169590081059078,48.457533168735],[2.167937371369887,48.452861640542245],[2.169261483808949,48.445649503600144],[2.167850302111459,48.44138522944783],[2.164228023802186,48.43872380771088],[2.157644202928869,48.43607671495774]],[[2.3112871485071045,42.561560166858825],[2.1597323830664403,42.506175020277674]],[[2.193012649657206,48.91667021958162],[2.179134444144413,48.92333655798247],[2.1661112542378,48.931925946986915]],[[2.2312798147448385,48.738196105693675],[2.229103378296011,48.74422555951181],[2.216170985782494,48.751030971178636],[2.185536014849065,48.76130961964516],[2.1666545084463906,48.764696908012574]],[[2.172090000866825,49.39890946859871],[2.1775751268875125,49.39556685395737]],[[2.1776973008374156,49.39549266370248],[2.181167251344938,49.394108769409705],[2.218819912931381,49.393098078110086],[2.223892071152246,49.39672075469187],[2.227818371069448,49.405931785704375],[2.236936539469191,49.41292585882859],[2.2436591579887897,49.415075802800686]],[[2.223087113076487,43.05647128645586],[2.25327,43.037319000941096],[2.263427059325017,42.98071433604144],[2.251138651329311,42.94399967945805],[2.187650812519861,42.90668977404597],[2.1817436430713775,42.87361515302945]],[[2.263060222241436,48.8292044614773],[2.261008848644078,48.8209927628198],[2.248959922627388,48.81632592778316],[2.245720706477137,48.81175738266031],[2.238434630235599,48.80462454236384],[2.23483868465612,48.80267787585758],[2.191556153170136,48.79865639067583],[2.189012380182841,48.79863915747341],[2.1844517094709985,48.79954642471181]],[[2.213829742163403,48.90102234614132],[2.211295395796752,48.90029697916846],[2.208790112712349,48.900780621915175],[2.19772723679234,48.904803548778574],[2.195865196432452,48.907731155524104],[2.195675068441796,48.91425879742115],[2.192921813956574,48.916634142265295]],[[2.1942749762564207,44.07634352297661],[2.315309358311529,44.10039512146608]],[[2.199850939116867,44.706042873858],[2.245188171387694,44.744707432251246],[2.255626455474429,44.8174661934738],[2.233202265960929,44.8492227619167],[2.239282035021566,44.897695792473414],[2.256595384295476,44.91974334080149],[2.2928840133242483,44.917555693334066]],[[2.2599262241456723,48.90228510213094],[2.239118635075213,48.893984443533995],[2.235596919215916,48.88928678138631],[2.234318085791319,48.88407116728554],[2.221222886411033,48.87195910924675],[2.216590881248137,48.85968086169852],[2.217431337692745,48.84545329050943],[2.214325881359408,48.84221136994028],[2.203898338059263,48.83754902196433],[2.200698631055561,48.82695717930698]],[[2.2635175750831658,48.98959461331628],[2.262178968220824,48.993039499210255],[2.245553567070717,49.01325673561905],[2.218791599578893,49.02667423918935],[2.208770505957458,49.03687422434774],[2.198466717807003,49.04255769580392],[2.19589146078757,49.05032568215989],[2.190459638558859,49.054798334761585],[2.197052549580669,49.06892309197217],[2.207294463224077,49.08044543999149],[2.206604040167284,49.08300563056733],[2.201221176195728,49.086862760140264],[2.2009786598901018,49.08928376312952]],[[2.2536677992679803,48.913464300526414],[2.249064806825477,48.912501004761715],[2.2033999778937448,48.897740570172715]],[[2.219836677956331,48.90239989952328],[2.219499841741042,48.90400046918068],[2.2180664343331897,48.905701836016846]],[[2.2215558452598665,48.15499189562758],[2.247305529174701,48.17897474488031]],[[2.228729644649399,48.94994112261902],[2.2350761836100466,48.950802242996204]],[[2.229009704953836,43.597974049320534],[2.223133557287465,43.57707094334399],[2.259548236454343,43.53759244816628],[2.377036632586413,43.49650545753873]],[[2.236891721592882,48.95231069819455],[2.2292323379981367,48.94951015345653]],[[2.343913306817162,43.21774256638244],[2.302706968463118,43.172806418619594],[2.320399913148724,43.12548707451151],[2.2305953390219395,43.09421886772865]],[[2.347193871037576,48.67201380341982],[2.341814229789014,48.670415703600064],[2.338072415569652,48.671059743724705],[2.333654528235707,48.676205942502705],[2.319818062975092,48.68328770208193],[2.316252242609387,48.68847533773776],[2.315223006353536,48.69590677167717],[2.31127292923866,48.69935732202966],[2.29209150258138,48.702766486221876],[2.28127,48.70759000092118],[2.27519029990921,48.71452487157715],[2.272640543857224,48.728437628044496],[2.270687450097315,48.730684335721314],[2.268823381304482,48.731170307019944],[2.266237701093319,48.731040619138035],[2.255515514570399,48.72383620084943],[2.251139003450748,48.72344692932486],[2.248312162566943,48.72532095907084],[2.246402880582298,48.72949912680504],[2.235173504513135,48.732860677199135],[2.231299731487054,48.73804309957246]],[[2.2315746441598043,48.950028828973814],[2.245275900676379,48.95300315614144],[2.250451820410914,48.953257431269684],[2.253889234197257,48.95227689222532],[2.2582162894287774,48.94881182706363]],[[2.241065569393085,48.8950401253272],[2.237333401085858,48.894447463983205],[2.234073410934644,48.89587135806152]],[[2.234300985667191,48.90804490221472],[2.231577728653348,48.907082991113654],[2.222479128861121,48.9053414653638],[2.220228379672132,48.90339383408467],[2.219812947654059,48.9016591779088],[2.223556441667019,48.89763830320397],[2.231751183790159,48.89667657775642],[2.234136284558203,48.89583437498814],[2.235958255249592,48.894124506679724],[2.2360769548660433,48.89038540530096]],[[2.235850248066612,48.24186123677567],[2.2382617138243366,48.235248579789186]],[[2.2382619681424054,48.23524781745702],[2.242065771961416,48.2237664413854],[2.2526499800313657,48.19181913835572]],[[2.2409681029196187,48.1728969473947],[2.241386092839218,48.17327334520242]],[[2.301121757264117,48.60464699197989],[2.298155914264224,48.59861248658747],[2.294567255069564,48.59683156994419],[2.275410748048071,48.595275843354884],[2.251432578598572,48.586246351566416],[2.2409969110653924,48.586030180430384]],[[2.241386092839218,48.17327334520242],[2.242298740037643,48.174183211395125],[2.2431489620547835,48.17498892177468],[2.241386092839218,48.17327334520242]],[[2.272067401961927,48.91398509433128],[2.261770219678606,48.92126786357055],[2.259498833458664,48.92388198054625],[2.259237339791043,48.92734036200399],[2.262854560648686,48.93619665071573],[2.26289251161652,48.93903846653577],[2.255531205040592,48.949770312687285],[2.254403521319791,48.95332703074135],[2.248846643748584,48.95600799332999],[2.2427199600634595,48.95478552517243]],[[2.243381568740858,48.17520934530085],[2.243314438730891,48.1751457315853]],[[2.252650052188228,48.19181890169792],[2.2435470468354417,48.17536615477061]],[[2.243662768766162,49.41507598105026],[2.2563080207949433,49.41467300542629]],[[2.2524899355300407,46.992514419873956],[2.314041132602749,46.84069729835086],[2.589432651195166,46.64438368169206],[2.592870680843063,46.59281437810846]],[[2.311108529435553,47.08760257102503],[2.318356477106233,47.065244757056576],[2.2527129663738807,46.99303533547175]],[[2.3130575345589905,48.88834527395477],[2.283387882322029,48.90566521525994],[2.280382379591174,48.90653681485401],[2.276031974646079,48.90686025741914],[2.267375819097514,48.905721761577425],[2.260891487384463,48.91248710872006],[2.257699999508942,48.913621652707626],[2.253656877603803,48.91346256370973]],[[2.2994460325917365,48.800983200135065],[2.293153861649451,48.79413284983257],[2.287072725759038,48.7823197782963],[2.284825924317176,48.757799280504116],[2.282316926893571,48.75164980155153],[2.271329815929341,48.73378492016374],[2.256541550591284,48.72174985116857],[2.2539861274089983,48.71506843976916]],[[2.256308020794966,49.414673005426295],[2.318164540818694,49.41142765571834]],[[2.261088164676251,48.91253665868693],[2.2578664705382026,48.91359001819787]],[[2.258244361996424,48.948796340998896],[2.267635571732457,48.9477254483192],[2.278627682243227,48.95089120657465],[2.29965961723467,48.9531343056089],[2.302326501430681,48.95431240863849],[2.30730477157951,48.957808792067596],[2.3199833544235,48.958993003442025],[2.326646673986471,48.95875536931435],[2.334103008045609,48.959625135611184],[2.355816764311202,48.96049353786934],[2.372093354134133,48.95985418414864],[2.380071265187995,48.95901507958844],[2.389219449462437,48.95529133123102],[2.399030868353771,48.95275316619521],[2.402659659819037,48.95097656200822],[2.41326073196104,48.94183559579038],[2.417690321297882,48.93404817298333],[2.421818994862652,48.93156422462891],[2.423736023725956,48.9296580726381],[2.4251857923969515,48.92486293856979]],[[2.280080068081245,48.980642059758516],[2.269633902229162,48.98094369278858],[2.258292977848587,48.984698945330635]],[[2.314062709774251,48.88752355748805],[2.288436381665413,48.902788011855314],[2.281174143940274,48.90628904377527],[2.273236986382349,48.90638471888314],[2.260379264160648,48.90243372069091]],[[2.2630754644601487,48.82922527165835],[2.27649215602407,48.845866830537794],[2.289183489955575,48.85490512815342],[2.295716492751452,48.86099161034327],[2.301544918456924,48.86260657092727],[2.31569094607636,48.86306165855688]],[[2.277816814987684,48.98055580209552],[2.266670841492308,48.98215094880257],[2.263522930596199,48.98957531704041]],[[2.402814982054257,48.7419137542634],[2.397616069583046,48.746093504208886],[2.392827899989456,48.75139434948089],[2.388095488215609,48.75297204735779],[2.383100701994858,48.752348899765124],[2.354552531848502,48.740872362508426],[2.341683468180596,48.73879324910017],[2.31189893623588,48.74789899874849],[2.302800147445013,48.743889018694865],[2.291805402523854,48.74077639645555],[2.285009309039491,48.73801700406062],[2.272895050992996,48.73461881473388],[2.268496045636744,48.73279954077234],[2.263624717780294,48.72981762229352]],[[2.287722858221196,48.73914200327366],[2.284324683389217,48.73762414777215],[2.271948609097596,48.73388003357443],[2.2670353580701206,48.730085927522104]],[[2.302814344311658,48.94345745504105],[2.299249586879518,48.9447268152799],[2.291520019253073,48.9407957693216],[2.270790739824927,48.93668668139658],[2.267865230950759,48.93791879207826],[2.268200187428128,48.94250227514301],[2.267039601493202,48.94337774143942]],[[2.502221602843811,46.36422211929053],[2.3991474892081,46.365874364214086],[2.2702717001288244,46.321292995075545]],[[2.3226128578906637,48.88005160016991],[2.316365982371187,48.8864970676165],[2.279549998553411,48.90818647325976],[2.261344485999458,48.92146929101554],[2.259289346036326,48.92380568342063],[2.259050158232732,48.927470299189466],[2.262299607588872,48.93504711318454],[2.263009723985844,48.93728681189739],[2.262951405171625,48.93882534220209],[2.261681130919403,48.94171799279115],[2.25563073601794,48.949844546071525],[2.255094207104185,48.95264723660215],[2.263835929293285,48.96695547406878],[2.263566640993018,48.97748472455108],[2.270951920804025,48.9804785779012]],[[2.292392390142005,48.90086800485012],[2.279563719571299,48.9084857455239],[2.2720074750186745,48.91403354443998]],[[2.279845087838812,48.97935184689811],[2.2751969236583176,48.980561058345344]],[[2.365243299142936,51.03374475230962],[2.373321125127058,51.012558770499844],[2.2755049152184963,50.993206435298376]],[[2.2921289328790557,48.90089716738899],[2.2758541922708955,48.91030522624054]],[[2.278658267539809,44.5221944210302],[2.4009457292954886,44.46637507830962]],[[2.285155912656667,48.96387886943128],[2.278582927525945,48.967823294787294],[2.282421820930071,48.97583498196867],[2.281737183666128,48.977764069739024],[2.279791215595374,48.979382829476556]],[[2.3446877227353,48.9384030227926],[2.342599745643112,48.94286119352688],[2.336545718888378,48.94769698225835],[2.328498573117033,48.95799380576254],[2.304670395430859,48.97446476378543],[2.292694874657211,48.97952952669471],[2.285811231101778,48.980520217539905],[2.280039674283126,48.9806413883919]],[[2.282909632249529,49.89327690069249],[2.26437129866541,49.911707830830466],[2.291293219533684,49.93573849887631],[2.287801271387461,49.95816981169178]],[[2.286382323385419,49.89216498350613],[2.2834697264394146,49.893141067334284]],[[2.310106901176705,49.88991682652906],[2.284645904236155,49.89287433718768]],[[2.31901055347398,48.912056296801154],[2.301692309320504,48.945912841176764],[2.302368560031079,48.95386652465728],[2.301759320611732,48.95618877952779],[2.29731422961172,48.95993177478996],[2.285136112855763,48.96388554114219]],[[2.287661980067224,48.853826085975015],[2.282961080521686,48.85230039859916],[2.27568344336467,48.85587919111624],[2.272181968161951,48.8637401392109],[2.272917474916956,48.867251170223085],[2.277879251586561,48.874232689404074],[2.303088334912874,48.88929472234776],[2.311504501869641,48.8932838723526],[2.323314690164371,48.896334912085514],[2.322491534030209,48.905348593860296],[2.3190105534739804,48.91205629680115]],[[2.304730661877485,48.611494824432945],[2.292295899370317,48.58803537625188],[2.2905618144801725,48.58269747281121]],[[2.305495384354138,48.82889299000732],[2.294889025550807,48.820036596346824],[2.291886117074729,48.818203651502905]],[[2.3083565613857346,48.891450917809856],[2.29218571527405,48.9008649993319]],[[2.32211167244059,48.88112999729324],[2.317275056882872,48.88596092224248],[2.312193742657977,48.88965945833156],[2.292417254157132,48.900853195970626]],[[2.295624370985933,48.88403403990616],[2.3008724538595016,48.88651110733703]],[[2.311603293307558,48.83393278431504],[2.297454342968996,48.82270865961904],[2.296000088623964,48.82129996499381],[2.29524914024689,48.81981357109444],[2.295441730285112,48.816768932648564],[2.300749656722478,48.81164616855141],[2.302669115227034,48.8078970435356],[2.301630486254373,48.803894716210095],[2.296290154110847,48.79752109850101]],[[2.299217266496857,48.9531345301626],[2.301778686934469,48.954182402594284],[2.3050019009911566,48.95674711856761]],[[2.300077173573335,48.81205564541451],[2.302319050334983,48.80959533654061],[2.302899566365971,48.80742125719704],[2.302136500370383,48.80442377220785],[2.299455612743444,48.80099450702881]],[[2.305149895666119,48.82826837689903],[2.294993032926892,48.81967510274551],[2.294794579998347,48.8182276168343],[2.295433100753094,48.81644475339846],[2.3000458296305486,48.8120847863197]],[[2.382955491591163,49.62831919320099],[2.301057477565303,49.62792403662045]],[[2.306383663068587,48.638570409785025],[2.308794087573804,48.62052167557481],[2.304727674096579,48.61148940645094]],[[2.304982504161645,48.95673489373864],[2.307178648514477,48.957858862743954],[2.31786636423194,48.95889317738205],[2.326611212290932,48.95882364008861],[2.333103888687063,48.95961849300538],[2.353949619442272,48.960552535760655],[2.373029868920298,48.95990833290652],[2.381251746653389,48.95885424572958],[2.388020887911195,48.95587320955519],[2.398341203240649,48.95307323819398],[2.402249322108054,48.951343987720286],[2.413672056225789,48.94163102356386],[2.4187734368928586,48.93330533717682]],[[2.311268980568097,48.8334862463881],[2.305232203281499,48.8283351065311]],[[2.311754706118632,48.833920484110635],[2.305649285084241,48.82901696491281]],[[2.379741596028338,48.82724865858983],[2.399218798326681,48.80583200844135],[2.4056739128037,48.79489320020436],[2.40935946834108,48.78350283071239],[2.410989891213719,48.766456045472374],[2.411839675900504,48.76310937003692],[2.426255275851152,48.740264461869636],[2.426286029945014,48.73228356153488],[2.414420957007873,48.71960613620345],[2.403057100841386,48.71233015867918],[2.381272624522492,48.68887913661979],[2.355639986649631,48.67859511446479],[2.348720240581736,48.67273138452056],[2.344948578621721,48.67091298988562],[2.331299721810812,48.66919007274181],[2.323956692156222,48.665600234702325],[2.318346608122968,48.65667364653076],[2.30665831587486,48.64778680523208],[2.306383608426047,48.638570784298686]],[[2.321929124405312,48.881120711517454],[2.316565041973155,48.88645061435312],[2.3083944102610405,48.891428816303026]],[[2.309164582496371,48.89178443349525],[2.313776105123774,48.89219247178782],[2.3186807614284852,48.89505493925039]],[[2.352178871685734,49.86378677178071],[2.32692825067585,49.88749232974148],[2.3103800268612704,49.88991281139076]],[[2.311963978120568,48.83408628350256],[2.311625538518386,48.83379408866265]],[[2.313159858286078,48.83506483159406],[2.3116308680027777,48.83395460933231]],[[2.319820501309337,48.8406428434467],[2.312021550273959,48.834131895790826]],[[2.3225222641990655,48.87998019680735],[2.317052184888342,48.8858445679827],[2.3129414695117614,48.888411557285366]],[[2.322443073029784,48.87966128277398],[2.3140822425990906,48.887514512658754]],[[2.3469627549446055,48.853002250369464],[2.3170086728294317,48.86333734403929]],[[2.3285499390173032,48.85993118576402],[2.3170086728294317,48.86333734403929]],[[2.3273508001849645,48.860285162226894],[2.3170086728294317,48.86333734403929]],[[2.317799116691647,49.889432094832856],[2.34538060331778,49.878341846297275],[2.3799842902717634,49.88137838459747]],[[2.375364034461177,48.89700285283192],[2.363410607009957,48.89756161999768],[2.3608591282088,48.898156086461434],[2.346865388208633,48.89785622545016],[2.3186807614284852,48.89505493925043]],[[2.3536247608481,48.90982364344132],[2.352962958474448,48.91062478352934],[2.351177824913585,48.911091591429305],[2.347658602870275,48.91103914331907],[2.326228667591045,48.906127022826226],[2.319010553473981,48.912056296801154]],[[2.325697802134842,48.876848759829436],[2.3219544357259148,48.88109234856672]],[[2.326303315470247,48.87693884096727],[2.3221231493386254,48.88111831721866]],[[2.324000851527923,48.87644996081654],[2.322445807128834,48.879655186475006]],[[2.324559028871738,48.87652569940356],[2.322505950995585,48.88000260243759]],[[2.325152694690715,48.876646819896024],[2.322618560770343,48.880042995080146]],[[2.327103862719459,48.95906011192873],[2.323885313950419,48.96136645723075],[2.323405638991171,48.963068911921454],[2.323993091553457,48.964874030566016],[2.329643630788986,48.96788919591868],[2.337752641429357,48.975559507284025]],[[2.327735885800157,49.068467078561945],[2.352827788653562,49.080999458992885],[2.356717035129786,49.08675638775173],[2.358344940074756,49.0938829962747],[2.364554750579443,49.103241744280666],[2.363160406699487,49.11242109546044],[2.37033785190222,49.117901396337125],[2.381327357900346,49.11873213882271],[2.38979708277794,49.1173454915613],[2.400714670490761,49.11907558010863],[2.4144672697591,49.115623063682904],[2.422369552109821,49.11803172021928]],[[2.355900578332043,48.87785127367677],[2.352735790925406,48.876604842783294],[2.340161103139015,48.875001381157446],[2.328685418503465,48.8750063819191]],[[2.586944352574031,50.53037350568219],[2.4179422002856765,50.469426500923866],[2.411351256417301,50.427462223520074],[2.396924363040335,50.41120426092893],[2.355329442823168,50.377718696104864],[2.3306681688029807,50.38063616264958]],[[2.344570187994558,48.94284246064187],[2.345747699292185,48.94502154491718],[2.347983528747068,48.94702508857139],[2.404509620354665,48.9864816660901],[2.491890346888804,49.041956594254685],[2.519452877877222,49.06233021199003],[2.522101420904862,49.06578692270688],[2.526556855800107,49.10969299212924],[2.525564979022066,49.11287721991966],[2.522975313779098,49.11593634308663],[2.492379121521024,49.13624488626609],[2.471230623958975,49.15741883122326],[2.460003389593259,49.184439308961664],[2.456157033783819,49.20854766538539],[2.44439541805684,49.22887367596993]],[[2.3570807860057577,48.889499007715514],[2.354830662345781,48.89603449756532],[2.353208176680443,48.907053547123745],[2.351417111494842,48.9118928587728],[2.344687722735284,48.93840302279259],[2.34457071104161,48.94284407421143]],[[2.34463624725526,48.93902978222511],[2.344233024281686,48.942364625246704],[2.34548160561469,48.94504226998243],[2.347507303884521,48.94697463396016],[2.3506752817164895,48.94875942181112]],[[2.3853661454773003,50.36699521514974],[2.347474900995673,50.37733352596288]],[[2.347751718559457,43.21798479844036],[2.483562817387224,43.18624996553514],[2.646851718014524,43.18614422693515]],[[2.348088310416899,48.85979474564247],[2.350062742641732,48.85733197696729],[2.359118935120201,48.854113085987045],[2.3739980023980745,48.84414217419564]],[[2.351417111494813,48.911892858772845],[2.352357684922183,48.913331176360586],[2.357480428997557,48.915355146715235]],[[2.352035095140148,48.48477633137457],[2.350882106221187,48.48104446959406],[2.353494157446706,48.47306855308985],[2.352324588452242,48.46040738966013],[2.35511089061192,48.45693110032556],[2.364932362898598,48.450678172468734],[2.362526126076708,48.44130744882066],[2.365129548039604,48.438996839732404],[2.373858175889929,48.43662179192442],[2.3783440224811,48.433180871770915],[2.399507458483117,48.40452013647122],[2.399206421921638,48.40050553832254],[2.390393403478912,48.38954518561561],[2.391415719398752,48.37853811513203],[2.386137369915885,48.36697691129585],[2.379772122694261,48.36056575438222],[2.381792104529743,48.35041315617187],[2.377162224760192,48.337356998664404],[2.371918922114005,48.32860518164041],[2.371688167878466,48.32074123358918],[2.374337170054995,48.31664642425373],[2.384553580323739,48.31022869111657],[2.388423153283769,48.30265094256588],[2.397392175944775,48.29773178550074],[2.4009224317619626,48.29359139745142]],[[2.47377221219221,48.61406146921699],[2.465380613268773,48.60679295084882],[2.463715817946769,48.60335085411176],[2.473501552066157,48.587779485429415],[2.473040344672891,48.583854639845285],[2.469988310077785,48.5769948773557],[2.468781872949283,48.57537055708362],[2.459640715195942,48.57230719358833],[2.448590309093832,48.57484898612709],[2.439925177521786,48.574185787896816],[2.41652974586189,48.564720134024995],[2.397620816847801,48.551651739019206],[2.387696845044228,48.55004139315103],[2.382028963120149,48.54729287105022],[2.37647710465406,48.54252735109037],[2.373647027253253,48.535105631195805],[2.365163059763908,48.524686166143844],[2.370093608457363,48.51024073344685],[2.367217205469966,48.499944470039985],[2.352036588331388,48.484778389181436]],[[2.380767964395945,49.857933149604506],[2.352171259202551,49.863790746707856]],[[2.356160022263052,48.88164194151168],[2.352359876130041,48.876975903186796]],[[2.4107272856033957,48.73933932814953],[2.407126754599528,48.73979886669725],[2.4005214227693,48.74387921899683],[2.393087823014904,48.7513619084613],[2.389933746445408,48.752791779714464],[2.386974922209137,48.75319424391949],[2.382888425475814,48.7524726761454],[2.352935319008347,48.74068263227672]],[[2.353669433876429,48.90497918859156],[2.353626322020582,48.91021108344678],[2.353220402267896,48.911235851926556],[2.353874336362109,48.91289976540646],[2.3626643711475315,48.91807945859392]],[[2.353703696157282,48.90489214977974],[2.355644363373761,48.90105396915495],[2.362645814929007,48.89748542951778],[2.366138666621596,48.89711129888412],[2.375556315165377,48.89740571818881]],[[2.355900578332123,48.877851273676825],[2.3660811841645533,48.88955308053904]],[[2.356160022263501,48.88164194151168],[2.357082113169804,48.889494626062316]],[[2.356953908851369,48.88991789079676],[2.355589320359353,48.89324826511495],[2.354894169334552,48.89665715733264],[2.355409934444055,48.89744746412246],[2.3576573225939708,48.898140632411256]],[[2.361980450272651,49.86219657716921],[2.357010088270509,49.86254930059412]],[[2.358926107719517,48.87737087323318],[2.3631324773266784,48.88467067866724]],[[2.4754510495545694,49.77709469115793],[2.422854772909171,49.830696900102424],[2.3619704310246576,49.862197042673785]],[[2.3626655147193767,48.918080129898286],[2.38407873096485,48.92385560553092],[2.436652937603248,48.932463430745116],[2.4938784127260916,48.932208900759804]],[[2.363164755374661,48.88472441846553],[2.369588051716682,48.89427491675028],[2.372699263785348,48.8960742394197],[2.377920634666028,48.897431075069186],[2.430344163934539,48.8989671654422],[2.440778833426653,48.89642427661585],[2.461535929391189,48.896594080391864],[2.468395133486274,48.895195410351896],[2.471852383187777,48.89302239789787],[2.48537724671072,48.877809050203396],[2.485533512200667,48.86487676738949],[2.49480614639587,48.835540618599964],[2.499057052337963,48.82909429479306],[2.506898041125992,48.8253589115429],[2.533643605868344,48.82273034022821],[2.542638871571362,48.823125208596934]],[[2.5408280011519833,50.72527339224113],[2.363393963964561,50.732285994174106]],[[2.363723791821806,49.881279642181006],[2.391182548649495,49.883880302108736]],[[2.36703763987187,48.840495214599216],[2.37276529536341,48.833910230407334],[2.378714942711602,48.8286900167778],[2.379744680278877,48.8272444775882]],[[2.3813325939498386,48.89769249696293],[2.378035510373588,48.89774349715601],[2.376476431133417,48.89751031856915],[2.375556315165328,48.89740571818881],[2.373521695851686,48.897174392507]],[[2.3745394594720524,42.81046391065351],[2.545749,42.813869000940535],[2.662577426138416,42.80032523107707],[2.701311794566748,42.77616263417597],[2.8661372557929727,42.76994582051458]],[[2.375750441048324,48.96629639547399],[2.373833949223424,48.964214303606205],[2.374139597364605,48.96142701009032],[2.376071311015858,48.95992020481223],[2.3800712651879885,48.95901507958843]],[[2.376145199435285,48.844048041774265],[2.386983646740282,48.839002025479076],[2.389038424008981,48.83769051275403],[2.392026144862199,48.83482691476935],[2.3973176840519255,48.83136993739418]],[[2.407916953681875,48.84086811026258],[2.409302633364042,48.851010263012284],[2.403756088064369,48.858688829842],[2.388697283841408,48.86949086455119],[2.384342062880909,48.89218394443081],[2.38127161989581,48.895388794495986],[2.378688216042297,48.896455016832704],[2.375377538801707,48.89700159533323],[2.376951803064444,48.896854991545055]],[[2.3798525517597557,48.82692440430406],[2.380183685556231,48.82672015287701]],[[2.3800066975797383,49.8813721050729],[2.448979993259086,49.86750706829281],[2.497482702251422,49.8716922359171],[2.637132736969495,49.84460199590515],[2.810879262114103,49.80568752679354],[2.902083117037046,49.76567751481979],[3.214501257699621,49.71426324391073],[3.269604003136293,49.69262241177443]],[[2.380183685556231,48.82672015287701],[2.38136729021921,48.82640704791373]],[[2.38136729021921,48.82640704791373],[2.380183685556231,48.82672015287701]],[[2.38136729021921,48.82640704791373],[2.384289389253886,48.826828103766985],[2.382747719503133,48.82651295820288],[2.38136729021921,48.82640704791373]],[[2.5091340476434696,50.356084442263636],[2.385364665231681,50.36699501283883]],[[2.389933307989662,48.83685002777369],[2.391483624410759,48.83326128443972],[2.391701276111226,48.83135189411475],[2.388947951058456,48.82907330039983]],[[2.3904718064299537,49.85161090900912],[2.346459682262073,49.87081213104248],[2.3925740676734035,49.8842829239084]],[[2.4343676034391506,49.510301795184326],[2.437878004038782,49.571180741673686],[2.390931847149418,49.6075147751867],[2.376238846572807,49.6481746264566],[2.336237681856319,49.676627420892466],[2.359334854382327,49.70654883153434],[2.354829756318819,49.73838627422587],[2.405970401097795,49.827762297365986],[2.390473383028263,49.85160986028175]],[[2.3925826599546993,49.8842851987672],[2.442897071648791,49.88837329886523],[2.505571064374919,49.914391503246144],[2.548325204174894,49.94885922499631],[2.631628875532765,49.97723232968088],[2.671043923510895,50.07053610127202],[2.725088529931389,50.086027091261585],[2.777393837563191,50.12297564056182],[2.79005143958347,50.185171472532325],[2.768559609705342,50.21556743687076],[2.7640427804183347,50.267493646945034]],[[2.393423226887262,48.6710898003142],[2.399235829347892,48.66684655374122],[2.400873951178519,48.66454665401217],[2.400340067438388,48.660108716498634],[2.391756679837598,48.64668921683786],[2.393002566791253,48.643175932700714],[2.39894260272232,48.63814728460569],[2.414411888716197,48.63543041864438],[2.419687289527431,48.62852041986349],[2.423098918379642,48.6266514500037],[2.446462895697748,48.62318183111825],[2.458816283509007,48.62328462221047],[2.468452197658359,48.62116149031128],[2.472633206752596,48.618847438223156],[2.474687047066034,48.61681524392635]],[[2.3942734082883432,48.26403083899357],[2.397786845950106,48.25871838675716],[2.412716153753391,48.24490960811578],[2.423465796167412,48.23752257334687],[2.427936756293228,48.23007526201445],[2.441840027658137,48.2223365965823],[2.45862841678714,48.210621959619786],[2.4833760517212786,48.10373430693521]],[[2.4009236104951706,48.293588426352],[2.400812489838877,48.28804021405057],[2.392897678866459,48.27338768608365],[2.392108756682661,48.271140751342955],[2.392105261500519,48.268540177008965],[2.3943053184952534,48.26397591127026]],[[2.3943260168588334,47.09461784629027],[2.495088161935166,47.095171065862466],[2.606643223319689,47.040357158074265],[2.755558166796211,46.99773672397933],[2.819046982737436,47.001041265207256],[2.82937821136356,46.976220018865824],[2.972924940052303,46.93461251494921],[3.0716271654776017,46.9316473177294]],[[2.3973191040709683,48.83136850543221],[2.400789389401804,48.82677871132331],[2.409793542948022,48.82231254424577],[2.4139427320295113,48.81906357098211]],[[2.398724658549134,47.811319606174436],[2.404886322309413,47.80443334193111],[2.367681946151968,47.77613946165481],[2.355513655288211,47.65089466401976],[2.392121693884743,47.5967459451156],[2.4422717306398,47.56891890398071],[2.415583176851162,47.5218988195041],[2.43763566252408,47.49457030208261],[2.417234089678163,47.474599406856]],[[2.583150899505911,48.32644850793499],[2.57317339236985,48.32462423119384],[2.482177739885192,48.28831337590594],[2.469576399985958,48.28653011699703],[2.460131448192122,48.28038146840985],[2.447459031169668,48.27558383913374],[2.420788356329336,48.274617068687924],[2.411162392054819,48.27768065235038],[2.398079847755459,48.27481108914899],[2.395926431857305,48.27625080479526],[2.395701378773915,48.278917882559355],[2.40031021274787,48.28724900123843]],[[2.400901347910372,44.46635270064483],[2.420923722640331,44.44696443841296],[2.459614664233879,44.468121423855344],[2.466523092143562,44.45114041551386],[2.441679217084713,44.4403319862327]],[[2.402272712787423,44.20111182430053],[2.427589267784075,44.27028237546095],[2.552897909133246,44.289340880288314],[2.5751306222004344,44.36528624432339]],[[2.41869993826111,48.74821245876721],[2.416661239541556,48.74185005693602],[2.413412781281608,48.73966945552943],[2.408455490620118,48.739289985920344],[2.406459742292465,48.73980826413404],[2.4028886048401024,48.74185293186984]],[[2.499057052337939,48.829094294793066],[2.506921513098542,48.822381106845235],[2.506751564654881,48.81983170689363],[2.5024920492296,48.81456767174078],[2.502709589345709,48.811424823729595],[2.505829271271531,48.80827469133497],[2.513485090151969,48.80541844566056],[2.516081966675822,48.802183888468356],[2.515860437943202,48.79871140321517],[2.50750645701426,48.785656993849074],[2.507803578070238,48.76922452093207],[2.506755202678012,48.76723482725694],[2.502842439548328,48.76535732013372],[2.493978000480012,48.76379748647468],[2.457580825509676,48.75889666454131],[2.445810606869218,48.75670734224275],[2.430727995790706,48.755113282700016],[2.426411074545737,48.75375699698637],[2.419721026809572,48.749284100782226],[2.416858669350681,48.74175577541691],[2.410985616071633,48.73722542573925],[2.415960273944641,48.72169218132211],[2.403057100841392,48.71233015867919]],[[2.4107272856033957,48.73933932814953],[2.408743001446656,48.74219079878614],[2.408724066868282,48.74325787669639],[2.410953441318402,48.74492094075489],[2.414525499358487,48.744433719664706],[2.415617796855729,48.74231435846565],[2.414296936145268,48.74034618182055],[2.4107272856033957,48.73933932814953]],[[2.4111013418574725,48.737507558269414],[2.4107272856033957,48.73933932814953]],[[2.410989891213719,48.766456045472374],[2.411409056238838,48.76296871153726],[2.419112880732464,48.75095363800097],[2.4187256764246694,48.74825302446821]],[[2.412345382044752,48.942695378702595],[2.413124919504696,48.93862772301574],[2.406221548852584,48.933529205456935],[2.405375745972412,48.930847931627575],[2.407881325948351,48.928463757912176],[2.4126006711271675,48.92851250872738]],[[2.4139410854571666,48.81906521881739],[2.417732333123015,48.813956364853034],[2.423401650635356,48.80902614369928],[2.429567060510089,48.7974384656045],[2.436227790091137,48.77639826120731],[2.433758414003025,48.76791387574533],[2.433941735783562,48.75325866800271],[2.43893687563021,48.744511083404355],[2.445429603883134,48.73804362735005],[2.446369138221,48.72989748305461],[2.4449950316960147,48.7269184342537]],[[2.417566079059907,49.38553531650446],[2.42884518663232,49.38377499568302],[2.437122121779451,49.37964777271032],[2.449860964941118,49.377312011077585],[2.473596162457234,49.37824560625455],[2.515199497416762,49.37667814453225],[2.539250876804553,49.378396915470915],[2.5710120525574442,49.38844363928377]],[[2.41876717350184,48.93330896916839],[2.421887873225033,48.93149923886106]],[[2.4251759919540214,48.92491543171744],[2.435006993977644,48.900202129427036],[2.4372164360090967,48.898174492596276]],[[2.436547154496343,48.71917265126679],[2.42521358301041,48.71371982057067]],[[2.542147599929466,50.72519729235755],[2.40493010461314,50.81004606175714],[2.4254666880712636,50.95316265086713]],[[2.426926084387215,49.00074815106869],[2.450626895977935,49.01209723254111],[2.4684506031343627,49.01647897847959]],[[2.428032409717359,48.93102859085462],[2.425605878468849,48.929982852549514],[2.424843296322125,48.92851019688179],[2.4310521158582827,48.910522487443366]],[[2.431052115858332,48.910522487443366],[2.434207435269702,48.90619481594696],[2.439978457090667,48.90407280729207],[2.465067674109484,48.90441752680093],[2.467601413695592,48.90192978814342],[2.475087461265318,48.891113699413175],[2.479259931400573,48.888026802218114],[2.506707073156758,48.88315238636193],[2.526209401285674,48.87316003705855],[2.526609951247406,48.87027345500323],[2.522236228170859,48.86361176626059],[2.521053467991442,48.8573967578773],[2.526912786820817,48.84317340521229],[2.522847058620812,48.83406599314332],[2.516011426236234,48.825628102917015],[2.517243474259183,48.81929498370441],[2.52517312664604,48.80516978141883],[2.525966705020137,48.79513104496739],[2.522357597251657,48.78788343936637],[2.509027920448685,48.78017923427124],[2.5077769451412184,48.771570144011584]],[[2.43834928388324,48.75583114761638],[2.43602133434452,48.75619987219379],[2.434561791499763,48.757322679154804],[2.4336639513225884,48.76278796330127]],[[2.4700808859439745,49.27612523891406],[2.449152546970871,49.29298942683346],[2.446891373351063,49.32073737375039],[2.435676897405514,49.34189373384724],[2.433381575506115,49.37305011206409],[2.431617068019236,49.377148078351475],[2.424887011622035,49.38278972175138],[2.402024669340116,49.39113671257319],[2.396603132745561,49.39785523422221],[2.397215153836716,49.40235805539797],[2.408135931448892,49.42010361193819],[2.413212359500263,49.4351847853497],[2.416835293118145,49.44119888987124],[2.427077307046734,49.47145981394694],[2.4302849664808135,49.478036731832844],[2.434060028322686,49.49237170338736]],[[2.4340632189320934,49.4923656584328],[2.4343683307207638,49.510302807631966]],[[2.468774686723847,49.263823093607215],[2.463257113611638,49.25946513977877],[2.458112313815996,49.25656938377766],[2.4362138852411013,49.25117486961239]],[[2.436269766344325,48.7746174577688],[2.442360092143374,48.7689571213626],[2.465468190042435,48.76237903951684],[2.467428249767546,48.76066937655701],[2.469051543689333,48.75843361152888],[2.471982676660565,48.749447700735544]],[[2.880575502603146,42.693556906348974],[2.756115228285111,42.67447887263302],[2.686370899315461,42.689206410059604],[2.4366146161337414,42.62052824220639]],[[2.4372194821522144,48.89817282158967],[2.442084759845792,48.89686989557456],[2.4506104002936,48.89804896154422],[2.466411687466629,48.89717440673749],[2.469175848778009,48.89666934681326],[2.47167134648659,48.89525608235216]],[[2.443496207587255,48.72432277914623],[2.43939854077084,48.72045347806879],[2.409102048045311,48.705729916927666],[2.396661922648196,48.70314992072318],[2.3829148702187,48.68843652486422],[2.381623123411739,48.68252858639066],[2.384739675007421,48.67771025942562],[2.402575864410484,48.66425846815885],[2.429084356848158,48.65266337380721],[2.438268573783099,48.646501812666365],[2.473977359009174,48.618014752462685],[2.474829298478467,48.61596992642402],[2.4737742371218125,48.614063338157166]],[[2.444396131971879,49.228872377501055],[2.441918925199523,49.234160548632616],[2.4429037326479,49.23804580334361],[2.453894540840695,49.25044900885276],[2.471637512765294,49.26656256847578]],[[2.444997028008462,48.726921901441436],[2.443543570796461,48.72439739839328],[2.443298566236634,48.72299835595897],[2.444990281374794,48.71859636656702],[2.449221197606118,48.71473761655777],[2.461026872411486,48.708882661857615],[2.474622127707705,48.705612929658],[2.493082990498003,48.70648680763237],[2.501428523833308,48.7036277744649],[2.505511851298902,48.70051449566752]],[[2.445393809569932,48.75643659526975],[2.443813254935,48.75537376410868],[2.443289398169852,48.75302487271414],[2.445867044104661,48.743925440858625],[2.446287868507401,48.73257196692545]],[[2.451862173541942,48.896424896827575],[2.461123023613625,48.89668111974354],[2.4773274127608746,48.89438896096489]],[[2.453836886427204,48.75795830719563],[2.455856115471683,48.75816430650965],[2.467319375585922,48.75999460025608],[2.469014796648972,48.76016857086261],[2.472357028904988,48.760742188593674]],[[2.453836886427204,48.75795830719563],[2.445393809569918,48.75643659526974],[2.453836886427204,48.75795830719563]],[[2.458834419387604,44.90769275506219],[2.568976134265121,44.94478187042758]],[[2.4910887465365628,46.020508077742946],[2.470372424015743,45.98538132292907],[2.488385666455713,45.965295510151584],[2.495272841265587,45.848191395850314],[2.472228189097379,45.79572475579595],[2.472400193745308,45.70872588720752],[2.449940587528254,45.68351496645757],[2.4606644934338275,45.64520306091632]],[[2.460797925427002,45.64511621748891],[2.5976839814734407,45.63158402948598]],[[2.464362563698599,48.897360509048596],[2.468301541040975,48.89714980153963],[2.476535788972681,48.894520754699265]],[[2.465239636245502,48.9323610747719],[2.472473484620894,48.93197499355649],[2.477585409216336,48.93083671964506],[2.479223653315245,48.93137399453448],[2.480113346755782,48.93249629939057],[2.478836386690937,48.93938180883416],[2.472522656511654,48.95076650551197],[2.472081705559032,48.954343750346496],[2.4755343571060116,48.96385005764248]],[[2.4684430684792003,49.016477372570506],[2.495995854386403,49.024239533270986],[2.53224246194747,49.04315045391479],[2.575991617865896,49.06246697581427],[2.594797627929207,49.07158818300893],[2.604770895417912,49.07571442987914],[2.648397482922657,49.08799689538626],[2.679739292393986,49.09360213334059],[2.700855430483541,49.101520737093956],[2.712521130380536,49.108723873073004],[2.722726495821625,49.11843986337613],[2.744445896798841,49.14712293907635],[2.749053005097692,49.15656057014972],[2.750874108354455,49.16444286954477],[2.753200407620495,49.19734482730919],[2.752377873732019,49.213712653935836],[2.732705716616231,49.2774608852805],[2.717855586400767,49.29986929693566],[2.704318120004615,49.32689142448918],[2.699753672579955,49.349675456735106],[2.703384280094968,49.36940968597838],[2.703220710113172,49.37690446229073],[2.693880889273156,49.400026991419296],[2.691321087897826,49.4270271415059],[2.693910648569413,49.43804978697198],[2.753674253705181,49.604556763998154],[2.771040843423398,49.67703305598068],[2.769690075735818,49.712985772919495],[2.827364817434904,49.83347733645699],[2.853915583050732,49.95775592864581],[2.874295402265752,49.9978057172547],[2.8723907348755,50.17880020274993],[2.85305044574998,50.24916805568178],[2.901550984122864,50.3221757360228],[2.964012928993386,50.36459777078813],[2.9841933482791276,50.41523371362317],[2.970491884680256,50.45748925216238],[3.022742539160635,50.5344871003595],[3.166484748262554,50.57144607060229],[3.278596362805509,50.57200603336857]],[[2.468506840087703,48.60950573875706],[2.459682386928235,48.603195170471594],[2.460020695876662,48.59457728517875],[2.466020580412486,48.58952531932933],[2.467310634200193,48.58287986387913],[2.469545182196021,48.58131863146241],[2.475106018881011,48.579634805887196],[2.477277899629287,48.57851551347602],[2.479873192545199,48.57326580599233],[2.484839554355419,48.56893625241536],[2.499194405685399,48.56544050341354],[2.528469953291232,48.571094211025034],[2.5357586358134,48.570047495332645],[2.541654532586745,48.567175103065395],[2.542194039613772,48.56248685928011],[2.529127388433742,48.55202939140241],[2.528197265138541,48.54600348178755],[2.533272174768958,48.53993507818321],[2.540240263771005,48.5365871061237],[2.545080420805379,48.53499135297367]],[[2.469065365906963,48.7577755110143],[2.468282164474025,48.75869985857344],[2.4662167073796843,48.75962631639909],[2.469065365906963,48.7577755110143]],[[2.469065365906963,48.7577755110143],[2.470217661486839,48.75278593168839],[2.471982676660565,48.749447700735544]],[[2.471982676660565,48.749447700735544],[2.469065365906963,48.7577755110143]],[[2.4716390569111573,49.26656443745443],[2.47367626167237,49.27194998757214],[2.4700871562236166,49.27612050938662]],[[2.4716712928252886,48.89525613922203],[2.473488864794497,48.89280424889699]],[[2.471982676660591,48.749447700735544],[2.47988443984534,48.74070000080999],[2.487054762147915,48.736036940252944],[2.511530132213155,48.733127786032775],[2.530952816331767,48.72620523315811],[2.545261097218021,48.72556142281929],[2.55098809879455,48.72306704506764],[2.56463277234028,48.712042417281125],[2.577167628112063,48.70711528100661],[2.590093501123073,48.70521345371913],[2.659643722356151,48.70404831891904],[2.679740248601035,48.70209051013624],[2.693248079317008,48.7002521266704],[2.708465404280244,48.6969075105786],[2.721480069430928,48.696995468576205],[2.72762492975682,48.69825687742135],[2.734200227778162,48.70043568479229],[2.753914617312592,48.70998525976411]],[[2.47232888132662,48.89455422380888],[2.472606895447108,48.89436302296587],[2.473419624732394,48.89333035322514]],[[2.472746694034336,49.26890439421637],[2.475947091062897,49.27380580323076],[2.480878906958962,49.27771651830931],[2.525077383237354,49.29999178673877],[2.544237290682417,49.303471621312625],[2.601762668446896,49.30970542090052],[2.60963809814784,49.312691249760555],[2.629505137843064,49.32698346897966],[2.63660745666045,49.33005038547439],[2.6971778265567927,49.33958713938139]],[[2.473434898915055,48.89295454512875],[2.4750874612652978,48.891113699413175]],[[2.4734914531926937,48.89279704012248],[2.474841032748701,48.88854622250837],[2.4783217747287716,48.88589080602374]],[[2.5590492292513525,49.6122086553648],[2.562574074470531,49.64426457506817],[2.529807701946263,49.672961130701054],[2.535434625091874,49.71067898692109],[2.4754233725023833,49.777121495453045]],[[2.4772571987332364,48.89440210974154],[2.511833361403832,48.889383629511144],[2.526803708345761,48.88329538059605]],[[2.480774566621205,49.27764663522679],[2.484820145571851,49.27934238287103],[2.49037783281794,49.27781401796094],[2.4972557892106337,49.27963147951548]],[[2.480830050890527,48.89359418822487],[2.489351932087647,48.89211813402592],[2.4979520980171546,48.89224018749155]],[[2.4833766844434226,48.10373075644339],[2.48804091194997,48.082831649194915],[2.623149835176753,48.04355299041839],[2.730623422386882,48.03131288032328],[2.740850600560883,48.01329760397734]],[[2.490376583262317,48.93220928338319],[2.514713695646176,48.9326782186247],[2.520198030558829,48.93577729201245],[2.524510832408545,48.943407819879674],[2.524192661919208,48.949744054693554],[2.514927449627283,48.959437559989276],[2.510857028196906,48.966454564407],[2.52113181075578,48.9837126157112],[2.518564725243564,48.99601884745455],[2.529105795428343,49.00563693727459],[2.549284641410618,49.00659969760065],[2.555948043113362,49.00882322737253]],[[2.5936433192873554,46.29911868099663],[2.486936127048326,46.23808502356402],[2.492132274574049,46.218689532254544],[2.457154685272351,46.19740925852301],[2.503720481952638,46.12960312756905],[2.482624386471576,46.07951921050161],[2.4910949502215987,46.020511876146294]],[[2.493842701790738,48.93220900429895],[2.518888494253922,48.931996008775656],[2.5346259713011343,48.93626804462534]],[[2.5128940047585067,48.931642252199254],[2.496263967561633,48.93194552328415]],[[2.4979378916182853,48.8922380421111],[2.503365560143629,48.89410119066157],[2.516756911659768,48.907738037766926],[2.514667588021981,48.9182751619302],[2.519054510145543,48.92709489447411],[2.5129525749312775,48.93163334629971]],[[2.507487465493543,48.77060204533122],[2.505800216844369,48.76694407833099],[2.5016795308834245,48.76513247642184]],[[2.5055139208382013,48.700512167319],[2.519858823604878,48.68662208772391],[2.538728059958588,48.67786586467679],[2.541771417104549,48.67516400661336],[2.5481488536134473,48.66721444544934]],[[2.507116414233966,48.78161350177464],[2.507482943392379,48.770790397608984]],[[2.6982453680916407,50.32243936570999],[2.681085441618936,50.339672151290465],[2.609777535899284,50.35319770534697],[2.509136486094034,50.35608390430215]],[[2.5116812284563443,44.42851615604873],[2.586671254568384,44.40556969084425],[2.5778505635597253,44.363190385906314]],[[2.524661394396944,49.09026182464983],[2.522906925215044,49.07798999412532],[2.5146505635200036,49.07707025790649]],[[2.51610536803427,48.824495465695705],[2.516657715230791,48.823086368556645],[2.518538007012598,48.82200922907827],[2.522969142663048,48.822185938748504]],[[2.5229252544915837,48.82218032705156],[2.5389713709708115,48.822631449273075]],[[2.524975341835864,49.09425198237802],[2.521104737955403,49.09534504456738],[2.51446968097037,49.09243629983729],[2.515138961902108,49.09106579204458],[2.521171566563275,49.089997672318255],[2.523014044829949,49.092638159201485]],[[2.524450569046019,48.875010324116325],[2.527612543797846,48.873532214550075],[2.5304588027415953,48.87382177658314]],[[2.526508936665819,48.86998150540725],[2.52691902902943,48.87120996496217],[2.527152186097307,48.87176457633492],[2.527499449810281,48.87224481449759]],[[2.52682710872153,48.883285735864575],[2.534473795401885,48.880133617151614],[2.539332014923835,48.878758067421195],[2.555040839687274,48.87690016691497]],[[2.527499449810281,48.87224481449759],[2.528591999344953,48.87309462093115]],[[2.528591999344953,48.87309462093115],[2.527499449810281,48.87224481449759]],[[2.528591999344953,48.87309462093115],[2.529292324842842,48.87341911514515]],[[2.529292324842842,48.87341911514515],[2.528591999344953,48.87309462093115]],[[2.529292324842842,48.87341911514515],[2.5304588027415953,48.873821776583156]],[[2.530458802741585,48.87382177658315],[2.532445744586352,48.87467353192022],[2.536605024225528,48.878744302693875],[2.539745841695745,48.87882017384735],[2.544545252727157,48.87812777509386]],[[2.534623100750996,48.93626732423412],[2.611176576724736,48.95509239301839],[2.61569741806492,48.9575241501247],[2.6422943456751007,48.97571687568085]],[[3.041426581417308,50.65454866294772],[2.868171264087835,50.682155408706834],[2.742683851314116,50.72921126009092],[2.677529387370512,50.70826904128422],[2.5410112526375115,50.72524945116035]],[[2.566948756883097,50.5378843203666],[2.484867600306648,50.5554059050177],[2.463313707335465,50.60584812088693],[2.463543642445442,50.64451032817407],[2.554272972973346,50.71473954521273],[2.542189031486396,50.72519164959954]],[[2.542620245080947,48.82312106949938],[2.558720561287732,48.82854226011245],[2.569495739557785,48.82796073056762],[2.606857300686051,48.80994493405275],[2.679669434669597,48.78604512486029],[2.685010120662766,48.78228673847628],[2.692258033299574,48.767311720620484],[2.702271155059487,48.758137482870836],[2.723666483324384,48.749199150536334],[2.730758920467442,48.743468226241085],[2.7324782243933337,48.73918814759206]],[[2.5443197834114804,48.87815049307165],[2.5497405496466508,48.87749463711574]],[[2.545062180617095,48.534996130288654],[2.571272918834576,48.530068616970716],[2.578648644489366,48.52667021648422],[2.591813490561638,48.51696295710145],[2.597940554616322,48.51523835211565],[2.614614520598173,48.516724723403065],[2.627439306159263,48.521698850378186],[2.638747547143915,48.523732807827855],[2.649090413119039,48.52833841143763],[2.65575655355366,48.52719955252511]],[[2.548145051385207,48.66721971524221],[2.55749660762144,48.65509401757797],[2.564997165939044,48.63827681127935],[2.568506287628562,48.63236779083248],[2.570297797889895,48.62700315064627],[2.586757898233039,48.58946553360952],[2.595682537542271,48.56289343361508],[2.613054888465355,48.547146694858576],[2.637456244421053,48.532893003174166]],[[2.549429792980909,49.050678362219145],[2.556733243557253,49.05453290045285],[2.559276004709507,49.05487261108141],[2.562459411476165,49.05423419153728],[2.565138908495054,49.05180354582365],[2.5658640812642663,49.04486021649241]],[[2.555877253880934,48.87681664708506],[2.590603049734478,48.873488133506726],[2.641980826934376,48.875339522118736]],[[2.556150486751006,49.008877630806566],[2.56904190619773,49.009990878099316],[2.570913937653518,49.003237415337345]],[[2.644731576568385,49.435156719283306],[2.634709561672945,49.44923820939226],[2.6342363237561424,49.45209197150229],[2.631777200895947,49.48796017703994],[2.612324201091933,49.50118319584778],[2.577074449587677,49.57800889179741],[2.558789325304272,49.58815706281002],[2.559048917387432,49.612208399489454]],[[2.566802650158626,48.63554538081882],[2.568389653584861,48.633028726848785],[2.571441701250868,48.624827733869495],[2.5736396585575663,48.62204555871012]],[[2.777605934162766,50.284346733942705],[2.819362447193083,50.296371409200304],[2.820121101165565,50.32021218821343],[2.840921038826959,50.33465899449951],[2.818214122673146,50.38352637578873],[2.83853276918064,50.41844463826255],[2.797354913772797,50.437565747115435],[2.761843916213834,50.434885943014976],[2.7281121330535303,50.450504124326294],[2.649770410900548,50.51765953435746],[2.5669521941639086,50.53788382862552]],[[2.5709487680962977,49.38842294571114],[2.584833136909081,49.39295142263294]],[[2.573688323189057,48.621988932883596],[2.579976445910463,48.61493372764355],[2.589264566257568,48.60909929070989],[2.61600458342729,48.59703647690847],[2.634365077101017,48.591331961385414],[2.667076049133364,48.58651270401329],[2.710440366455919,48.586594730000506],[2.730512476773696,48.58246914028661],[2.746582268981473,48.57443909404887],[2.7675827485128957,48.55761233903479]],[[2.5772455172724005,49.06379253111965],[2.57164168928717,49.06012993486116],[2.568218809951932,49.05638787335583],[2.565606877803158,49.04686205170515],[2.573010854717479,48.99227151755208],[2.577451964970742,48.98583957464265],[2.5864815546335684,48.9802389280863]],[[3.057242999278778,44.323677233805626],[2.739380832509871,44.40426244399026],[2.5802646019625346,44.36265275716548]],[[2.5863956641405403,48.98027801380947],[2.626226921819148,48.963024068882504],[2.632731395675839,48.96104055036208],[2.644315435691682,48.95932763291307],[2.673947015677974,48.95968896144212],[2.681279532279523,48.9583191549649],[2.697916186757637,48.95415653017448],[2.709087372705465,48.950368740395305],[2.717237358304771,48.94544310224142],[2.740835642639114,48.9244260899849],[2.774332115520113,48.90182441557265],[2.778247442281174,48.89823916788132],[2.78126675006421,48.89432333062178],[2.784741701291141,48.88268023995583],[2.777401074477274,48.83817844449297],[2.777690969983046,48.830781846542266],[2.781573260340926,48.82126005226356],[2.805528363847638,48.786361276081266],[2.807172234083606,48.77802845988079],[2.805187168821943,48.75245348191672],[2.800555353469064,48.741178730836346],[2.796671421760629,48.73698296227223],[2.78506306490502,48.72649484288603],[2.753914617312624,48.70998525976411]],[[2.592871274395735,46.592808424632594],[2.612904638423448,46.53362355870596],[2.592048688755835,46.45103564315667],[2.5964846915311415,46.33747699881819]],[[2.601770338199212,48.812163760894784],[2.606720898487217,48.810458697599124],[2.609384184197843,48.81108459106253],[2.613845764943047,48.81836623372284]],[[2.6316112548635693,44.97583171862513],[2.750774547895518,45.09009878607314]],[[2.635210902976096,48.87523529280649],[2.61284771657211,48.8716927587741],[2.600099455515212,48.87182516853123],[2.59772415991069,48.87252002766544],[2.596808421577645,48.873773164038376],[2.598464460939522,48.875519170027104],[2.605792104456246,48.87684632545168],[2.617704171868035,48.87744795568685],[2.625459868837507,48.87671632685937],[2.628897268445879,48.87558980097609],[2.633357973838523,48.87515125260106]],[[2.636757350481157,47.69887864116554],[2.6850567614033958,47.67154929453393]],[[2.7180174311691268,48.19335079256583],[2.760698860328745,48.15828607900807],[2.762936289495648,48.12290636042278],[2.774754789628291,48.10664509044882],[2.738808187788857,48.02206435782238],[2.759764022847934,47.9520834300549],[2.732816331170162,47.83255360648068],[2.710868881517222,47.79617713822178],[2.634748399138444,47.718095776782455],[2.6367573504811617,47.69887864116554]],[[2.6374604847161986,48.532891107198715],[2.657478333668199,48.526905227546585],[2.662857458985601,48.52430344579182],[2.665407529486953,48.52092519521066],[2.6665119082875974,48.51549802179939]],[[2.6419839233005384,48.87533950462663],[2.668230250455885,48.87674520531044],[2.691749387489344,48.881221451941705],[2.748241640817064,48.88518964847923],[2.754243202845058,48.88791156907793],[2.759275183059413,48.89586388953376],[2.766129610871483,48.89969365779504],[2.77188500962113,48.90102059434586],[2.777759780611191,48.90163600530512],[2.796322203896709,48.89971820822743],[2.836343719389951,48.9106122109695],[2.844505701489203,48.916460348898674],[2.855967168232292,48.93188316111676]],[[2.6423143133206435,48.975730480691304],[2.670388015233295,48.995507013623374],[2.710232640794582,49.04626818795952],[2.740786710156244,49.09219061592962],[2.802928413927267,49.15073813583039],[2.82868331523642,49.19288986022135],[2.876531965060018,49.22873174618658],[2.884553531963548,49.23092592350408],[2.938670821210887,49.23351327838425],[2.952380970965615,49.236461956052736],[3.010967572390017,49.23209685718437],[3.049411161554289,49.22280071686137],[3.059539531619434,49.225380371254786],[3.0811620900386796,49.24013754662946]],[[2.642498842106691,48.875336594579416],[2.652514520828879,48.8763556493346],[2.6605304142642923,48.87874059936021]],[[2.914373930672981,50.5518512892094],[2.787304004965624,50.520410601380426],[2.687697807381397,50.53641539354305],[2.6434542913182573,50.52018136247726]],[[2.644054988358078,49.4359499084203],[2.648398450739459,49.432493005457516],[2.656429707803278,49.43022506094027],[2.676121616483686,49.43323033652186],[2.700213744407281,49.43354373338658],[2.714993670245655,49.432350626439465],[2.73041976171706,49.42843906655321],[2.77160850249575,49.417994928678496],[2.82358735837064,49.422109815185145]],[[2.646819752314619,43.18614653599006],[2.69972876300941,43.178811297222545],[2.877540124376855,43.21125602781684]],[[2.655756553553639,48.527199552525104],[2.660332568893773,48.524318618398304],[2.66347445733277,48.520711508333065],[2.6658717431503627,48.519431587168036]],[[2.6605231673174243,48.8787376995103],[2.667381075307065,48.8827167357602],[2.672169916194188,48.8879589101064],[2.687070430501772,48.91079922119103],[2.697985630258659,48.931032264291474],[2.709743106357262,48.94784565615889],[2.715187183277758,48.9541540887185],[2.740094478374978,48.97493997846089],[2.748450720446945,48.98030934589932],[2.76531911015005,48.986716208250364],[2.7853860014053518,48.98999540010186]],[[2.665871743150361,48.51943158716803],[2.675463987352827,48.51702218474291],[2.67894599577479,48.51038068339789]],[[2.6665115822882743,48.51549991072771],[2.66834833500879,48.49605082099642],[2.673813663191903,48.486731045355896],[2.707571716705425,48.46551726903932],[2.736168265162143,48.441228838816635],[2.738009727602683,48.43458432735106],[2.737295681497842,48.429552099946534],[2.72878029995811,48.41991590929177],[2.725967360261362,48.41422642897177],[2.725818193230186,48.409796380905554],[2.728409626809616,48.40416842796581],[2.733016526654981,48.40003586807421],[2.740222662780249,48.39686933772521],[2.74654138680131,48.39575177269843],[2.7667294851125996,48.39405322045131]],[[2.684981947164717,48.32909368695958],[2.677485702773979,48.3290569094975]],[[2.678951621663672,48.51037134402208],[2.686045155896718,48.50090283127681],[2.687198596848727,48.49116908121254],[2.693268163031414,48.487578058269555],[2.707040437805883,48.48608239159475],[2.746031580930781,48.48807485303611],[2.756445409787073,48.48593751711283],[2.765875140702979,48.48105082393638],[2.772936053698525,48.47112080831674],[2.772113205999945,48.46005860913294],[2.766344542154215,48.448275212565854],[2.759017063631499,48.44079844559171],[2.753404142023605,48.43133925004303],[2.752338201533151,48.41747977850862],[2.756741799489184,48.41392321080131],[2.764031713145436,48.412250234472275],[2.789359576630423,48.41489565461004],[2.792671671195497,48.41327997448254],[2.799388447735131,48.406631023275345]],[[2.679740248601008,48.702090510136244],[2.6979603376946,48.69953766933136],[2.704235549000344,48.69784651651268],[2.709279477126505,48.695831395274546],[2.719054591943313,48.68958684472633],[2.721951918809705,48.68679881290552],[2.725653906925226,48.68158856028449],[2.732032862654258,48.664165860879386],[2.734815115428147,48.6442713673794],[2.732894689276693,48.636602502547774],[2.723690755543892,48.624012609707236],[2.719139098069679,48.61364928509151],[2.717943307780707,48.606816190250555],[2.718798219830215,48.60090741077845],[2.721857832782595,48.59406830766699],[2.727635579608984,48.58697193375976],[2.746756598794865,48.57452228030308],[2.753569141288302,48.56911146998807]],[[2.684269923448247,48.27004345072364],[2.6915381269290406,48.261391926247555],[2.7094407574427453,48.21910877496448]],[[2.8042729752751354,48.36183730360087],[2.758211889211196,48.337699399419996],[2.749838695939385,48.33624781465634],[2.708980587866904,48.33645440039538],[2.693134620812057,48.332916383487685],[2.682963146260021,48.32756078347106],[2.677458861971718,48.321547920951566],[2.675106830674982,48.313208212723815],[2.6842717611890263,48.27003827348439]],[[2.6851440600785104,47.671532094388596],[2.715360553325632,47.66114347360612],[2.831230978590883,47.572742353052575],[2.920753389316128,47.48734998350209],[2.932559380516298,47.41089533299645],[2.880135707485056,47.33988714789837],[2.889265218791558,47.318682293757625],[2.966933074172633,47.28192292086071],[3.016224358259342,47.22452993745085],[3.039979969137496,47.13101714612011],[3.093985233599052,47.07669668598719],[3.088649384053145,47.01542107164658],[3.142047627512926,46.99928089393434],[3.154483590794454,46.97637572779834],[3.13913536776534,46.947604803446595],[3.073540676412741,46.93999292138916],[3.0729556986474273,46.89684716849084]],[[2.689777689777328,48.95618653839822],[2.700698793671362,48.95303631296506],[2.708570277239657,48.95288879197501],[2.714724072121963,48.95467267679487],[2.7210772708097206,48.959140871169446]],[[2.875826104093688,50.68067236161184],[2.762370978825124,50.63073671776356],[2.691086223101667,50.63127178114801]],[[2.6972096551431384,49.339591965234106],[2.709603949487851,49.341470447688856]],[[2.769175849428632,50.279846846831624],[2.730724358865298,50.270655303250585],[2.711496693425704,50.2794409672729],[2.699508959321273,50.29081501082652],[2.698236410370922,50.32244993141335]],[[2.702750125582357,45.643280694005675],[2.72913341506132,45.591876148368456],[2.806641931425493,45.57915601618428]],[[2.7048522621745823,45.64704675606274],[2.74554219757332,45.717912065504485],[2.827709561992462,45.76366650320575]],[[2.709440811810587,48.21910849654954],[2.7180242738374707,48.19334343967973]],[[2.709635780503428,49.3414752701182],[2.733324643186958,49.34507213625665],[2.739531375489685,49.34753100356811],[2.743690464600488,49.350077344770675],[2.772738066738544,49.37871307888895],[2.78196926379041,49.39601906748527],[2.7942741965402607,49.4085772144156],[2.8131729987500473,49.41822492689565]],[[2.727106551650973,49.33515867198377],[2.725816455112091,49.33654715910527],[2.724762379159698,49.34210039467326],[2.722548601313217,49.34302561507089],[2.7185478974791635,49.34270320465642]],[[2.8469330971634887,49.28185714226917],[2.843913112996922,49.284930807696504],[2.840221371553476,49.28660843385673],[2.821484316821334,49.2891651894463],[2.801796188328842,49.29459763214671],[2.780233535096472,49.30457066335583],[2.770462362001463,49.31076937023162],[2.742761426297649,49.32126056103323],[2.727106551650966,49.335158671983805]],[[2.727106551650973,49.33515867198377],[2.726253334692374,49.33912108464922],[2.731195349021904,49.3437923168185],[2.7355166083428237,49.34581053369226],[2.725980079472407,49.34633267695428],[2.721516570376558,49.34469914572181],[2.720765319927064,49.34323641400364],[2.721509994857695,49.34080313030375],[2.727106551650973,49.33515867198377]],[[2.728661013766063,48.934645213075605],[2.721588449639532,48.94233984777874],[2.718990810257869,48.95108875973084],[2.722766847182569,48.96008087099669],[2.7319616217693077,48.96817456708724]],[[2.753932072883579,48.7100473458545],[2.734525268614451,48.70079608924883],[2.731044822682879,48.6984706287702],[2.7270085152088,48.69441205873884],[2.724879532127761,48.689331386944936],[2.724785858750713,48.68406424627636],[2.725663259908331,48.67977369324826],[2.729302806964758,48.67117446820843]],[[2.729304358007609,48.74481144019773],[2.734577330926247,48.74309605717655],[2.746369517607796,48.74318568036886],[2.7594100737022447,48.73932505216458]],[[2.732479600664432,48.739180300057455],[2.738625813246451,48.703305657520396],[2.739918898409652,48.70049577970127],[2.742420484684143,48.69753798407466],[2.752105083734959,48.69004223360932],[2.767805811771624,48.683601717565026],[2.782957249276405,48.66482518095844],[2.858028218113753,48.62855533790244]],[[2.744338734362176,48.00344753977737],[2.783592608278939,47.966347617434],[2.856356058696909,47.950913434097465],[2.905156621381487,47.925988812585516],[2.946958569554289,47.92804238814945],[2.984211600402317,47.94311949584938]],[[2.747150103859486,46.29856295295111],[2.764216601401261,46.329373706631664],[2.825986405090265,46.35242707583429],[2.8603438456813817,46.40493737594755]],[[2.7507751395640807,45.09009902532513],[2.806880637767233,45.11243799493806],[2.8667309044778158,45.10881941292697]],[[2.7575272158343225,50.521730420498116],[2.866708430240313,50.48807503047257],[2.869854913176797,50.46852961900585]],[[2.7594265180018795,48.73931988206467],[2.765253950226951,48.73745643447443],[2.80406846236789,48.729264768953044],[2.850771797931563,48.729475611792914],[2.864247170580766,48.73217253111853],[2.873788896234057,48.738885054279365],[2.892106620592084,48.768593895061436],[2.906918650604251,48.78381241038811],[2.907848055277385,48.78773460492249],[2.906178715779188,48.79377750480456],[2.908147774248194,48.798651461180135],[2.931786066966052,48.81320857214627],[2.952924800289042,48.81096803892122],[2.966892012143985,48.804178372669995],[2.976870709382473,48.80597625303314],[2.985879468829852,48.81030209776142],[3.001029096440474,48.80762228148686],[3.028830311929073,48.816360389255124],[3.056369333391929,48.81012947836402],[3.07155986040877,48.81202646117691],[3.0820545314516967,48.8076774308072]],[[2.7640427363414446,50.26749435283146],[2.7851590233576857,50.288082555479434]],[[2.779906307471513,50.23030675428785],[2.7644036608254865,50.244433950526]],[[2.7644137548555974,50.24435973177471],[2.7651726245060586,50.25385750765999]],[[2.766701354437695,48.39405544361304],[2.778663576981206,48.39310943356392],[2.784790002387366,48.39124322901407],[2.793197422994816,48.381318849028084],[2.800353515346819,48.37836358295363],[2.809426446291845,48.37908253958954],[2.823073143939654,48.3853285456635],[2.830189031492032,48.38549863957383],[2.855731531881261,48.37209832068712],[2.895916361182366,48.36718582461651],[2.902740290423343,48.36809731293181],[2.929056802260332,48.37920667130065],[2.938378999756567,48.380049572065055],[2.950554555500662,48.37744791311592],[2.9684511977744195,48.36855340721394],[2.983931230183729,48.36570384022832]],[[2.7676010299828455,48.55759731256203],[2.783217926002196,48.54503214959568],[2.814947950422663,48.52490113028225],[2.841255427801971,48.49430605252078],[2.883652208542379,48.463480755684024],[2.920645302131048,48.428954506302446],[2.932693608397247,48.42120120453434],[2.96457044238177,48.406802071517234],[2.986861199196026,48.39015784799758],[2.9956633239633987,48.384773634673486],[3.031283599717059,48.37351063819918],[3.141783444135261,48.36686042149003],[3.229627708774207,48.32281295685138],[3.263465485396375,48.292815866847164],[3.342082157886914,48.18485847314656],[3.481981373464372,48.097434742374844],[3.553190727356731,48.074325352051],[3.682584314420201,47.97903051656617],[3.817484106196909,47.925882045861115],[3.882592017465686,47.865219747399905],[3.966319243483009,47.828177242062964],[4.025408482253971,47.77111144444603],[4.07407656762342,47.691732324267534],[4.131135385965591,47.59452310977196],[4.138304670030045,47.50841528667782],[4.208780722096248,47.43349042474979],[4.264536850233167,47.32202270297945]],[[2.869423311169668,50.19114004381759],[2.855597116579468,50.21115263677841],[2.7799053296735368,50.230307043087926]],[[2.781492844777682,49.69840488223821],[2.7865414146283207,49.704990075611896]],[[2.79334574797125,48.73395845544855],[2.789813063127621,48.7324767520287],[2.783624049766799,48.73353971160812]],[[2.7851676235382583,50.28808683037052],[2.857053043794002,50.29144282053598],[3.079607881604782,50.35485683656892]],[[2.786553527279035,49.70500381212453],[2.797915565890089,49.73724643810937],[2.783309588059327,49.76425088847568],[2.785316014451405,49.80138551562987]],[[2.7853170970377175,49.80140219394625],[2.82176745000976,49.807029312687554],[2.894608,49.85998700091791],[2.918553854694664,49.866845474164094],[2.93590027907102,49.916274421877404]],[[2.785364400667622,48.98999377346222],[2.829689201700535,48.9943109362065],[2.870925302947158,49.007495511008564],[2.914856479384092,49.01308298895448],[2.970314761107791,49.029240720002576],[3.072340000000203,49.05239400092045],[3.091341900471815,49.055574444005636],[3.125716792899281,49.05587690747339],[3.186471652296648,49.04760454607667],[3.240343139109034,49.044779224275054],[3.2611519333998893,49.04493991929097],[3.342370785397613,49.058429950839155],[3.457474241979546,49.10188910462252],[3.5924092683519624,49.132240751803685]],[[2.788717955035402,49.74840606972395],[2.789025249223753,49.753902806784225]],[[2.7967556521136743,48.37935497777174],[2.807356913534535,48.37403679227514],[2.810559956216608,48.370570801312276],[2.80977754913042,48.365545912387745],[2.8041901409146095,48.36179622591097]],[[2.799386342806589,48.40663525373133],[2.801200027386073,48.40253957721923],[2.798904708088623,48.39519743841976],[2.801562906282203,48.39198365583753],[2.806658097788935,48.391158147903056],[2.816606410693841,48.39403109773624],[2.828432435413903,48.394027358484976],[2.836137960432877,48.39058867806312],[2.8426122487917134,48.38636224583459]],[[2.8262975143793185,46.15705140638869],[2.786913792064617,46.09117824323082],[2.811574097167394,46.03448577161717],[2.791953333710482,46.01186952718733],[2.8031954842832314,45.969572420049346]],[[2.810621935357052,48.903142857518034],[2.804919257137701,48.901106641642336],[2.804960834973533,48.89765850388852],[2.816401631832923,48.89579660482601],[2.836132455437441,48.88768068020085],[2.851964011304505,48.884753901372484],[2.85944082574309,48.875448808934856],[2.869750460311409,48.872148080347024],[2.884160768619509,48.86286303075601],[2.906760740968771,48.859410068788314]],[[2.813274318130956,42.67057483054876],[2.848788284752314,42.59473969727845],[2.8596576753221044,42.45463487479367]],[[2.818002759620395,49.41991447960756],[2.819036745165163,49.42029112781413],[2.819359072497182,49.420413970717455],[2.82160347952259,49.42126930129711]],[[2.818002759620395,49.41991447960756],[2.813107360384909,49.41820205437818],[2.818002759620395,49.41991447960756]],[[2.820487614847399,50.29732720102786],[2.8322357913299276,50.29443262839256]],[[2.82160347952259,49.42126930129711],[2.826153011197738,49.42354437713473]],[[2.826153011197738,49.42354437713473],[2.82160347952259,49.42126930129711]],[[2.823574983817278,49.42210352539305],[2.886853629346428,49.42189981724886],[2.963852127334479,49.403175816991116],[3.1302662542148068,49.39715172099228]],[[2.826153011197738,49.42354437713473],[2.829783368136624,49.42559287547317]],[[2.829783368136624,49.42559287547317],[2.826153011197738,49.42354437713473]],[[2.829783368136624,49.42559287547317],[2.844398658969294,49.434812756508215]],[[2.844398658969294,49.434812756508215],[2.829783368136624,49.42559287547317]],[[2.833358321462087,49.42794263985066],[2.8331840400812447,49.443006287231704]],[[2.96445126106559,42.60069938349981],[2.8342189712911354,42.52838464091125]],[[2.834820474409809,45.931324547487186],[2.9986790622845327,45.86777595359888]],[[2.834951582702754,50.42324507160233],[2.845893872368029,50.41649647915628]],[[2.835489067062901,49.19861310084543],[2.845590574176183,49.20744185856872],[2.850285890453875,49.21754645160042],[2.855931393994923,49.225168219561745],[2.858129447210797,49.2322566425227],[2.857450386227691,49.23972587580787],[2.859428411226452,49.243984981768406],[2.858515514954402,49.255462267218455],[2.853977972818556,49.261501530061345],[2.85333183659583,49.272348523487764],[2.8469281728296534,49.28186351725416]],[[2.841610393256736,50.416681990025495],[2.838708987470937,50.41461829732554],[2.839943468085803,50.41604757757735],[2.841610393256736,50.416681990025495]],[[2.845893872368029,50.41649647915628],[2.841610393256736,50.416681990025495]],[[2.841610393256736,50.416681990025495],[2.845893872368029,50.41649647915628]],[[2.842561926373395,48.386395687090044],[2.861050185204158,48.378690527640465],[2.872394051497522,48.37647777890634],[2.886799780395537,48.37631040129338],[2.920267055380519,48.384668777120964],[2.930086718768394,48.38032629287714],[2.934890008405334,48.38007498229657]],[[2.844398658969294,49.434812756508215],[2.847958951050972,49.43635061147031]],[[2.847958951050972,49.43635061147031],[2.844398658969294,49.434812756508215]],[[2.845893872368065,50.41649647915628],[2.846706720362435,50.41638643955155]],[[2.846706720362435,50.41638643955155],[2.848036376254959,50.416246529926994]],[[2.848036376254959,50.416246529926994],[2.846706720362435,50.41638643955155]],[[2.847624303505559,50.416289890838826],[2.8533515483072907,50.41760380302733]],[[2.847958951050972,49.43635061147031],[2.857090856886165,49.439006400063356]],[[2.857090856886165,49.439006400063356],[2.847958951050972,49.43635061147031]],[[2.848036376254959,50.416246529926994],[2.850326989404766,50.41605790091389]],[[2.850326989404766,50.41605790091389],[2.86235390686705,50.41587559411849]],[[2.86235390686705,50.41587559411849],[2.850326989404766,50.41605790091389]],[[2.853274537912145,50.41754947583683],[2.858435915837878,50.43595032244369],[2.9138528776201085,50.55166981682552]],[[2.855422800683553,50.42124218560757],[2.865153982050881,50.41563322659379]],[[2.8559807623138274,48.93190176914379],[2.869937875369119,48.94452973440752],[2.873939110617726,48.95907979360666],[2.879830274961101,48.96385212749757],[2.930479330303436,48.96011350406191],[2.954389825536043,48.96032664119322],[2.96158488368779,48.962704408647035],[2.974763004784602,48.97541610805612],[2.981895121891091,48.97823107668112],[2.988811331595994,48.97812020118179],[3.005551978882198,48.97362104771035],[3.009892617971293,48.97050903322115],[3.014393020698134,48.962858867718865],[3.019991614473592,48.95990143750935],[3.060951103849876,48.95865772612486]],[[2.857090856886165,49.439006400063356],[2.862475430531287,49.4424147025205]],[[2.862475430531287,49.4424147025205],[2.857090856886165,49.439006400063356]],[[2.857999653476435,48.62856909222655],[2.894137460241406,48.61129657851392],[2.974320804741171,48.58794369383902],[3.016099742972329,48.55965952559616],[3.070194966990875,48.554151002352],[3.158693126697236,48.53396986788455],[3.179711968010641,48.53520436387101],[3.2200576852522866,48.52830511130122]],[[2.85892010785278,49.46108730753405],[2.861233304870046,49.46555966852709]],[[2.861233304870046,49.46555966852709],[2.85892010785278,49.46108730753405]],[[2.859492403210825,49.4580182654943],[2.85892010785278,49.46108730753405]],[[2.85892010785278,49.46108730753405],[2.859492403210825,49.4580182654943]],[[2.864203296039078,49.45282709612166],[2.859492403210825,49.4580182654943]],[[2.859492403210825,49.4580182654943],[2.864203296039078,49.45282709612166]],[[2.861233304870046,49.46555966852709],[2.862868793599993,49.46686268611779]],[[2.862868793599993,49.46686268611779],[2.861233304870046,49.46555966852709]],[[2.86235390686705,50.41587559411849],[2.863696703778305,50.415797113358316]],[[2.862475430531287,49.4424147025205],[2.864842899471646,49.445944112984044]],[[2.864842899471646,49.445944112984044],[2.862475430531287,49.4424147025205]],[[2.862868793599993,49.46686268611779],[2.863802329344715,49.46743483220016],[2.86560329280483,49.46832521441278],[2.865771345763005,49.468397858220676]],[[2.863696703778305,50.415797113358316],[2.866257476678258,50.41550911447491]],[[2.866257476678258,50.41550911447491],[2.863696703778305,50.415797113358316]],[[2.865273032622794,49.45042502894823],[2.864203296039078,49.45282709612166]],[[2.864203296039078,49.45282709612166],[2.865273032622794,49.45042502894823]],[[2.864842899471646,49.445944112984044],[2.865273032622794,49.45042502894823]],[[2.865273032622794,49.45042502894823],[2.864842899471646,49.445944112984044]],[[2.8657527561080953,49.46838982254711],[2.891549232511708,49.48034417464246],[2.905231988746343,49.49945419310856],[2.944806989932903,49.513274372633674],[2.957565083039959,49.53942356864567],[3.000166893739962,49.575290905030144],[3.120560934891783,49.58049947411627],[3.214979891968551,49.60730163044902],[3.278234544051118,49.64230544681691]],[[2.866257476678258,50.41550911447491],[2.868829390095845,50.415301043417756],[2.872202413770386,50.415108463602415]],[[2.872202413770386,50.415108463602415],[2.891437749053936,50.41490131711731]],[[2.891437749053936,50.41490131711731],[2.872202413770386,50.415108463602415]],[[2.877622376372934,43.21127911835027],[2.930766131737519,43.21218222751292],[2.948575531137061,43.181554419267115],[3.005697346314289,43.190517723096654]],[[2.993513047226414,43.182540706001376],[3.02750309574911,43.14304324805814],[3.021740714007012,43.0708357236137],[3.046473271672935,43.04110721166923],[3.04406592475629,42.989803114088794],[2.991758244263578,42.873313268325006],[2.922361758127588,42.84262601517885],[2.86746515832354,42.777462375505465],[2.879336480841187,42.69624898727561]],[[2.87935310463484,42.696208853681476],[2.963457919152647,42.607529631415666],[2.964474675714631,42.57686105001903],[3.0770673798199497,42.527623669642274]],[[2.880150524521391,50.299192574116674],[2.8878117985113754,50.30310943567589]],[[2.88780396489079,50.30310201637538],[2.8912414570722405,50.30771580277904]],[[2.891437749053936,50.41490131711731],[2.893736221468172,50.41480880592532]],[[2.893736221468172,50.41480880592532],[2.946710226746361,50.41525255461477]],[[2.946710226746361,50.41525255461477],[2.893736221468172,50.41480880592532]],[[2.933468146393241,46.41496892080452],[3.008826426973775,46.400288628611875],[3.068173163928265,46.41752177074113],[3.1023732612966,46.46745543370954],[3.18849811155862,46.530278869324285],[3.28164545171087,46.569391274061054],[3.3383174970695357,46.55874215222488]],[[3.287283383925557,48.47255324595657],[3.200880071487575,48.455729588485546],[3.129289252749946,48.42494249678964],[3.0170419805230257,48.39751672831374],[3.001968772236173,48.39660145833193],[2.997869447189701,48.394654380034105],[2.98263895047879,48.383618872285005],[2.977405772759775,48.38099467642306],[2.972323961910486,48.37936423855186],[2.955296295537612,48.37724671453065],[2.94244431650605,48.37976399492486],[2.9361726960010848,48.380062574911285]],[[2.945401476952271,46.94854136713739],[2.981678191868891,46.98361102927629],[2.973456226439619,47.028724937296325],[3.002277183777373,47.081700535413944]],[[2.946710226746361,50.41525255461477],[2.953005326531673,50.4171206875743]],[[2.953005326531673,50.4171206875743],[2.946710226746361,50.41525255461477]],[[2.9583712410127347,50.41948750987819],[2.953005326531673,50.4171206875743]],[[2.953005326531673,50.4171206875743],[2.9583394581413365,50.41949274561894]],[[2.967347794878811,48.96809867394397],[2.974502869481074,48.9756429504825],[2.983935078003924,48.98840096492628],[3.010616288272696,48.99980715850233],[3.023069459734767,49.01681980207641],[3.051553853804536,49.03357270885358],[3.052720509161478,49.03646182340692],[3.053610371087354,49.04963115869938],[3.058195789321341,49.05967499505357],[3.060580144735371,49.07222214095949],[3.066593806145629,49.08430885946159],[3.065629126956544,49.08858429282455],[3.058649319440053,49.09736429550269],[3.058813162618504,49.104279568693954],[3.073437497038757,49.12469304021013],[3.076559884207654,49.14013695397813],[3.09380463311164,49.162843060243596],[3.107910692418071,49.1718583908606],[3.114145227968331,49.17779496846962],[3.120781948861971,49.17959793289946]],[[2.9762581293427575,45.12508133049195],[3.010603921360527,45.12928289033053],[3.042703760731291,45.176199478328286],[3.095442004154011,45.2045505715295]],[[2.980355600773615,47.940055042054176],[3.029748688936471,47.946327581591454],[3.076138664210702,47.93578150192308],[3.098302895105452,47.871821789735804]],[[2.986861856410886,48.39015786325584],[2.98811772501156,48.388982487883304],[2.988023250299829,48.387728076189816],[2.9805833850040657,48.382596419559825]],[[2.9839284057805378,48.365704131419605],[3.198881716193561,48.2998558378101],[3.203035297145393,48.284354248366775],[3.261071938343167,48.226290349335144],[3.267704299641484,48.195799977413714],[3.25878763709972,48.17591410369775],[3.290174975221387,48.14403372625089],[3.267315024983242,48.10969136995344],[3.286199429991361,48.08730925452658],[3.280646875342215,48.061452281665396],[3.309479910830375,48.04312903411544],[3.297196776398691,48.01091548993732],[3.354127258351456,47.975302535657164],[3.402974090354895,47.973601255632275],[3.4627575689613,47.956769547911655],[3.525297869620217,47.96258316605855],[3.600403609442621,47.98868882137265],[3.682823314648968,47.97288201616664],[3.746004444393641,47.98067061138671],[3.924423933691974,47.91811149258792],[3.962433963326183,47.866834707194734]],[[2.9848780335018956,46.22408105599863],[3.042998003209211,46.22218589843416],[3.1029812134365584,46.182895775030374]],[[3.081758325509051,50.63196468160598],[3.086867060789125,50.6116630016831],[2.986045626259743,50.60530704376304]],[[2.991798094809873,48.38686729162942],[2.989467304188872,48.387673559000135],[2.9873171347200715,48.38688412076722]],[[2.9978571359158046,50.35036165233345],[3.0381154783158486,50.342372104794194]],[[3.007013285750942,43.19161682799236],[3.077746726174336,43.27769147475571],[3.162604480589545,43.33064002378246],[3.501662297247021,43.31063719805182],[3.563041912841733,43.33200728621496],[3.6743095396103027,43.41426632579358]],[[3.061333307039697,50.66064653529815],[2.991280237477613,50.71109835235042],[3.0116036869393743,50.7619866603534]],[[3.026386304014998,43.9584808986904],[2.971843662485027,43.99250903356827],[2.964091304796907,44.035964826091494],[2.991424516224536,44.086543784175234],[3.063102266317577,44.092214073400235]],[[3.0627736291529626,44.23789415167068],[3.075032264675417,44.28850561192784],[3.0414823181376245,44.3527143728312]],[[3.041482383133405,44.35271431510055],[3.037024459400178,44.40840221706588],[3.1028962533773994,44.43040812656318]],[[3.053333010338351,48.033880856197754],[3.074456740283519,48.0412500987522],[3.078320795559404,48.067875824458866],[3.145481015809835,48.110921174268206],[3.165423777095185,48.1462198560876],[3.188085851970175,48.15203365593482],[3.203167686291512,48.16912724446877],[3.257173689852394,48.18058506885053],[3.2662335609877515,48.203045286181336]],[[3.054291109133875,49.04716320215637],[3.05583130170428,49.04810150145356],[3.0599961573639707,49.04949172566111],[3.054291109133875,49.04716320215637]],[[3.054291109133875,49.04716320215637],[3.053592625228831,49.0458398080007],[3.052848426984831,49.04094720155329],[3.054291109133875,49.04716320215637]],[[3.1902760849683682,43.75143563283236],[3.179474090977757,43.80045783622663],[3.120911748380672,43.83997850567734],[3.11627020866234,43.88803403363731],[3.0562258865336878,43.913684471877914]],[[3.060940001796545,48.95866003467329],[3.114124127606444,48.950610601411505],[3.126757825000822,48.95112886309507],[3.134122137300722,48.95445900738751],[3.143587852024671,48.96477693868056],[3.155899201323151,48.972228572149824],[3.161894645985895,48.97831313529478],[3.169621252590046,48.98165626930337],[3.176271528644726,48.98244660980881],[3.21811769964096,48.974163795575635],[3.236619792174435,48.97246958943112],[3.243552818611598,48.96857305464188],[3.259597994641721,48.951585162254275],[3.271643333521548,48.949100558341584],[3.28192767305865,48.953126791630076],[3.285529518181544,48.96216940585104],[3.2919538540502087,48.96649122700116],[3.3431137226105885,48.97487828950202]],[[3.1003693108663146,44.13679019569785],[3.122426698524986,44.185697462098624],[3.0670951766142185,44.22954561044184]],[[3.0729540245677125,46.89684814311441],[3.117196442949008,46.86611074588431],[3.12213376456033,46.77240599687128]],[[3.117323067466498,50.55680385666409],[3.140382350045734,50.58813858433795],[3.073760009042617,50.640979997338526]],[[3.226903542449093,44.91307384314554],[3.176652910797261,44.976848580145685],[3.198034020707372,44.999260857927645],[3.186281085610413,45.023801768548715],[3.0748780557980875,45.04680815227437]],[[3.0770769072678816,42.52761780902973],[3.117326187012654,42.51216489273419],[3.123792078311782,42.476888721210166],[3.1652039877210476,42.44250785260429]],[[3.079622109481708,50.35486292021188],[3.092424636188436,50.36185501237137],[3.0910224703549622,50.379100293668955]],[[3.0811706202920353,49.24014339915495],[3.092725494810055,49.24875314826963],[3.11361490015746,49.26277785029633],[3.21458794166802,49.254743234762884],[3.226060699640324,49.27113422647063],[3.289565875596482,49.29415233681203],[3.3254441165049,49.33076708779838],[3.320280051120143,49.353731414531325],[3.349087867097341,49.374337931656],[3.349959294757511,49.39954096236444],[3.399930240178501,49.43250984907068],[3.415474256466112,49.46169324695807],[3.414524526423594,49.483142562453665],[3.479250985053189,49.50436015920412],[3.537453925624884,49.50403736712366],[3.596319446676268,49.570424038104534],[3.623161645459054,49.57121177321334]],[[3.082525349319348,50.35622786799591],[3.104818165597669,50.358108203384774]],[[3.083372211302156,50.63144241958717],[3.161893384922208,50.69400770138653],[3.163757017548984,50.71512441733128],[3.196271055317472,50.72211693083888]],[[3.091022124627243,50.37910247015637],[3.0851661555050596,50.39723106128701],[3.006134624742948,50.46882886040482],[3.0837141230748357,50.629597296439705]],[[3.090585231266286,50.622118831973175],[3.263610417492075,50.6174304463329]],[[3.105611511495719,50.35809822704527],[3.093326899532522,50.36250779917513],[3.0909946502469223,50.37685519186996]],[[3.433832561383202,46.20653811393123],[3.314898185353095,46.12724175813483],[3.206304904367586,46.10477307646829],[3.228838311619742,46.037807258100436],[3.154936084191329,45.97522270390685],[3.160850886440963,45.928331708534984],[3.120626497127037,45.88766077477469],[3.143078585532573,45.833224319819664],[3.1003186263462728,45.778466857165554]],[[3.1004826749006074,45.77855404649522],[3.199979698759025,45.71921167155925],[3.1920728064909656,45.69387015026528]],[[3.105729287750091,50.358089979559146],[3.2627777983587567,50.35543661331481],[3.5135061625811073,50.387913831982715]],[[3.12084420485295,50.2863286381158],[3.115477791331233,50.30540232084339],[3.124345088290485,50.34229121547409],[3.105785163852366,50.35808606669571]],[[3.115974070769573,45.78634436645592],[3.311512980670732,45.78319879895788],[3.400549889076038,45.82554982317705],[3.459893760460495,45.821036793407714]],[[3.1187645077545456,50.58998733876691],[3.248063090842385,50.47773043209188],[3.411453818633826,50.44630264337418],[3.5105276852769256,50.389134515954446]],[[3.3097073088101143,45.985086763296316],[3.264478475010869,45.96814931678502],[3.212508117400419,45.913366198643814],[3.1206904033910634,45.88791784039284]],[[3.1208252859216774,49.17960219903076],[3.139985581984676,49.18175377829008],[3.15419374375539,49.19015200471285],[3.1563457763723504,49.190433851411676],[3.209632959749894,49.19741274968974],[3.264911927245384,49.186413172048745],[3.310637619756993,49.19561058353903],[3.374077488668941,49.18466552815122],[3.499148212903668,49.20692094442889],[3.569490355769918,49.291310482684125],[3.6137043487289606,49.305370136950984]],[[3.243669045115665,50.17579241624311],[3.202175000000124,50.2055530009166],[3.207445,50.22569300091653],[3.196091733378324,50.248327323398115],[3.161211,50.25165500091637],[3.157892711493223,50.27455565947493],[3.1208308671214766,50.28634954985236]],[[3.1221140972241845,46.77241312113777],[3.2614022783834145,46.65452216154115]],[[3.137208163780313,50.005658944171984],[3.127724472863495,50.01199711671853],[3.125893449215793,50.03625266967696],[3.136316579342941,50.0796452411891],[3.167000391061714,50.115688867843495],[3.234346124162963,50.14457565000224],[3.252783849117614,50.16474259364233],[3.243760314725513,50.1757464168132]],[[3.144561105279657,46.997562465832694],[3.198571119943241,46.98788377322245],[3.270930666680711,46.911844727701386]],[[3.1969400497132567,47.09173934197607],[3.180625629284017,47.08846368485121],[3.195188326595108,47.04364322024637],[3.1597794697038806,47.006992084585136]],[[3.207858089470054,43.520301058904636],[3.213202819885698,43.54610231796597],[3.126292792933167,43.58638262486774],[3.162722678609591,43.63737941541769]],[[3.247314870328477,50.478106372144055],[3.187429160416524,50.616815135364845],[3.163862744021629,50.62169085315244],[3.1805838062955427,50.64360669902132]],[[3.1857977677214766,44.43951013417325],[3.2758689476116603,44.540123201974694]],[[3.391392124500744,47.261236001266994],[3.345202259176407,47.17544070207142],[3.259913991881342,47.14538755793318],[3.1969332353684403,47.091738897539145]],[[3.284053395889852,46.25416712616609],[3.2048638748597793,46.10228818933359]],[[3.228999303465428,43.33415796786415],[3.246828039724554,43.35046951047463],[3.229240076747602,43.39778999628745],[3.254002539905838,43.438836925081276],[3.2078532571997913,43.52030495349965]],[[3.220070759745178,48.528300138200215],[3.25229537570177,48.51151953845914],[3.25768010102826,48.480581845960415],[3.291769873349575,48.47247270218774]],[[3.241434643578685,49.70758042841015],[3.254212245450188,49.71360133986878]],[[3.257937226015656,50.170136868920586],[3.2475468670361702,50.173104433487104]],[[3.260829971738757,50.166460301219495],[3.2480590964644787,50.172430079013346]],[[3.248786566817192,48.51478227362713],[3.254872925035059,48.52875030322891],[3.295362251221816,48.552903753927815]],[[3.252725953530467,44.509551490973905],[3.256510127099649,44.49232227078395],[3.339128010301081,44.47051107338125],[3.404006027517008,44.50116044642928],[3.456408935184535,44.48200153003339],[3.46089530059205,44.509009859707746],[3.501893028731467,44.522408623155805]],[[3.2528320462925446,50.32872998201148],[3.261891408091389,50.334610016092256],[3.257169302295129,50.35252114228145],[3.2673759413982886,50.35435460738914]],[[3.2597424338907084,47.46340113515309],[3.284342581210765,47.48641593713804],[3.378064781497775,47.5053941803836],[3.447305193565257,47.47785626946248],[3.470847557385908,47.45440588207587],[3.502560743984288,47.44912303744702],[3.450264816019417,47.4535373426649],[3.412898335562888,47.43225561484847],[3.401241848289757,47.39291655647639],[3.379702762814575,47.378598216397364],[3.402005718511407,47.30506274472659],[3.3913921245007015,47.261236001266994]],[[3.2696858503309136,49.69256461478364],[3.2967494428597655,49.659943975113194]],[[3.2709372466408357,46.91184411826625],[3.349981039894421,46.8419760024439],[3.3906233611244416,46.83441053876131]],[[3.2758670590232257,44.540120547762804],[3.283398273784017,44.622812269631346],[3.307198837117197,44.657677360941854],[3.2725722255015737,44.78843740752473]],[[3.2781821137272584,49.642279031248265],[3.295930649270735,49.65644243687913]],[[3.286548615106851,49.8347545877766],[3.2796109179946273,49.83682437700686]],[[3.2917560236493535,48.472472950340865],[3.447518026914504,48.49750917040109],[3.488144906542487,48.49513190707097],[3.514836149897571,48.51080389215286],[3.716059086221182,48.51931172958293],[3.74307834609985,48.50840548561109],[3.853318271402415,48.499615720442335],[3.884751179390397,48.48416732219747],[3.958101236145719,48.39463221532675],[4.057574063135858,48.31375928464972],[4.097294606274213,48.26561764467557],[4.23687053857019,48.25653529611475],[4.349180054201385,48.22393770534977],[4.524914784871702,48.25529552144496]],[[3.29281951418685,49.83770628562172],[3.338069619871361,49.81063437719307],[3.344347400483139,49.794480820494904]],[[3.295371259792632,48.552910124231325],[3.3045702562585655,48.55584996609167]],[[3.2959313291900716,49.65644646050881],[3.290690657510043,49.676276937607305],[3.254245041503313,49.71315637728879],[3.25177946960337,49.74345849391991],[3.273958961668415,49.824296754205704],[3.317969013410527,49.84864604382982],[3.326068618399462,49.885903988266485],[3.389584736112484,49.90762421887245],[3.431409096017786,49.94856475883245],[3.445875120874329,50.000957147422],[3.43868400736478,50.02751572802885],[3.456365596972795,50.053578364095],[3.529146405168435,50.08081276023446]],[[3.2967478114245203,49.65992053221526],[3.301805068486798,49.65084536334499],[3.421911617119712,49.66229348123703],[3.6232576340150344,49.570714189320434]],[[3.3045650002948586,48.55584914707746],[3.350809919927565,48.55583632598363],[3.374396987247671,48.56821182304429],[3.402386298107715,48.60345084690625],[3.415130072933448,48.657495958994886]],[[3.424542582198943,46.05931444861895],[3.309682211020147,45.98508604544178]],[[3.451255773260016,50.04706477592697],[3.458476176921295,50.059868218345585],[3.445091026561421,50.10455728441778],[3.297835052306233,50.134690047226435],[3.283858105784222,50.14416854364771],[3.283731730045707,50.160509498754074],[3.25863316655606,50.168842748241644],[3.256389661069071,50.18325309595618],[3.332822841372391,50.232057408168444],[3.327116649072381,50.26980215866427],[3.345467354893528,50.303247166265244],[3.3266480390211126,50.337904397432126]],[[3.337996193927105,46.55659542860141],[3.4917711869923327,46.53291705620206]],[[3.342161775251888,50.314109481849236],[3.3585215245890345,50.32799018459455],[3.403946403392874,50.33575199573921],[3.445644504700897,50.311545890560105],[3.516616670297002,50.364359936844735]],[[3.3430982297091054,48.97486993820671],[3.382001082274062,49.00107611326832],[3.399706209424885,49.0346453295729],[3.468888210904869,49.043835870576885],[3.490377050014236,49.065682472725385],[3.519951819924887,49.06636806562681],[3.544563794448409,49.08009278396347],[3.56263475659039,49.05807654911772],[3.578060260602794,49.05545250771625],[3.654103982934171,49.08681974149346],[3.690526033067202,49.0841829292293]],[[3.344347533523146,49.79448065114555],[3.397218993178523,49.775973357358865],[3.430167745249452,49.78013916193695],[3.471731251377059,49.80686036287005],[3.485739413839026,49.839587229750194]],[[3.344651141448295,49.371756197481226],[3.418619824985862,49.3697428025158]],[[3.34972632559031,46.53611494100549],[3.356520019045516,46.37283454101955],[3.426574700608043,46.28181374389759],[3.4284681381862856,46.21044271836247]],[[3.3787359082085637,45.30060709471446],[3.501703883581216,45.25826402479122],[3.5011304603709155,45.178231570182554]],[[3.427679448680685,43.31920965044618],[3.43506875248562,43.387563844690284],[3.410650748951859,43.40259208648616],[3.435394678212672,43.4954261188095]],[[3.4315622792162226,46.20827785678137],[3.453751655377848,46.19631412987335],[3.606181014985825,46.2206976372496]],[[3.469703070152091,50.060517132833446],[3.4580009014520625,50.06321465014046]],[[3.460538682760797,46.0623381577396],[3.486925428089402,46.00862221181913],[3.4657046912269958,45.948799408873484]],[[3.4674995977795495,46.83744327020462],[3.6449853946197335,46.857801931466774]],[[3.489751751011862,45.83742757807819],[3.546429805253542,45.754485442424105],[3.529888922842498,45.71453755694651],[3.589469518337678,45.70180446035166],[3.723758901729089,45.61855058878817],[3.727526386598468,45.40919180380798]],[[3.49174355792113,46.53291805637381],[3.752504295699628,46.5307381648321]],[[3.5019516249572047,44.52241560535793],[3.570717975014091,44.54000083404998],[3.6283534682368885,44.52861326897002]],[[3.5206021884069747,47.46674772107733],[3.5025607439842896,47.44912303744704]],[[3.518567941462358,47.46498987650136],[3.503970985923871,47.45026360204078]],[[3.5039972868565057,47.45028871452215],[3.499678042787732,47.4365871410347],[3.5140767715313426,47.42053881808439],[3.594396486469144,47.39100295679375],[3.653403186696439,47.33053227083661],[3.677190641450918,47.25488151536259]],[[3.506264671845582,47.96052267121372],[3.518761808886653,47.95797096828928]],[[3.514597173491848,49.06159656863327],[3.529068940080814,49.02561838307944],[3.557914821192379,49.002921525935236],[3.544314142780174,48.97504583314992],[3.562209932085876,48.94587697136806],[3.552823485277151,48.93207185439577]],[[3.518317938461087,47.95861301518154],[3.540509020489323,47.96849800530384]],[[3.518761808886683,47.95797096828928],[3.579356784709151,47.858507911516966],[3.58546416288858,47.79760837889559]],[[3.5188248528985775,50.36621664081885],[3.501751704235568,50.31265122973619],[3.523405455089396,50.29360519785756],[3.830940943864733,50.19120960193739]],[[3.6808561021418096,47.679534697544746],[3.664834415763427,47.64156900486844],[3.678199355681613,47.60859810242545],[3.641814693731715,47.58666636434267],[3.634773048825402,47.53706995139031],[3.526867291475222,47.51781159671339],[3.507716761609402,47.49385696676482],[3.5206006162234784,47.46674546217938]],[[3.52334255876414,50.370320263367674],[3.6584943748817267,50.40420175843568]],[[3.5291635537035355,50.08082011059667],[3.548631698927023,50.09691109050137],[3.571301991396564,50.09562740099276]],[[3.52976893674911,45.07195310475518],[3.578260603195118,45.05616887662207],[3.649855448508782,44.96959629218362]],[[4.044406539194957,48.315625544511526],[3.939469049046737,48.27171829619195],[3.80531690658631,48.27520409122399],[3.651449080796102,48.229550908836785],[3.536301179822748,48.23658857585297]],[[3.541827128963045,49.3323940801795],[3.6154081164735805,49.305296323483546]],[[3.543280697686705,45.861205242422834],[3.692486786491595,45.87828591007484],[3.76269693271605,45.80480375190445],[3.861954354086938,45.8255471745573],[4.00487505153783,45.74124054382907]],[[3.5528627025444304,48.932089328558],[3.552721737100294,48.93202651801357]],[[3.561821372034755,48.73124808678331],[3.5654394281653934,48.724770427020495]],[[3.561975405861555,48.731142100969166],[3.614658829308875,48.69870747753893],[3.69925556046968,48.69182408799584],[3.724069973217279,48.70186393155664],[3.728941932923414,48.7147282214637]],[[3.571301991396547,50.09562740099277],[3.61481530930028,50.09689633854296],[3.775853389641117,50.17103732640854],[3.897168425606825,50.24249810741495]],[[3.5854644130169673,47.79761036852787],[3.61370077488573,47.77714237942408],[3.601352129135873,47.742582347887314],[3.631418665822661,47.69987920948667],[3.680854614742334,47.67959532513749]],[[3.5923946927715065,49.132237439157066],[3.679299897708453,49.158542413817784],[3.735424881203581,49.19400666787063],[3.831713999999853,49.23052100091997],[3.919426436507854,49.24090351835625]],[[3.606173543420552,46.22069709128126],[3.64170168205677,46.22792510953872],[3.68209645951847,46.19667839423745],[3.7741462535828023,46.19769294935182]],[[3.613145067047651,49.57123119479045],[3.60100519540292,49.57911758518028],[3.61287078697049,49.630129363925214],[3.608014465129379,49.66595410564406],[3.596072197633945,49.68455543236508],[3.543559634545387,49.70717412351305],[3.542508532501958,49.71757505462328],[3.55465100323214,49.738005042215725],[3.7035884042568594,49.83234633633937]],[[3.6141022476513363,49.3053529007782],[3.682529579465283,49.310922754225366]],[[3.6232313448368134,49.57121067626035],[3.640130593278633,49.573719566244336],[3.680500750810361,49.69247735955776],[3.717207225318581,49.72447368159667],[3.793351248805773,49.76040405601601],[3.79817196175293,49.80051006959504],[3.893088916640347,49.830013526563086]],[[4.035063211975244,49.26926633004696],[4.022979111024227,49.32182084244267],[3.992209222864755,49.33998651987334],[3.959376059769682,49.437995141920915],[3.852697377205225,49.53169622214647],[3.780392992755203,49.55509020364893],[3.6245932947919215,49.5707065837483]],[[3.643726416801534,49.571079812458834],[3.633774574984005,49.570897319177845],[3.643726416801534,49.571079812458834]],[[3.643726416801534,49.571079812458834],[3.648332980979969,49.571055301477635]],[[3.648332980979969,49.571055301477635],[3.643726416801534,49.571079812458834]],[[3.6450097413232907,46.85780838342724],[3.770063187176599,46.81917169850265]],[[3.648332980979969,49.571055301477635],[3.650457075480519,49.571329278234536]],[[3.6771800452677095,47.25490074512548],[3.674632252845843,47.224397403279035],[3.738188323050369,47.12971297790753],[3.712538173173783,47.00818241790977],[3.748536258111407,46.95184094868292],[3.731444249281613,46.90273878869873],[3.648642942143298,46.85877111873201]],[[3.649865152469763,44.96959775231122],[3.683101614154496,44.96555422671086],[3.674641190544957,44.897529692153014],[3.7420158973764805,44.83784036326827]],[[3.650457075480519,49.571329278234536],[3.689505004094639,49.5796209432083]],[[3.689505004094639,49.5796209432083],[3.650457075480519,49.571329278234536]],[[3.669337400495972,47.97564910432176],[3.691436182368327,47.97479181498115]],[[4.657792039383954,43.80127585438565],[4.60729783557527,43.80963673118667],[4.545907995034121,43.788386367983286],[4.499520700261378,43.82033687223212],[4.378596951909621,43.84491781730042],[4.13958688437494,43.68220888729545],[3.894634527112252,43.624545229781745],[3.752885110469041,43.42907943826714],[3.6790891293369365,43.41418862273707]],[[3.679757821530666,47.6735074629967],[3.681480573474505,47.66233674979079],[3.727532400511459,47.661901217369305]],[[3.68248783618285,49.31092549240298],[3.765060598883945,49.30865721929146],[3.86806599300929,49.27639642952016],[3.955329616470899,49.27504234783967],[4.012042294237957,49.25541368470339],[4.024427367631082,49.259461998007495]],[[3.689505004094639,49.5796209432083],[3.771053200251404,49.60368875262012]],[[3.771053200251404,49.60368875262012],[3.689505004094639,49.5796209432083]],[[3.6905498454750267,49.08418779375742],[3.730396619636686,49.09004583258366],[3.936042158484783,49.0582181293249]],[[3.6914144529455584,47.97480125969688],[3.6938903474054094,47.97383014983526]],[[3.700632323624104,47.975284108773465],[3.7355032455393564,47.98191306034674]],[[3.724030195054793,47.0508675765798],[3.781590626845147,47.10628784460851],[3.830029995773129,47.084504748325905],[3.9029566272655,47.094848395289645],[3.927778073231867,47.06901215978823]],[[3.727531408348571,47.66190128711764],[3.7466897209720362,47.62054588020049]],[[4.053331963289715,49.02638423929713],[4.037785482656697,48.99096110525508],[4.021793276091254,48.97927298596411],[4.040508721352264,48.93391786687799],[4.00285148567409,48.885279171630515],[3.966442283421059,48.86502360627962],[3.992910235469142,48.76663679706284],[3.919277794677276,48.729799610819406],[3.7294552477616776,48.71494518838631]],[[3.7295067400476496,48.71496673966999],[3.735786871092702,48.68418842709555],[3.705119861322957,48.655382119372085],[3.729253714870664,48.647036727170125],[3.761870872637714,48.6079086996804],[3.803873131723297,48.58340840481599]],[[3.834757053333017,48.037403361827764],[3.802713646335108,48.03646732204653],[3.743431341722586,48.00643579600914],[3.7355032455393564,47.981913060346706]],[[3.746690897600277,47.62054487826878],[3.769406576053239,47.59849740730867],[3.778463002577692,47.56274284604034],[3.79707733830416,47.556797924546025],[3.794351743737382,47.53798528577801]],[[3.7700456737793595,46.81917178621459],[3.840942706435549,46.84481553186299],[3.8790541246187504,46.824160098743874]],[[3.7703931489162383,44.5486106362517],[3.886215417102243,44.564728378257975],[3.9040727297112316,44.59396345633577]],[[3.771053200251404,49.60368875262012],[3.786862203857586,49.60699443101362]],[[3.786862203857586,49.60699443101362],[3.771053200251404,49.60368875262012]],[[3.771775933640808,49.74842676504585],[3.78169432081334,49.747626535859936]],[[3.774140149104407,46.19769498264552],[3.80578759114562,46.215546624749884],[3.841605893586159,46.20691175548566],[3.888736298778052,46.134741319752536]],[[3.786862203857586,49.60699443101362],[3.812694485819624,49.61696702328178]],[[3.812694485819624,49.61696702328178],[3.786862203857586,49.60699443101362]],[[3.795225132578641,45.100519072330044],[3.799068167749175,45.07345519418321],[3.884232525727492,45.03517897834334],[3.908765246090137,45.060097186677766],[3.894862008481615,45.10992068807326],[3.918496213058099,45.128526177255594]],[[3.812694485819624,49.61696702328178],[3.81799515569207,49.62049527582021]],[[3.81799515569207,49.62049527582021],[3.847156885147113,49.64112697046334]],[[3.847156885147113,49.64112697046334],[3.81799515569207,49.62049527582021]],[[3.84561102039637,50.19834231984067],[3.833394529650954,50.189549243910186],[3.864953694437526,50.14883710610126],[3.936066778342416,50.12490861914577]],[[3.847156885147113,49.64112697046334],[3.850100459384642,49.64243755987724]],[[3.850100459384642,49.64243755987724],[3.847156885147113,49.64112697046334]],[[3.850100459384642,49.64243755987724],[3.896742273407138,49.65643270596234]],[[3.896742273407138,49.65643270596234],[3.850100459384642,49.64243755987724]],[[3.8574634323516097,44.73269443076633],[3.886685465386624,44.69415339376332],[3.871648554062832,44.67769755048136],[3.905609561447289,44.609352975999954],[3.912169200831792,44.50981805422677],[3.933927380311651,44.498961770070366],[3.924031359694217,44.4394614200615]],[[4.478811402448735,43.799328683851314],[4.206658529717711,43.70615439908467],[4.084400956969457,43.690657173724084],[4.014524047196766,43.635826901348224],[3.8648299877348435,43.565976874129056]],[[3.8790599155162346,46.82415387529065],[3.995943757731045,46.78688415880869],[4.028088630453124,46.80306099733534],[4.024832603476487,46.83302949705103],[4.107521636912785,46.846672738192666]],[[3.8792170883409454,46.501449551169564],[4.039941769948676,46.48486408299231]],[[3.8930789161703485,49.830011898485374],[3.944520331928222,49.84014666763615],[4.036469105213469,49.899147537495466],[4.087030754392713,49.916168429302665],[4.09331900769401,49.984665806507685]],[[3.896742273407138,49.65643270596234],[3.914698247039243,49.654978181521216]],[[3.914698247039243,49.654978181521216],[3.896742273407138,49.65643270596234]],[[3.966049756419702,49.423673847995296],[3.9093542026031156,49.400238450513584]],[[3.910844455596688,45.18391912619991],[3.941918773599149,45.205746296015235],[4.041371834194394,45.202268391863726],[4.127768686163416,45.24893233638416],[4.139526628719689,45.29721529760062]],[[3.914698247039243,49.654978181521216],[3.944627308655919,49.66337810487917]],[[3.944627308655919,49.66337810487917],[3.914698247039243,49.654978181521216]],[[3.919423921172749,49.2409039160134],[4.032949,49.20123400091993],[4.147922319132285,49.180570178084736],[4.278849,49.09966800092039],[4.446543645005431,49.04623113141731],[4.802382822077105,49.01558520986054],[5.60009228508358,48.95054775162272],[5.753922117261287,48.9727875036568],[5.988738,48.97232800092064],[6.122613,48.940617000920646],[6.377583318808915,48.964293746250846],[6.7226877704887,48.895040886125656],[6.982621301804731,48.76955429069535],[7.418997248401686,48.7794126912015],[7.474911965564943,48.765316669022376],[7.530811632244634,48.72108503565634],[7.628308580206769,48.69853194666986]],[[3.9240379261375438,44.439462478960586],[3.9516561294058716,44.34728242732504]],[[3.9360377283395294,49.058217862129254],[3.9865454557708997,49.03703668562896]],[[3.936980980203826,50.124372577610586],[4.030628199257555,50.06809294384461],[4.052423108778557,50.0211745697146],[4.09701361769418,49.97678846584407],[4.087718940704348,49.92720651013519]],[[3.944627308655919,49.66337810487917],[3.960700485791325,49.67619719864357]],[[3.960700485791325,49.67619719864357],[3.944627308655919,49.66337810487917]],[[3.9516492328806105,44.34726779289675],[3.987439026808389,44.30570510207215],[3.97590732671726,44.25149193494514],[4.011822578948311,44.22715173721222]],[[3.95946195993562,49.43788591478103],[4.015926345140982,49.42113141997275],[4.041862733620267,49.4415457717105]],[[3.960700485791325,49.67619719864357],[3.969401540762929,49.69374867378676]],[[3.969401540762929,49.69374867378676],[3.960700485791325,49.67619719864357]],[[3.962429833928684,47.86684135527679],[3.989221438191386,47.85530424506476],[4.066608434862823,47.85332885150483],[4.062709955385129,47.82806401835085],[4.093614336451235,47.801290267565705],[4.114065272619595,47.76616613850549],[4.167693064417903,47.75713885455216],[4.209119543547593,47.73548487642378],[4.233501090577368,47.693841276659306],[4.224434167576408,47.66933788006918],[4.335516872513286,47.618615917130384]],[[3.969401540762929,49.69374867378676],[3.979265845435396,49.69864539365638]],[[3.979265845435396,49.69864539365638],[3.969401540762929,49.69374867378676]],[[3.969419731532137,49.043040602791564],[4.039928450980119,49.059060165401924],[4.051707212282673,49.08808464966095],[4.022590223853076,49.12868205450962],[4.042361681967093,49.17060060462497],[4.037774553838597,49.21805618597652],[4.012824722935103,49.24530404090733],[4.0236855094375805,49.25867118817262]],[[3.978654452059062,49.04294114136934],[3.9815685937317484,49.03842666660772]],[[3.979265845435396,49.69864539365638],[3.984216787683701,49.69929672305777]],[[3.984216787683701,49.69929672305777],[3.979265845435396,49.69864539365638]],[[3.984216787683701,49.69929672305777],[4.001964498199907,49.6953082701368]],[[4.001964498199907,49.6953082701368],[3.984216787683701,49.69929672305777]],[[3.9862286981990804,48.76327707792112],[3.9974727894710083,48.76551897951678]],[[3.9864498654502873,49.03705608986733],[4.177457230644877,49.015043904221294],[4.3403136331708065,48.96095050500681]],[[3.999952112521758,50.2549985150977],[4.138259185725166,50.24212576374941]],[[4.001964498199907,49.6953082701368],[4.00515232348899,49.695399120202595]],[[4.00515232348899,49.695399120202595],[4.001964498199907,49.6953082701368]],[[4.004681315101581,49.21044440897419],[4.03315952733989,49.207442528122726],[4.037094074809103,49.21929189226436]],[[4.00515232348899,49.695399120202595],[4.014955579051378,49.697904482216416]],[[4.014955579051378,49.697904482216416],[4.00515232348899,49.695399120202595]],[[4.014955579051378,49.697904482216416],[4.017171715426855,49.69791865770768],[4.023729991982147,49.697737831662245],[4.014955579051378,49.697904482216416]],[[4.021341993265995,47.502930210195004],[4.197611495939349,47.36368910776343]],[[4.024440373109703,49.25947230949319],[4.059657559498645,49.281098985561634]],[[4.032599078307827,44.20971908336583],[4.0849529967676075,44.12803106728398]],[[4.045121799598583,49.27579778568567],[4.033740616442623,49.28099840666112]],[[4.037697216193981,48.325104552590346],[4.044406539194926,48.315625544511526]],[[4.0648892521033035,49.26748495561891],[4.043097192978511,49.27528533147979]],[[4.051919370611724,49.277900437870336],[4.053512795112692,49.27924865738946]],[[4.053512795112692,49.27924865738946],[4.051919370611724,49.277900437870336]],[[4.052942651035168,49.27529386914852],[4.051919370611724,49.277900437870336]],[[4.051919370611724,49.277900437870336],[4.052942651035168,49.27529386914852]],[[4.052942651035168,49.27529386914852],[4.056504829171358,49.273352106787854],[4.052942651035168,49.27529386914852]],[[4.053512795112692,49.27924865738946],[4.057123710629854,49.280274958350816]],[[4.057123710629854,49.280274958350816],[4.053512795112692,49.27924865738946]],[[4.091767915626012,48.269609873831584],[4.093723173684972,48.23975132884199],[4.05631625761011,48.18943414736186]],[[4.057123710629854,49.280274958350816],[4.058578712319649,49.28093054584887]],[[4.059797016004285,49.28113667909456],[4.125819702780826,49.29925933530802],[4.164997704186343,49.332213955906106],[4.175431521860983,49.362125373258145],[4.250097884886961,49.392360020642094],[4.2801734597652965,49.41898364641268]],[[4.062057340797623,46.04128140087171],[4.087148340957798,46.02177605346917],[4.069886921701323,46.004944273390876],[4.123980596978922,45.95119899048063],[4.123286603719092,45.87830287334965],[4.185528330910731,45.81924438234126]],[[4.326058586089433,48.984326428000614],[4.298617979585677,49.014677910040035],[4.379698199097392,49.05224420965487],[4.352964797120617,49.091428186824466],[4.320623341680263,49.113194926854206],[4.316673468552523,49.13461838476025],[4.276540215307339,49.13737025758934],[4.187579226007174,49.1974291598167],[4.119200600814386,49.211226640112656],[4.07344623970933,49.240146595534135],[4.064937285278052,49.2674026517905]],[[4.073184111869023,47.69316286189558],[4.0738825762915765,47.69161669260002],[4.10630406844984,47.6676300690159],[4.2411596515759316,47.652970882947706]],[[4.113980677657401,49.214857984172866],[4.0749737687317165,49.22981160353303]],[[4.078541549449989,45.60453795046713],[4.124538458580694,45.552353085466144],[4.255251825877398,45.521627179965066]],[[4.084388982220962,49.91432071919542],[4.075669055729931,49.905771222341976],[4.12109718507822,49.88403516955035],[4.127889699444723,49.85870749446036],[4.316526191378884,49.79318368685152],[4.33547627852556,49.76909035568415]],[[4.08497325252703,44.12803185578587],[4.116734423573038,44.039790174994714],[4.216684847973541,43.96902582130061],[4.211800180757053,43.900843589415196],[4.386206495710456,43.84691665507077]],[[4.087573953550595,49.92738262845979],[4.0850107902589,49.9146586434599]],[[4.086607175000874,46.0231808495551],[4.133612111422474,45.97330492762581],[4.215339649507697,45.98762751764095]],[[4.091181347051879,48.27033216832731],[4.09176791562601,48.26960987383158]],[[4.091767915626055,48.26960987383156],[4.154448266373919,48.2105950074452],[4.232829406316089,48.16337593035094],[4.276570976798317,48.147386469739956],[4.32661086076275,48.14840741965199],[4.37589870910618,48.12520548149058],[4.388514405624798,48.059210061540725]],[[4.093255492246438,48.267956880854804],[4.246543606999646,48.300351748449934],[4.323004872983633,48.35671489085596],[4.453210081000983,48.35987915240033],[4.512858200975232,48.37296094929649],[4.531517875700178,48.38890679128626]],[[4.113797115679918,46.44698018158574],[4.235415184658915,46.40644803330073],[4.328214750230137,46.3302835876865],[4.298400000172738,46.288212391523196]],[[4.139526639275161,45.29721562251487],[4.2256486670800575,45.38561140183519]],[[4.169109758725756,46.47732229626516],[4.217586155562663,46.57179458330796],[4.313052545610918,46.61756521089171]],[[4.176933796769377,47.50204624230139],[4.369517595105262,47.492793310212335],[4.437315499189173,47.458067459907845],[4.454791739739889,47.46548769206327],[4.462872594394969,47.54330708741695]],[[4.177269021549297,49.363490090595704],[4.1945370137146485,49.36169488562423]],[[4.1837063582505465,46.86801321249197],[4.278007970164458,46.86694855427786],[4.359532192131065,46.83356956615995]],[[4.185472039477353,45.8192853905488],[4.231409519658612,45.7687656536419],[4.248071484313312,45.646254582060685]],[[4.188649504514117,46.86746746450001],[4.21165756318706,46.92582599945821],[4.292908236927086,46.95495990390909]],[[4.319306833539201,43.80118069109487],[4.346279823597973,43.73493661115863],[4.201558219686868,43.67607944062589],[4.191088157860262,43.57087699177534]],[[4.194537013714648,49.36169488562423],[4.263930319742891,49.31474662133798],[4.367609281344685,49.29005518332804],[4.397720388642911,49.2520224928907],[4.426760377009509,49.239665999000195]],[[4.355812652139813,48.930995449724925],[4.251662634442512,48.826313221545895],[4.214416206665817,48.763135809103176],[4.188711092763207,48.744152769186066],[4.203818573219689,48.707793328403795],[4.197850736587242,48.69196705169748],[4.182804405290828,48.67606893053438],[4.133283645563596,48.66444878404459],[4.105717830420232,48.63953027312521],[4.103087099197896,48.58223237377926],[4.132535352814923,48.54964274667575],[4.123227264662204,48.52761444523768],[4.130419156632653,48.51715853609766],[4.104131362130588,48.50258882654154],[4.117337373915751,48.45534305606102],[4.200706785430794,48.384739761982914],[4.198293611795099,48.37302574689649]],[[4.21531244009903,45.987618027161],[4.283935322941851,46.00118251886887],[4.403558073382559,45.894338525432495],[4.534012910822776,45.86887142390406],[4.568484367610723,45.842091713503535],[4.617225401209187,45.83274322282606],[4.682387160876438,45.85414478295807]],[[4.217170457395312,47.73636621571542],[4.25919515162674,47.74649964061262],[4.296515632394927,47.80549014194028],[4.369108723401326,47.85354489678325],[4.551565118629527,47.8704042362121]],[[4.235869197935706,47.28304675969171],[4.289491152333033,47.16458661856735]],[[4.626190541829099,43.683730597498595],[4.321181082810636,43.64806621911521],[4.279726425106346,43.65030754593077],[4.237424760939142,43.683700841454844]],[[4.248070641010967,45.646256436035614],[4.289998163412901,45.593934295066795],[4.293490130375397,45.536712593144685],[4.275635987704215,45.51146895937466]],[[4.264534079879965,47.32202755917909],[4.345794328787621,47.13914914129695]],[[4.280178892566724,49.41899741065809],[4.305603734064682,49.44686920022371],[4.335418678027781,49.46088299673522]],[[4.28102629765713,45.39000007886434],[4.284276065770365,45.36721850211862],[4.244786652856179,45.34576031699747],[4.260160528789815,45.29261407905419],[4.355326467719268,45.209046679926765]],[[4.298401554855449,46.28815250611293],[4.295282158112015,46.26172866776825],[4.346173572491628,46.20690729161165],[4.45519745022135,46.14450751808726]],[[4.313050677459557,46.617563069163495],[4.422580381588351,46.7424630374955],[4.473041415044846,46.76214100553707]],[[4.34747897648472,48.95682346476344],[4.327679400174845,48.97040307505975],[4.3260583373883765,48.98433707504844]],[[4.335434479959693,49.46088919449094],[4.371979992845744,49.50559648315388],[4.499623944872562,49.530312882561184],[4.526819507861218,49.56674730668314],[4.527258277842368,49.59337885245986],[4.510662685283267,49.61274097475608],[4.517603844985524,49.62210398512456]],[[4.335514281383578,47.6186162328311],[4.389962016549078,47.61160601999058],[4.454896011071988,47.54489257777917],[4.554521873737079,47.532683907653684],[4.62616073216832,47.49309418241851],[4.801878861192192,47.32943648851575],[4.918298800631124,47.323200552101426],[4.967169567120965,47.342437654122136],[5.027406164019439,47.32296044262148]],[[4.335516262429363,49.76936306418073],[4.347484607058621,49.764728523683054],[4.372228439435398,49.775727599455784],[4.51238476709568,49.797678233392446]],[[4.34036331250397,48.96093132793039],[4.357465440793586,48.929753146591395],[4.4206840150554605,48.8799057339422]],[[4.345802672309746,47.139130073104255],[4.362495409049877,47.03843385575081],[4.45316083225948,46.998621177419494],[4.491414033366124,46.93730094241383]],[[4.346913540528383,49.075563901240834],[4.368967559349541,49.070522830264515]],[[4.3516690751754,48.95148293605471],[4.3558603489116825,48.930954753512175]],[[4.359595464659075,46.83355202745786],[4.426429125495143,46.81151041659293],[4.451400622157732,46.7696980012655],[4.481308554655564,46.75939884118702]],[[4.366769830814443,49.06867736287064],[4.377059596768474,49.06176496085369]],[[4.369441829356234,49.07024688791144],[4.3708322773113055,49.06943786102194]],[[4.379422033063993,49.05280039837208],[4.379403286178206,49.055712807510965]],[[4.379403315658946,49.05571315695952],[4.3846824255471955,49.06200798399354]],[[4.384674292711018,49.062006794973165],[4.484610716475085,49.06646229512177],[4.540327572235142,49.120201505924896],[4.748023202662985,49.08012027003787],[4.787770612228578,49.08036943290487]],[[4.388514405624777,48.05921006154073],[4.3944632498442,48.04394321069816],[4.4238540042292245,48.02745711450282]],[[4.643191650646364,44.25349932802961],[4.652451360771183,44.214181854738044],[4.620493072135728,44.18173536839227],[4.627608717425927,44.16009626953796],[4.795739483431993,44.03457356157576],[4.812338480844812,43.99621609146103],[4.791439941597708,43.95492447465436],[4.684890014792702,43.89505074189175],[4.613032564597534,43.89622483617401],[4.566159064045299,43.93762565968432],[4.551544649008649,43.90724966939622],[4.418459206708338,43.84430295808499]],[[4.420684553796234,48.87990408486529],[4.505499144921683,48.802475327153196],[4.574225416316597,48.72000487154603],[4.763685707165558,48.722602146029324],[4.808330790934833,48.75063372818267],[4.98588787085744,48.82404040005006]],[[4.601687060865535,45.81130401700301],[4.562940496393845,45.76038896020698],[4.466623965635619,45.70704962314121]],[[4.477092877613426,49.524038907494756],[4.557994505416943,49.51082160139229],[4.582396633262171,49.48277214298236],[4.614264613610625,49.48974899503639],[4.650581262147432,49.48759599509961],[4.645824570910825,49.468168551762666],[4.702712663694737,49.41167697299532],[4.708339279578178,49.369866660365915],[4.68920977870892,49.3581709839324],[4.682349972858234,49.33808681211758],[4.704746366551509,49.32961426904531]],[[4.49137787715912,46.93746815325401],[4.50150083346556,46.758230899925486],[4.575504403410291,46.6714160057602],[4.642114961036325,46.53942437981852],[4.67453442763873,46.44227916976413],[4.659210512022908,46.393945115558985],[4.803685465281866,46.2658804055412]],[[4.507014871782124,45.981668664047405],[4.572623432815182,45.907757149019346],[4.6824857635154515,45.85404138083189]],[[4.736921035791498,43.97346083845738],[4.732429334235977,43.941260714507244],[4.664379399645587,43.92084306958827],[4.512506883574436,43.82007147827133]],[[4.524999018311924,48.25532841004449],[4.571519668646491,48.2887118130575],[4.645328363806756,48.26117365808942]],[[4.5279366659262745,46.76927615503477],[4.629595027650998,46.84956499376248]],[[4.53692469319245,49.64695354500712],[4.63224217745657,49.64703284812823],[4.714099123248694,49.72815907055371]],[[4.545021032910999,48.34771234697956],[4.532740458863386,48.398515763771314],[4.586290142116859,48.44144977210066]],[[4.571598704727082,47.870197566550395],[4.587313979000037,47.88411391827473],[4.65427412684268,47.86969116827833],[4.858918352573952,47.778296430338635],[4.977964311739807,47.765094352191205],[4.990243550145798,47.70300405636883],[4.968898644715039,47.68643646782536]],[[4.572393286242941,45.50878089348608],[4.763342798886374,45.58441109327619]],[[4.797266061961419,47.93130028773909],[4.698377685211819,47.90451897091393],[4.64632932543419,47.912216899271264],[4.584196816508763,47.884122966183746]],[[4.586290142116873,48.44144977210067],[4.598536488702532,48.45866563434441],[4.577652048975562,48.56478090680387],[4.593972632569427,48.64696186289256],[4.559536081702555,48.7043174584802],[4.58617938194182,48.71763478703145]],[[4.763625389362031,45.761620936162835],[4.664317073728208,45.823857577906004],[4.657179916188632,45.846911792900194],[4.61913907739699,45.83330932092247]],[[4.629591134144808,46.84956001949161],[4.697197932225217,46.908987656578326],[4.750100206843956,46.904908082883416]],[[4.701223353720925,44.583900391087845],[4.688331811928525,44.46189261271735],[4.651769801117151,44.42673858018496],[4.645366375974798,44.328359629239316],[4.61842733132668,44.28919324343789],[4.643193529309331,44.25347522507163]],[[4.741706640842572,49.81531571252703],[4.779977540058612,49.84672538755513],[4.713800374008493,49.868365808559155],[4.702358993883092,49.910214436299114],[4.646693768623778,49.923711633099906],[4.643878329115893,49.94188889776784]],[[4.682807697662194,45.854177825498454],[4.798828845828531,45.894267827299295]],[[4.765498808465569,44.706618326632245],[4.766234195000948,44.65676239686],[4.701218278676634,44.58389689535111]],[[4.837941341468809,43.95684570668396],[4.794247891622788,43.93903472021881],[4.751557496105728,43.84833484680026],[4.7029519694975965,43.827021597344064]],[[4.702955074995665,43.82702251503568],[4.669781595060061,43.81220066842935],[4.627111029454318,43.71306311201072],[4.647343963151061,43.66008448495303],[4.9465215002567815,43.58831552080032]],[[4.705259964202778,44.44209804284438],[4.697695854535366,44.32800799772179],[4.715203119064701,44.252590010222775]],[[4.89289931373382,44.926835213233616],[4.854036714209505,44.80809424196604],[4.78113506536862,44.730690408504216],[4.792822273990464,44.668085169631354],[4.701747312425653,44.477729836112196],[4.705262729402666,44.44209356981344]],[[4.707336034950085,48.2384421281249],[4.783751693006752,48.198535558981064],[4.78879596647101,48.16205427402334],[4.965260868094997,48.08703950563257],[5.099257256780965,48.11294647481957]],[[4.715205833454083,44.252582745587645],[4.729707519588482,44.201629078324785],[4.828226655894204,44.135492689586016]],[[4.718426068082849,45.85913206342636],[4.760252361092779,45.82484500738035],[4.758886011687782,45.761707628339295]],[[4.720482844548139,50.012790984047804],[4.724629775365455,50.087031217552095],[4.770437329891336,50.115257906083905]],[[4.743834202235269,48.72128251915211],[4.775784513359842,48.722246938415],[4.805269143863465,48.70964767572909],[5.03667746823167,48.602503445541906],[5.043928376491159,48.571351667303865],[5.09923776621141,48.54289119812064],[5.153981252541327,48.458625228345966],[5.14330070192105,48.28971263501429],[5.119699402850456,48.25322384320393],[5.137363539586923,48.203545017192276],[5.09281064074484,48.15475340811325],[5.088658382220044,48.11756837000596],[5.109068272436662,48.11193325785495]],[[4.74739564404858,49.7480664273957],[4.78438766500804,49.73191185622448],[4.794776053429318,49.697139746205174],[4.906095384387533,49.704276679497625],[4.963105204046974,49.667547431859994],[5.129211763464011,49.66874789561099],[5.148952906180996,49.63975537998146],[5.261776026882824,49.58767858107312],[5.233084944140789,49.55026261089265],[5.265077395350897,49.524533656612114],[5.43632595909536,49.51841808444454],[5.604408659789003,49.445179333255446]],[[4.7660373350034355,48.72340348264183],[4.78014601383819,48.72800249938152],[4.789744429192967,48.71754679650099]],[[4.76897341067581,45.44929815773603],[4.813562384481576,45.25373885044183]],[[4.810902236762536,45.61451853692768],[4.794542170076986,45.58336766354785],[4.876804968896424,45.52413441718605],[4.768973453467246,45.44929822344787]],[[4.770334864572374,45.581444356413286],[4.864652080280365,45.52807440828325],[4.754643943855589,45.457035852838814],[4.737535296170056,45.41642076604073],[4.756615103568808,45.32851716873051],[4.792911553369586,45.289539297087664]],[[4.788887279006763,49.080239260463394],[5.064276066201544,49.10643876095724]],[[4.876822823398737,45.82073764651625],[4.838293453943961,45.8394273011065],[4.845000029604453,45.876318314884095],[4.819016979196348,45.925861831642116],[4.791185202302245,45.936304395699736]],[[4.792912283945642,45.289537317262045],[4.81577575347147,45.15484894870775],[4.802537887596873,45.13261238120501]],[[4.9785748333917414,48.087161365786194],[4.913953896242365,48.03902129206401],[4.894099679542651,47.987901664439825],[4.797266061961414,47.93130028773909]],[[4.802537852537696,45.13261201587346],[4.81367426564291,45.076164260115675],[4.834735513729939,45.062045137987546],[4.85863676829138,44.917729399108616],[4.80432774027328,44.82659542222555]],[[4.805325662611693,45.88771218796365],[4.832627679429743,45.87488327484814],[4.828423589997061,45.84054025219808],[4.848503190228506,45.82430255908987],[4.802689608113331,45.77935059532507]],[[4.803678963639924,46.26588277337799],[4.857014133492928,46.229540728547235],[4.842524451554891,46.113211148269016],[4.880554021074576,45.88223647851026],[4.911880384279116,45.8591871834223],[4.999278012243804,45.85374163458862],[5.074091330177717,45.79788744118708],[5.067240847661699,45.67349999186237],[5.107226456942088,45.578900990933555],[4.917283017778516,45.190188770254515],[5.002339354556545,44.9289207589885],[5.001945764626753,44.76312421854166],[4.785947419870149,44.51249873721657],[4.698220337061944,44.33144396539884],[4.69414829930581,44.2286302090028],[4.774799660691269,44.11134276285665],[4.735172939192255,43.99753773269978],[4.744770466065838,43.94972239185032],[4.786093129705595,43.921816586424114],[4.89926291761525,43.89719965149745]],[[5.0260477963342645,47.28839967341995],[4.957070270844655,47.13148993623707],[4.748625627338483,46.91214771749615],[4.774081304991794,46.85254100555232],[4.84381347737178,46.78013203696298],[4.874866265286855,46.63948825442639],[4.910057132403606,46.60592022605535],[4.906953287487439,46.563776054618614],[4.935481808306552,46.52494357033256],[4.739750216001829,46.16556880196756],[4.715477253009041,45.945963808811264],[4.805340360838816,45.88769710234618]],[[5.009217889972101,45.33542867300239],[4.793341250210905,45.29418080277075],[4.80970524476499,45.29981303412356]],[[4.81138087651468,45.296021891581056],[5.078026469971961,45.33493101962967]],[[4.814685894060874,45.18450133465116],[4.833154994271616,45.15749925588803],[4.818023716707152,45.13631909786251],[4.830538966877266,45.07644824554159],[4.8660064431618855,45.053647181414924]],[[4.828209275640784,44.135496352284946],[4.883145745615968,44.11138384159583],[4.894574080287556,44.048039106492894],[4.8379670330239595,43.956851654090194]],[[4.828310634089097,44.77718838903211],[5.015572821715478,44.73034072550082]],[[4.855823344240237,46.279822514874006],[4.984543195144887,46.227837902245845],[5.117357759442389,46.24478145544666],[5.200560701586833,46.2242105172491],[5.225485870705953,46.17077104128686],[5.284635838439751,46.13725474484986],[5.333895759889754,46.054692543419726],[5.338596892988328,45.95436954182708]],[[4.866006600792312,45.05364779712128],[4.857354197255511,45.01442171153032],[4.896095274808123,44.93703615214983]],[[4.990646150361862,46.905366063647584],[4.946955686001558,46.89171528663385],[4.872079693838313,46.82007118030701]],[[4.875776888239456,44.00534676619066],[5.018674663926093,44.03249682980521],[5.041080515208702,44.053790920506]],[[4.880164084938966,45.70823489635444],[5.227636896610116,45.60197569949869]],[[4.899251901903647,43.89720330971939],[4.983123494211354,43.86563555391904],[5.064880560587765,43.78111301413206],[5.185258708866005,43.70071385481741],[5.233841072776717,43.63165834177347]],[[4.908362672794728,43.94144550012886],[4.931127844946166,43.95539422147768],[4.970698418302745,43.92279066140093],[5.0475173901323025,43.917170089269256]],[[4.910276887632786,45.87602998218047],[5.077008222843211,46.06830763814524],[5.128118803836978,46.1001200962489]],[[4.929785039814426,45.812120241707284],[5.127574222706552,45.84985873210316],[5.194648746572017,45.902235819627315],[5.342352933782673,45.953828303745624]],[[5.170938734072829,49.49335548590439],[5.155847125248533,49.54490296933648],[5.09236969254614,49.53147788653497],[5.089410085684535,49.55511194286281],[5.061321473322836,49.561108803184474],[5.089555945029075,49.59320075616979],[4.9604372190318955,49.66830459669089]],[[4.972960405768597,43.49679137342945],[4.953369114646475,43.472802359742545],[4.976499555447357,43.41191969441248],[5.025628787610025,43.392868147561124]],[[4.975753329104228,43.581350797566145],[5.022005166210171,43.57570586643557],[5.05890238168231,43.529643337767446],[5.1344335580316605,43.53082636378736]],[[4.985891524318975,48.824041369027974],[5.103568351203912,48.80541062123024],[5.226052426226069,48.737857664732296],[5.309444878263577,48.717215644066414]],[[5.04561751712897,43.785715278749976],[5.092198474388776,43.70940479429326],[5.077619372122251,43.66408543844474],[5.089919505862048,43.634012651657095],[4.991230219760213,43.597456491815244],[4.998792595906589,43.580978723639795]],[[5.01559719611164,44.73032466870213],[5.1870823226056935,44.690778268850636]],[[5.025628746061396,43.392867874730285],[5.038934357710041,43.344103652715305],[5.153616376600863,43.336683370949146]],[[5.032460823521431,45.042635101466885],[5.184546565607421,45.087242629336004],[5.243095797764656,45.07153145705079],[5.264939227774524,45.08429378144741]],[[5.035015087359355,47.28199142797811],[5.25494872737826,47.08798831813413],[5.147956791833523,46.98411651239422],[5.14064029618795,46.92200267337149],[5.179264093739978,46.799440566154544]],[[5.048763605993944,47.29360918011096],[5.36570864008975,47.19893075101368],[5.443991011159521,47.11155903860046]],[[5.053878839542096,43.80129420073268],[5.185145976650825,43.74462936090351],[5.301941665040367,43.746310942572585],[5.5036489735552045,43.68442214666558]],[[5.055293411994885,47.32281571872966],[5.064613957455368,47.36100462192612],[5.127704689944992,47.40263290553643],[5.129832199598466,47.52021534022398]],[[5.084484155397535,49.14725832247531],[5.26837148873462,49.11168166969312],[5.386203340496,49.17620368285465],[5.420792217143447,49.16727052140909],[5.584953439731376,49.207075597669764],[5.638647609043923,49.20799171334761],[5.761581305310959,49.161715862171185],[5.884877674089504,49.16700375215137],[5.91233035164344,49.200095390724066],[5.998863065545218,49.21834234976953]],[[5.097955708499209,48.113074303459136],[5.153656068204832,48.10851410222243],[5.150412821923665,48.085433102179394],[5.182375155417761,48.05000802176092],[5.240163847680471,48.03525832964232],[5.293300734445507,47.91122631637111],[5.409784520288448,47.84189211669634]],[[5.129777870892799,47.52023448719826],[5.246542900714251,47.48228799791262],[5.291786398266826,47.41586971535501],[5.334135893705549,47.40672296775823]],[[5.179264444057874,46.79943944521072],[5.198360325943423,46.65329316580976],[5.33409247484391,46.45506950075667]],[[5.190662036984258,43.49350060478805],[5.229371424251512,43.49799407192348],[5.236658835166164,43.43527627326113],[5.266329610751016,43.39891576780458]],[[5.204757055779029,47.575330683278885],[5.260825514943562,47.60807257356189],[5.293665308910574,47.6575037672128]],[[5.317917559988872,46.35555028753963],[5.291062762567421,46.28769097384938],[5.216703722632198,46.1937345956332]],[[5.227635978702646,45.60197789434379],[5.322488801933439,45.565283367387586],[5.436540871321581,45.56092602554432]],[[5.230871890886555,43.48667788353688],[5.250557287403147,43.53331894009263],[5.357300420460673,43.49832079218387],[5.43746267694606,43.526435080914695]],[[5.233832388860434,43.63167825676769],[5.331852178452169,43.54393919898844],[5.310451884676777,43.477328319968976],[5.341807797665017,43.36316264497605]],[[5.264939086904653,45.08429339748712],[5.273975519029756,45.11932324045475],[5.440844415891108,45.21633138442013]],[[5.292948426633579,48.71664108392392],[5.340303419458142,48.65626645046599],[5.389139545378999,48.63531645643665],[5.4055955724202,48.5955031685786],[5.463042824915578,48.5850451573835],[5.508571838467582,48.50228880933372]],[[5.293661586938263,47.65749104035337],[5.308057316463266,47.73249532894518],[5.445906370871568,47.808466512703056]],[[5.305071539005805,48.243392036729546],[5.34665893494383,48.27406355774309],[5.431586989949494,48.26434140398364],[5.663421198663369,48.35046674709349]],[[5.330419895556341,47.89062964320235],[5.354600242863178,47.91294724829198],[5.508563892449938,47.91759967794809]],[[5.430604065236041,46.57924540711927],[5.33436895729352,46.452739923508965]],[[5.407258464103401,47.313335593823425],[5.347027513341524,47.207015606398656]],[[5.362255206578053,47.22092033389322],[5.619271159704203,47.237603953459875],[5.933746873486635,47.30209383430956],[5.993217693426178,47.324571348601886],[6.09355400793451,47.42280318548732],[6.276030195777732,47.492962888123735],[6.35917198398497,47.49758921564279],[6.495480269834597,47.54755927578902],[6.657911872931783,47.55432623037784]],[[5.370872554283874,44.74891230542078],[5.419922350704972,44.65953333367024]],[[5.408448258868337,49.06359714584211],[5.381362395749002,49.10094397099834],[5.391820255748931,49.12572369525114],[5.36328843098061,49.14170784449055],[5.373289353591653,49.163728704850136]],[[5.445176351881279,43.522763055911675],[5.45491414735644,43.51036707650655],[5.424871684051369,43.48008472655696],[5.465933726205189,43.45860979509791],[5.387598263093895,43.42358317278127]],[[5.387602798640796,43.423585481680405],[5.365273512484614,43.41494854353736],[5.352540080362107,43.37421052778077],[5.39333591851697,43.31541771032111]],[[5.403186046370347,48.74755100320813],[5.411285148035402,48.77403476689803],[5.51507708522351,48.80542538191417]],[[5.493806843961305,48.9720413289008],[5.423493620271362,49.01181595064268],[5.408450845252455,49.063600728813604]],[[5.518526060822369,46.65752045193906],[5.4306052096803255,46.5792459718852]],[[5.547490041907405,47.443523851580295],[5.432508772371356,47.33456579278077]],[[5.436540449503901,45.56092581926439],[5.514041698594632,45.553740165752586],[5.522711367452606,45.524128593028]],[[5.4444865100257545,47.80921388319278],[5.518280882902529,47.83691435212559],[5.602543453299819,47.81757712776872],[5.781975682599293,47.83290960896871]],[[5.454952320977462,44.59656959812107],[5.526568660527526,44.552777176418076],[5.56143319073426,44.58325678335095],[5.585919946708415,44.559785126734965]],[[6.190501801983062,43.29828491659628],[6.171856303949796,43.33924442499257],[6.087582724194547,43.34702132006905],[6.097818972332444,43.37340138999305],[6.046096720963781,43.38670395253999],[6.05258042352391,43.40946538593237],[5.922658763206154,43.40561498332823],[5.821616598255204,43.46506393386241],[5.776984531684731,43.473843989086724],[5.690960280303877,43.449039797649476],[5.593726225268137,43.4695534305705],[5.466515452436093,43.460329249706305]],[[5.473847374086955,45.25620300503547],[5.494733158176775,45.30335884765964],[5.5647342494695815,45.32401717597988]],[[5.488195999054083,47.096468759214886],[5.525456740881694,47.09996763586966],[5.658606448914624,47.02924851016148],[5.776615980805226,47.03040450570114]],[[5.5227119307576436,45.52412885717445],[5.419693573355413,45.44636974169464],[5.449669098333607,45.34591704123509],[5.491694305601989,45.35769837636955]],[[5.498932797684701,47.099743082800956],[5.496423862954031,47.01225520612819],[5.59717986787621,46.983739269559365]],[[5.512130301727608,45.904520540707075],[5.545853700325957,45.85116722744684],[5.600573136486537,45.826584986119485],[5.634049313505147,45.82209565966745],[5.654716213179529,45.84922775542648]],[[5.710894913192539,46.899141837960926],[5.692091473244724,46.87326865377721],[5.699635684626386,46.84386878418629],[5.664853534798845,46.84595275361055],[5.590631412969184,46.78686228236318],[5.605458098902171,46.75224965601891],[5.578768350056148,46.67282164775206],[5.518529867767093,46.657522090999535]],[[5.524737461049267,45.5439351752966],[5.70377153038874,45.5231654892857],[5.731194210151506,45.50393217905715],[5.7554599899286,45.5422378577975],[5.860511100355314,45.53139234725549],[5.890258809128334,45.5487585502945],[5.897709163869929,45.5878671057622],[5.917491582919153,45.57460271826828]],[[5.542953439730878,43.287209758129876],[5.585662856028994,43.29363298072206],[5.550416410850818,43.2396694183631],[5.590341060466564,43.20102599817475],[5.626167227930558,43.209505588198944],[5.70496215798499,43.18512585695254],[5.722891701064278,43.14499917671592],[5.778281196689923,43.136742107760384]],[[5.572008896748961,43.297009066794175],[5.61312381347491,43.364226556712914],[5.603298159741795,43.39342280608296],[5.565215712054588,43.39672956660508]],[[5.581299172512299,48.80194439071511],[5.755372661428651,48.84803775031045],[5.826153160244612,48.92007910843816]],[[5.58588111648543,44.55978890359473],[5.710295456718153,44.5134175636102],[5.7548331706388955,44.51794976104238]],[[5.729978821391086,43.72265688589134],[5.710523105846385,43.69605986626022],[5.674677765729312,43.7007372557999],[5.592791969295643,43.66257008386439]],[[5.596381106354872,48.10234707145322],[5.5590673519499,48.14076657297118],[5.576193644640896,48.191771721513],[5.660450451975434,48.29155240984368],[5.666909594926034,48.349908908592],[5.6909039415354155,48.35852889042167]],[[5.603861742372757,49.44640287247996],[5.769079740998348,49.51305378289398]],[[5.604181299507383,48.05882642127955],[5.698890471881817,48.12233530755901],[5.752961438016213,48.09178105601053],[5.795038734258337,48.09480840547441],[5.860626522509255,48.1336794522071],[5.893009853337285,48.189441381897886],[5.942036786651878,48.20257726397135]],[[5.604418221181952,49.44515742817612],[5.921063246612832,49.352980471403185],[5.989252819728254,49.355393218311654]],[[5.685195659024833,45.047593587628775],[5.668745464820717,45.04691501989435],[5.689660309816641,45.037800060435366],[5.670697978920043,45.03545844680929],[5.637799532547599,44.96896987501474],[5.624345871893486,44.86930034985512],[5.60517376053966,44.86736295733967]],[[5.605175064524739,44.86736321689813],[5.614769427353897,44.8443424866091],[5.596499959880101,44.83121126688171],[5.628695309123197,44.81578181711695],[5.621447615283408,44.785346877245736],[5.646131071893359,44.76940128242897]],[[5.613030828647764,49.44060298799292],[5.663721829809677,49.421049961609434],[5.655613938847828,49.35333357918087],[5.706883821124583,49.27913500225476]],[[5.630433565086416,46.13872703254374],[5.739763961353597,46.176764841597766]],[[5.696476188254549,45.71171806555174],[5.713071595607589,45.77611919012841],[5.65602455206971,45.81383948410911],[5.65405968025052,45.84847580411335]],[[5.65473161339008,45.84925020040228],[5.712531481252328,45.86267371632603],[5.779100039031309,45.8432249222515]],[[5.658813057840619,48.720810340019554],[5.860643927583447,48.67513502060512],[5.978620642015202,48.71058331590589],[6.021345958644472,48.75316729389021],[6.14361472862143,48.75636402287565]],[[5.659078577300213,47.1501989836767],[5.729736074651218,47.15339810481654],[5.989965578684085,47.23591291158754]],[[6.023394291658561,46.526350882821816],[5.996273209660544,46.53128665313309],[5.880213920429203,46.4576872815562],[5.856725613470388,46.38461398397236],[5.798878664227971,46.38388508241472],[5.800529346327097,46.36454797623438],[5.752237198923885,46.34980208634186],[5.707943179353502,46.36254009021775],[5.677424086841504,46.3192987670757]],[[5.6780065257562295,44.724916577583855],[5.709450343684883,44.596658561270715],[5.777968095826988,44.54808036913309],[5.754797286617858,44.519362888836284]],[[5.690904119542866,48.358529125795215],[5.696764338352866,48.39588147117217],[5.809149594641963,48.48646728166307],[5.845561407663064,48.54437847427167]],[[5.691563661720796,48.35944961433274],[5.710225274361177,48.35273246151283],[5.705705822050917,48.319291672614625],[5.786528735635076,48.2615127727499],[5.84380115141641,48.30438457639341],[5.906829990128804,48.30611192316233]],[[5.706859985059333,49.279146515369135],[5.867984706638091,49.16651583713166]],[[5.799150261316078,46.977054325600704],[5.75811597630227,46.92928618015168],[5.768786235255818,46.91423225468036],[5.7108883916534525,46.899136083880215]],[[5.775149957257676,44.5095282157695],[5.718302771847548,44.42462075834847]],[[5.793425928932929,43.823117630002315],[5.7299781637339,43.722656273422]],[[5.8520871714185905,47.1183245773651],[5.820714903511443,47.05856858850131],[5.775479567944075,47.031477533456645]],[[5.77892111321129,44.339592842379986],[5.848291379722953,44.30164658174787],[5.854723244636934,44.26820108555972]],[[5.784641753981018,45.18496770794493],[5.882317918859201,45.23549142451477],[5.951951027575642,45.305588434942614],[6.0394486354610715,45.477464645850915]],[[5.854723358957265,44.26819999867674],[5.937456487808967,44.20215917309138],[5.952018965732524,44.155369349842715],[6.012721427674982,44.095474964555294],[5.994291169138679,44.054754392376],[5.928257382538807,44.01745583420508],[5.879952806814645,43.89183920456261],[5.793420329393491,43.82311254275388]],[[5.803186258297347,46.0159500615933],[5.818446827728256,46.10524912652746],[5.880405111345153,46.108689561232715]],[[5.823704598575134,45.91489904809535],[5.831801392079583,45.971600931681486],[5.803214393443552,46.01585379873361]],[[5.828381719860873,46.89585435470823],[5.906074833350076,46.857195137102394],[5.998345062578537,46.84879988403968]],[[5.931846045545231,47.22558033003771],[5.852098228320563,47.118382138862]],[[5.867968804045646,49.166516320921815],[5.889265966839048,49.15784297509215],[5.878601441996779,49.103114065905984],[5.895960281632717,49.052447630574946]],[[5.870663970188453,45.761383549838406],[5.908543362719471,45.69236081408602],[5.891927278021803,45.626593685437435]],[[5.888967025989562,49.36660304282764],[5.860268979699972,49.37912370822595],[5.887876355207547,49.41731534281284],[5.873849331291684,49.459804858437344]],[[5.875012742927054,47.85202173768778],[5.983912971733345,47.8175042417287],[6.048051696839103,47.75290933129661],[6.047774294415766,47.69392825913637],[6.127638804641524,47.62165777035147],[6.164167980753608,47.617626368107274],[6.205616361054951,47.65728277818279],[6.27857973692421,47.68276496496385],[6.499218443785334,47.68259993000334],[6.675414856322369,47.70867746661687],[6.831262805046613,47.67281144897646],[6.85523846886865,47.63031693702587]],[[5.882777267630399,48.96745848153507],[5.965382814714261,49.012699003413346],[6.050237229392876,49.02218522612999]],[[5.895957685213924,49.05245185734146],[5.93781792225402,49.00727240640863],[6.03735971477192,49.00808117576906],[6.026132550129149,48.98287769542408]],[[5.90890129488192,45.688112427941064],[5.955209039123467,45.80855331450723]],[[5.914735390587289,46.13007728937279],[5.956368169301967,46.13370219982178],[6.038966955381594,46.21501757197078]],[[5.918858585072704,45.573301172809195],[5.975472237957245,45.52351776837585],[6.038280433597589,45.504710978201096]],[[5.930109822710758,43.12843945807802],[6.010354235293564,43.11881159002234],[6.05344572295737,43.15672365972977],[6.046989751202557,43.19536208281536],[6.098607740753709,43.26435092775216],[6.278762893695663,43.313480893013335],[6.299764639443641,43.36367864757704],[6.356549867981102,43.400312976105035],[6.425335496906326,43.413203335458384],[6.438633871617626,43.4468641258806],[6.570725147564883,43.47067699003238],[6.706284508847839,43.439378084679554]],[[5.938024376327464,46.71092648602795],[5.935204994478056,46.63374799084201],[5.9613605381921095,46.60500967896284]],[[5.94194368262572,48.202551016306245],[6.051350624740135,48.21542393276179],[6.138685842275717,48.25810122226603],[6.150311134485104,48.266878035224096],[6.126999307365537,48.30426924734575]],[[5.948165032015344,45.8628779085405],[5.940172903457058,45.88235707979986],[5.963756818268148,45.89578413594803],[6.089148561663838,45.90780534040828]],[[5.961363964196658,46.60502333305769],[5.952229299935866,46.573357868258604],[5.986834195835376,46.57273138571499],[6.0177428321096516,46.53929730240449]],[[5.98922403039793,49.3553885562272],[6.095160130077702,49.3265328480002],[6.159473679232898,49.34619056143792]],[[5.996000542270997,44.0575244710956],[6.094226497470375,44.03321515817052],[6.224769147785285,44.08900339244677]],[[6.073308433074433,48.85093086866525],[6.029913743661845,48.97449048227335]],[[6.030040397543928,46.124024056136015],[6.181538974503173,46.15982929232195]],[[6.042947188519776,49.24687170668892],[6.164236515196999,49.25530911596436]],[[6.050237611425126,49.02218586266775],[6.078204792293091,49.07444317307897],[6.180568549222388,49.110600468515116]],[[6.051896859233764,47.250703091611044],[6.07802447311382,47.27795605707764],[6.199496231210513,47.292615333217455]],[[6.06111464882614,46.86135835277587],[6.16762305347412,46.85882093628678],[6.247384142399901,46.811460978086224]],[[6.085421275857765,44.56371322729713],[6.162100416814144,44.575879758614086],[6.27177130018459,44.54572830593921]],[[6.201345586587025,48.6707152213063],[6.177199154081239,48.624363219892814],[6.103337630505594,48.60225170333477]],[[6.107082261053404,48.61386600754014],[6.221582222120782,48.602953934198936],[6.310955476263427,48.6250513264085],[6.354397580010653,48.59813626047468]],[[6.143679132816749,48.75629790177041],[6.171161484673625,48.73198534304877],[6.17362403388166,48.690342802761],[6.209767382329125,48.66688220000855]],[[6.156082836043649,49.148719280326965],[6.158245671765087,49.298103689240776]],[[6.157628708067916,45.96810123966912],[6.159479939653533,45.99968338724922],[6.244804889660424,46.04363049378034],[6.35168967880436,46.046200962967234]],[[6.160850321729118,46.85867027684499],[6.34995926000768,46.900930316288196],[6.383811963494702,46.869811226063206],[6.4589871615745125,46.89914096320413]],[[6.170657256174574,49.35422793996199],[6.204675916715504,49.36517688357497],[6.260266580823258,49.345207696092245],[6.274998451260362,49.31990326621562],[6.31724539514871,49.31986884427485],[6.352861030313907,49.27576727648887],[6.459586407321829,49.26241675812998]],[[6.176713439824696,45.563190058385445],[6.3204276479889065,45.63621248987258]],[[6.310983043377468,49.06348980726337],[6.199423049226875,49.07644962571251],[6.168616375134246,49.098096426566045],[6.180962313401487,49.110787224894516]],[[6.182636915881942,49.360723550224655],[6.278645586470915,49.398778138168645],[6.33800674863202,49.447241388070005],[6.359684396558471,49.442750182013725],[6.3696340876816215,49.46904462086779]],[[6.19950173544272,47.29261839274363],[6.424700779830331,47.37405491942557],[6.491712112165659,47.37122166043932],[6.492127445546594,47.39662216615558]],[[6.209759972293692,48.666885015470925],[6.339237470057631,48.6274128377318],[6.394575949993892,48.56120132574425],[6.452807173609954,48.560684573538055],[6.495478174578037,48.58763459824543]],[[6.265270379319303,46.20974836358982],[6.425941936703035,46.30417362970284]],[[6.270625283204904,47.15599429567767],[6.434664798876026,47.12984692695514]],[[6.271774460086429,44.545726857848194],[6.344336397325233,44.52377817374435],[6.450331343745157,44.54604811197174]],[[6.2926471444684,45.46338575963618],[6.276889956497055,45.38589439857721],[6.353399796571185,45.27883158836886]],[[6.99829999125736,48.811795903418776],[6.792248858660852,48.90421886362783],[6.582743270933309,48.96272951810681],[6.450190711280309,48.970001605074884],[6.42409199631288,49.00363513437088],[6.310983043377481,49.063489807263366]],[[6.39139009659515,48.56201140460143],[6.398822225556895,48.508495003779394],[6.371640929819224,48.475651712819584],[6.317726600946346,48.4619893266852]],[[6.332721100621157,47.90971272935266],[6.360046542715661,47.8616614039503],[6.338391337354613,47.84781796246121],[6.343597184318678,47.82472155574348],[6.375606757139064,47.813126294870116],[6.477195804101745,47.684054598929734]],[[6.363973127483778,48.04211541231038],[6.253600746119242,47.94649980343195],[6.337286719730027,47.91429435172232]],[[6.353394232655282,45.27883689701401],[6.470071750834974,45.21754443192764]],[[6.441283266190255,48.17792060799921],[6.469986252123502,48.13638899898903],[6.415503703858659,48.06873846044102],[6.36380473321036,48.04204573450207]],[[6.364679256666604,48.32347458752341],[6.396407514106504,48.29596891607309],[6.441284785475988,48.177916289501276]],[[6.372465531532581,45.669118680234526],[6.42996571256414,45.659597627719286],[6.451926424368626,45.61427552607465]],[[6.375803302473835,46.05921478316089],[6.504352393985006,46.08914006504931],[6.582704532252038,46.06140929053633]],[[6.382827668234353,45.765047336196766],[6.423058418051279,45.73904495210576],[6.386172838816376,45.67439184711095]],[[6.399158029556449,49.01311108440023],[6.44829682286899,48.99574314034187],[6.683930510721786,49.052647546089496],[6.711747347996907,49.07860849113139]],[[6.43427079170322,47.56547320609074],[6.484191562062176,47.60707563070428],[6.474999367390509,47.681392798747794],[6.492747932055749,47.682963150572064]],[[6.434664373696118,47.12984777238648],[6.459952718811345,47.082616064313825],[6.496864534011286,47.086752013071944],[6.496990499799391,47.03655901031875],[6.57003571626357,47.03566677698442]],[[6.451926513792083,45.61427541451696],[6.469138299345478,45.53812066250746],[6.531309057155954,45.48656849753611]],[[6.453148844397378,48.14618950419542],[6.500079468480695,48.14522993056116],[6.597722062637994,48.09161090314012],[6.577363581407015,48.039983301181806],[6.598246430015911,48.01690461458266]],[[6.459586407321877,49.26241675812997],[6.512648208160704,49.29441067053151],[6.545584315756061,49.28399461592262],[6.569581873598334,49.22838421606164],[6.636063894588279,49.21950169463143]],[[6.47006988007047,45.217545100799434],[6.64250459085946,45.18971020862093],[6.681640237297696,45.20646874391017],[6.657468681455287,45.184004762800896],[6.681288716793615,45.14116307844484]],[[6.495499125997945,48.587638021032106],[6.611721975074501,48.588486383281364],[6.970333488520266,48.691626369363114]],[[6.496265861729987,44.56681510210844],[6.535854623953877,44.62137172308263],[6.615537307637937,44.67456971062484]],[[6.507909872815177,48.58828429472572],[6.853289972680176,48.39926663428222],[6.884983599026913,48.33075000908872],[6.950498209513873,48.28142701622873]],[[6.521191835928703,47.41674122716776],[6.587035549496392,47.450498311231904],[6.762132237592549,47.47444416315602],[6.801540705669074,47.510506052460244]],[[6.531059250884853,48.118891443373464],[6.58485566303099,48.12287553491692],[6.711000278456792,48.2067189175455],[6.761142664983242,48.1854334941037],[6.815993748719644,48.20798568884876],[6.862248583791149,48.19594546806303],[6.906884261002866,48.221237155908284],[6.939221464441343,48.21497613742516],[6.965403499194977,48.262612209756334],[6.950498209513885,48.281427016228726],[7.020134088885564,48.26081519676453],[7.088251689882811,48.307002089684744],[7.150536557916036,48.31824401898217],[7.10757864954516,48.33270446138503],[7.110887852804403,48.34731565154839]],[[6.543168650042543,45.486960329619016],[6.620661177995747,45.548498927832426],[6.740811081541591,45.576086427305555],[6.771523399887809,45.61826128495279]],[[6.615537462234471,44.67456896518191],[6.556239080926759,44.790960544212595]],[[6.570027423187587,47.03566437230839],[6.59894421840165,47.05377556352923],[6.726091377332129,47.0497728737789]],[[6.582660092303186,46.398390561312716],[6.708157918844707,46.407711776755974],[6.853860402137046,46.38569568663329]],[[6.582712177732382,46.06139132111599],[6.618281955463122,46.035901088410064],[6.636499451629114,45.93577807559325]],[[6.82785876724657,49.13850155055235],[6.72658963130121,49.15352240447026],[6.636674816063894,49.219763842511774]],[[6.683985578691948,47.55606897573777],[6.810616238659417,47.56097248058091],[6.917562038954167,47.591044294398856]],[[6.711749299121458,49.078611264701436],[6.900867885517181,49.1893716211371]],[[6.712202830590748,48.81385198631154],[6.747065876465057,48.84939886996754],[6.727467008352379,48.89723710595277],[6.75059801979446,48.90618393348151]],[[6.79693828049046,45.89370321606813],[6.899163452282663,45.950724726052925]],[[6.8015397803569675,47.510507288901714],[6.770650262244617,47.57715783554687],[6.855527130471675,47.62973729604558]],[[7.067961668090799,49.10709247095825],[6.908727688578353,49.08790292336849],[6.853899792921155,49.14078631469091],[6.82785876724654,49.13850155055235]],[[6.8551735425280285,47.63044730914808],[6.98601253289675,47.60917857468535],[7.055600161543137,47.63119981471852],[7.25056705537357,47.62559655375109],[7.26889901579168,47.676842643004015],[7.314263778624101,47.71933212940428]],[[6.856720966578851,43.431928713557625],[6.91885396838344,43.451009662324914],[6.94104207699586,43.521518271720915]],[[6.970265715249068,48.69162090283326],[7.093743362961218,48.74299653870379]],[[7.106990165323575,47.809050196208254],[6.997714500211729,47.88989277755132]],[[7.094931759529685,48.7428006108258],[6.998288073888226,48.81179515461162]],[[7.432563131861195,49.048573737614426],[7.438789629005771,49.02460105866023],[7.374292650670441,49.000281282040156],[7.171838675446644,49.107537843868734],[7.067950739149512,49.10710573188588]],[[7.125264721748073,49.035328549398],[7.145240060551941,49.05170656521835],[7.126660797578871,49.06111026397669],[7.131368061198955,49.084481651809284],[7.0686696921298395,49.106757651296185]],[[7.2158990250897945,48.479947306809336],[7.13292158725306,48.351358682273634],[7.110866755720687,48.347253650578715]],[[7.112741626371108,48.73983223138078],[7.15367732076315,48.76933398250323],[7.155615140936515,48.84038917950708],[7.185152261054713,48.86993069121232]],[[7.3815374724143465,48.920085053851],[7.214298166815049,48.90664981608077],[7.183792692035751,48.94741578703264],[7.138172379043817,48.96620052025191],[7.125151794157229,49.035196204693335]],[[7.27944807850068,48.08560119822652],[7.204955911739916,48.0440076212562],[7.134490224768739,48.03815789940156]],[[7.18663433272071,48.72406649559723],[7.26998940704285,48.73642486241274],[7.3131630039501125,48.71994196210078]],[[7.500115158335964,48.53746708246109],[7.314004721980053,48.52504353323571],[7.21597146062618,48.480042526541524]],[[7.700402622200707,48.5576723750592],[7.627784304369635,48.406378086073936],[7.460385896819096,48.28550673001285],[7.364004929305498,48.17024941986751],[7.307255359306644,47.92347019044713],[7.268927952278877,47.86762904928948],[7.261967495969817,47.78675849341168]],[[7.262186847182925,43.704990182708215],[7.401468922643834,43.721444601726176],[7.495309914075327,43.775823173562465]],[[7.263747090656825,43.70568273073551],[7.319595390764107,43.76272960951449],[7.375268497745727,43.77153017397903],[7.381901290792715,43.815184133911444],[7.351790807831814,43.84097124126765],[7.3683705841759055,43.84874317050703]],[[7.279166208233971,47.757273822757085],[7.396091642007621,47.75229475329896]],[[7.347191217699169,48.073380043824535],[7.338893129239383,48.06130156120735],[7.551167437684065,48.01889775005982]],[[7.357531464323646,47.75030926447161],[7.54348534552493,47.81495791926836]],[[7.361048727749074,48.05675425269282],[7.396243331933421,48.002505116593184],[7.383189245023535,47.95280599701579]],[[7.413834864386462,48.763486046656716],[7.691724698669362,48.740726228706485],[7.732153027010305,48.58357980079086]],[[7.415925181555008,47.740379365564415],[7.452326716676088,47.66335243480608],[7.543224411033478,47.601636062876466]],[[7.633720668370245,48.952362871112406],[7.506906868794799,48.997847677852874],[7.484318478421701,49.024861684876086],[7.496124148875587,49.04219985756754],[7.432560311089434,49.048567145634614]],[[7.44391070797039,48.262105869187266],[7.42916386887276,48.30763530534249],[7.449495302936977,48.39492537861901],[7.499542337461944,48.4759230680996],[7.500125380511793,48.53745562070593]],[[7.636780133605101,48.75710936448845],[7.587763993651607,48.79907984769036],[7.57807383115304,48.83918632751326],[7.476743506481109,48.87199843055372]],[[7.495181363313484,43.77577190791191],[7.610024,43.792664]],[[7.694915441730738,48.56330393977101],[7.500121815256962,48.53747131678061]],[[7.564899896498053,44.021864623120564],[7.511564054081875,43.93713439218713],[7.52636399735018,43.89503223894485]],[[7.741298632154856,48.82921665218383],[7.653247895254921,48.90524316932715]],[[7.715116080161416,48.678630567354645],[7.787844239405571,48.706106201954505],[7.851354495920514,48.76557632444371]],[[7.7418367372873425,48.61190222408724],[7.887611271631441,48.70063386797027],[8.195418202733286,48.975224891419735]],[[7.78238536288161,48.813259180531105],[7.822119405312476,48.91201578425242],[7.949258141398217,48.939004087765795],[7.972248458445082,49.01258392927359],[7.950528844838491,49.03148112064609]],[[0.161280553206077,49.48314833010278],[0.16610294813265924,49.48340910717664],[0.163872282745459,49.48366510486531],[0.161280553206077,49.48314833010278]],[[2.197938433233485,49.0073326767601],[2.224824308356541,48.99719110285426],[2.258193767854617,48.984736248451156],[2.197938433233485,49.0073326767601]],[[3.993655995021958,49.21455924173937],[4.011164654647512,49.20827554228092],[4.009601166074121,49.208913778297685],[3.993655995021958,49.21455924173937]]]}}]}