{"type":"FeatureCollection","features":[{"type":"Feature","properties":{"name":"Contournement Nimes - Montpellier","opened":"2018","codes":"834000"},"geometry":{"type":"LineString","coordinates":[[4.736921035791498,43.97346083845738],[4.737936706957735,43.96999643311882],[4.738262746246867,43.96878710086771],[4.73875858997461,43.96694783804538],[4.740989930173084,43.95929450679866],[4.741476272020551,43.95751486115021],[4.741618701922381,43.957150910278095],[4.741621387315964,43.95708184730349],[4.741608544574326,43.95646992613597],[4.741556647229604,43.95559970551731],[4.741467859008579,43.95486094131717],[4.741381549332606,43.95426707781681],[4.741220271246824,43.953450666865244],[4.740949945202343,43.9523798862605],[4.740722798125561,43.95170242874856],[4.740350466161292,43.95067126671249],[4.740214479955619,43.950365851708575],[4.739823524723874,43.94948777619412],[4.739125007391016,43.948233841827495],[4.738579733835693,43.94734192510795],[4.737993278533319,43.94650413409991],[4.737512418249735,43.9458715163601],[4.736891876813414,43.94512854333618],[4.736279503182988,43.94446142495346],[4.735283426749938,43.94347252672652],[4.734529374894076,43.94282031425799],[4.73404849357063,43.942440974845155],[4.732948484597904,43.9416183459539],[4.732429334235977,43.941260714507244],[4.731058536109867,43.940369188403125],[4.731027904915821,43.94035259554929],[4.73069798915374,43.94026596179047],[4.730284441711375,43.94014232472833],[4.729709833790486,43.93994976088315],[4.729216674995409,43.939763563114745],[4.728712462525138,43.9395622219931],[4.728175469943011,43.93932821226372],[4.72685776302184,43.938744061615694],[4.725471529486277,43.9381124770793],[4.724713565512225,43.93781301823584],[4.723734305339925,43.937437912997765],[4.723263066542438,43.93727431752363],[4.722610447281823,43.93707018456527],[4.722039966135216,43.93689538528201],[4.720915446501611,43.93662209916171],[4.719819799417573,43.93636876855616],[4.718844670306348,43.93612884717775],[4.717654543088592,43.935840909527954],[4.716341188700155,43.93555669751531],[4.713859720886124,43.93501590400824],[4.711392388293062,43.93449031234502],[4.709054229965286,43.93398515964444],[4.706557329428803,43.933444444379276],[4.704810498964409,43.93307974403453],[4.703378268186538,43.93274967456845],[4.702603297746428,43.932589781536386],[4.700668120865761,43.93217134420822],[4.698230393407457,43.93165062775239],[4.695794071394254,43.93111013589016],[4.693361980082633,43.930579375030916],[4.691934986638932,43.930258141863646],[4.690944015637035,43.93006382082172],[4.68849056483676,43.929531876721484],[4.687862972621891,43.929378346733046],[4.686571528641059,43.92909575736203],[4.684036626144424,43.92850587244896],[4.682227549339826,43.92803280444714],[4.680845755104381,43.92764170140934],[4.680407529499144,43.927517661284085],[4.67838142869465,43.92687901269466],[4.676056481432622,43.9260732427218],[4.674026002007133,43.92532855249806],[4.673167674188059,43.92501483121939],[4.67299277178148,43.92494240503943],[4.671854987744383,43.924471243320134],[4.669980612623104,43.92365605357504],[4.668408642036781,43.92292293516542],[4.666563733590521,43.92200717654287],[4.665218737502707,43.92130056966354],[4.664379399645587,43.92084306958827],[4.663131123103541,43.920128293650016],[4.661158027540536,43.91892421959133],[4.659521259516195,43.917858424516616],[4.65858133840953,43.917217833153515],[4.657750572082735,43.916627869449016],[4.656836084647243,43.91596132543305],[4.655151013438807,43.91465605394983],[4.653926768858088,43.91364730100664],[4.652723985152326,43.91258150931283],[4.651984286912352,43.911892270571954],[4.650879673950354,43.91086833565093],[4.649872328363339,43.90985626283141],[4.648962533293008,43.90886605653838],[4.647884441490854,43.90763823686204],[4.646275507411935,43.905758010034205],[4.644365042074759,43.90349540279095],[4.643434120650769,43.90240541468248],[4.643242639381489,43.9021756180478],[4.642918099946348,43.901786133414326],[4.642269533989311,43.901048771070194],[4.640787843244708,43.89941004278294],[4.639665531765874,43.89823618428198],[4.639076490646183,43.897641331543156],[4.638620383897044,43.89717789463166],[4.637867389548735,43.89644860233851],[4.637657286352865,43.89624510838184],[4.637008160228236,43.895644476381705],[4.63596578393186,43.894679512191935],[4.634811364868535,43.89366618697374],[4.633473470284713,43.892525518357246],[4.630997174543817,43.89044127566636],[4.629872206642849,43.88948416380692],[4.629385587931177,43.889077848602774],[4.628331532379354,43.888179699662636],[4.627744460255549,43.887684181352554],[4.627329737388187,43.88733412746087],[4.6266486482585,43.88673725202788],[4.617675166893137,43.879138487041246],[4.617341093659856,43.87886045441901],[4.616916259425811,43.878506880587885],[4.616286640485675,43.87799846648794],[4.61407217233093,43.876102303651564],[4.613325767603444,43.87547041352174],[4.612617005440497,43.87484672412982],[4.611550736426113,43.873987692119414],[4.610933277829774,43.87347000314045],[4.608801233550504,43.87176088426889],[4.608313422486389,43.87137537264874],[4.608044676805579,43.8711831352917],[4.607314054340604,43.87063181995028],[4.60594266759268,43.869599246843755],[4.604957933215604,43.86890932956228],[4.604453707756497,43.86855162707704],[4.60389547401085,43.868140085753176],[4.602968119112373,43.86752618955528],[4.601237973048472,43.86637187550119],[4.599155152062792,43.86504067482994],[4.598164206403751,43.86440987545308],[4.597639172912587,43.86407564934676],[4.596014048855809,43.863104724886334],[4.593586086531485,43.861723541423075],[4.591571499049224,43.860619055744834],[4.591067667433873,43.86034282066793],[4.589935830378667,43.85975564320673],[4.588715453843755,43.85913305631853],[4.587088974835186,43.85832625669804],[4.586131487744792,43.857873249346305],[4.584646353393739,43.85717442219606],[4.583189730722218,43.856505178846746],[4.581197494204029,43.855633562246155],[4.577495061019369,43.8540829232463],[4.57488538680355,43.853043355403166],[4.572797018307836,43.852186319263645],[4.572709610188239,43.85215082691491],[4.571067844696341,43.85148416168821],[4.570070844535728,43.851080014278516],[4.568914636753266,43.850611311479135],[4.565805683009282,43.84933524399376],[4.561407491251769,43.847572439739665],[4.557790883003071,43.846104805557026],[4.556248878087331,43.84549313273608],[4.553014573683178,43.84416180331949],[4.550880433021469,43.84329167274635],[4.548769569141476,43.842427841642504],[4.547519844581853,43.84188193755598],[4.545471855955189,43.84095378505614],[4.543483091856781,43.83999807642819],[4.542338598752125,43.83942060991453],[4.540829382484206,43.83864484119538],[4.538996387529191,43.83765016734712],[4.537733522723106,43.83695092489733],[4.536787733537096,43.83639061215018],[4.535598614597958,43.835690307223025],[4.53366752013764,43.83446680584695],[4.531257100957545,43.832889810138894],[4.530331778753403,43.83225633099795],[4.526572188187796,43.82966830932532],[4.517525985222732,43.8234966123362],[4.512506883574436,43.82007147827133],[4.512632132188839,43.82015695784388],[4.5101551402304,43.818466390869474],[4.510104955912688,43.818432144750155],[4.510054770460102,43.81839790042531],[4.51000458141107,43.818363658828886],[4.509954387523061,43.81832941997803],[4.509904188819847,43.8182951847727],[4.50985386633491,43.8182608729546],[4.509854101806363,43.81826103440459],[4.509803642876344,43.81822663714881],[4.509803904917429,43.81822681623219],[4.509753412164979,43.81819240682214],[4.509753700751591,43.81819260263914],[4.509703172934443,43.8181581810922],[4.50970348811404,43.81815839544224],[4.509653266981014,43.81812419374181],[4.509652926474589,43.81812396174106],[4.509602670300558,43.818089748803224],[4.509603037400031,43.81808999933716],[4.509552404436114,43.81805554317849],[4.509552798104719,43.81805581134594],[4.509502128881158,43.81802134486678],[4.509502547876309,43.81802163068492],[4.509451841174033,43.81798715480209],[4.509452287980803,43.81798745823656],[4.509401542581481,43.817952973867094],[4.509402014714491,43.81795329495235],[4.509351230594335,43.81791880119642],[4.509351730538835,43.817919139898024],[4.509300906502807,43.8178846385722],[4.509301431797362,43.81788499582434],[4.50925056782149,43.81785048602894],[4.509251119684892,43.817850860914696],[4.509200215817025,43.81781634444916],[4.509200794249113,43.817816736968425],[4.509149848003998,43.817782213867034],[4.509150453004625,43.817782624020026],[4.509100095975545,43.81774852296916],[4.509099464430194,43.817748096082155],[4.509049063805038,43.81771398931226],[4.509049721942828,43.817714434732714],[4.508998646200244,43.81767989625649],[4.508999330882911,43.817680358410975],[4.508948211591868,43.81764581601509],[4.508948922842821,43.817646295803286],[4.508897758761146,43.81761174950487],[4.508898496604068,43.81761224782663],[4.508847286489122,43.81757769764283],[4.508848050900482,43.81757821359837],[4.508796793557031,43.817543661345795],[4.508797584512743,43.81754419403545],[4.508746692478111,43.81750991662396],[4.508475509205777,43.817328672752794],[4.507916904824439,43.81695532798736],[4.507686935879905,43.816803851865025],[4.507081588109432,43.81640511484035],[4.506240787790963,43.81585930522429],[4.505394546883355,43.815317929015166],[4.504542912051679,43.814781013338845],[4.503685925032134,43.81424858718992],[4.502823634986747,43.81372067856072],[4.502770388240954,43.81368833370689],[4.502771215581624,43.81368883623423],[4.502717547751925,43.813656263145845],[4.502718348550081,43.813656748938314],[4.502664689110514,43.81362420901187],[4.502665462123327,43.81362467808659],[4.502611813535292,43.81359217038792],[4.502612560005625,43.81359262272793],[4.502558921026344,43.81356014727417],[4.502559639687993,43.81356058199653],[4.502506012778874,43.81352813785373],[4.502506703655555,43.81352855585839],[4.502453088816521,43.813496143026605],[4.502453753150903,43.8134965442963],[4.502400150334499,43.81346416097612],[4.502400786884031,43.81346454552785],[4.502347197332885,43.81343219170207],[4.502347806097448,43.81343255953602],[4.502294231053906,43.81340023518745],[4.502294813252712,43.813400585386695],[4.502241252692875,43.81336828961573],[4.502241805864509,43.81336862311418],[4.502188261030998,43.813336355903516],[4.502188786418129,43.81333667268413],[4.502135258505926,43.813304432217535],[4.502135756108423,43.81330473227995],[4.50208224389895,43.813272519474125],[4.502082714959396,43.813272802801585],[4.502029219623804,43.81324061494007],[4.502029662899838,43.81324088154948],[4.501976185727941,43.81320872041488],[4.501976601219623,43.813208970306164],[4.501923143406491,43.813176834081844],[4.501923531113886,43.81317706725506],[4.501870091393394,43.81314495505833],[4.501870451316565,43.8131451715135],[4.501817032197302,43.81311308420998],[4.501817364336399,43.81311328394696],[4.50176396577093,43.81308121973716],[4.501764271368248,43.81308140273885],[4.501710893356691,43.81304936162278],[4.501711169927462,43.81304952792345],[4.501657813688252,43.81301750898427],[4.501658063717644,43.81301765854964],[4.501604840361915,43.81298572776109],[4.501551738494267,43.81295387717968],[4.501498631786925,43.812922029340726],[4.50144552152928,43.81289018602641],[4.501392408916854,43.81285834542038],[4.501339293925642,43.812826506622706],[4.501286176579457,43.81279467053326],[4.49905686435024,43.81145854915476],[4.489484751213474,43.80572036189076],[4.483833027162315,43.80233140186905],[4.480762660929661,43.80049002089949],[4.480654610639458,43.800425225778035],[4.480546376714629,43.80036033584523],[4.480546722579439,43.80036054355728],[4.480438239609867,43.80029552819968],[4.48043870157438,43.80029580453856],[4.480330658920212,43.80023108371368],[4.480330080833044,43.80023073784803],[4.48022189428941,43.80016596937314],[4.480222587256288,43.800166384782585],[4.480113673930697,43.80010122915727],[4.480114482995703,43.800101713194046],[4.480005416100116,43.800036519950126],[4.480006341262916,43.8000370726145],[4.47991389122185,43.79998186553462],[4.479897113507597,43.79997184815055],[4.47989815476758,43.79997246944296],[4.479788762496159,43.79990721650861],[4.479789919852891,43.799907906429084],[4.47968035701766,43.79984263140641],[4.479681630470434,43.799843389955186],[4.479571892219508,43.799778097409664],[4.479573281744803,43.79977892368731],[4.479463361983981,43.799713618201615],[4.479464868823317,43.799714512191485],[4.479354762700506,43.7996491983311],[4.479356385634323,43.799650160949916],[4.479247827325666,43.79958587452865],[4.479246087078942,43.79958484419713],[4.479139189021161,43.79952165659371],[4.479137330243012,43.79952055946594],[4.479028488582935,43.799456348686256],[4.479030464673044,43.799457513527194],[4.478919556026639,43.79939221734055],[4.478921650647134,43.799393448978215],[4.478810527722096,43.79932816999456],[4.478812739606884,43.79932946754639],[4.47870139630855,43.79926421034799],[4.478703727964998,43.79926557468017],[4.478592160706937,43.79920034471539],[4.478594609649913,43.79920177586186],[4.478482812337618,43.79913657771302],[4.478485381004506,43.79913807384094],[4.478373347590443,43.79907291388974],[4.478376035980637,43.79907447499931],[4.4782637603471,43.79900935692817],[4.478266569725837,43.79901098390269],[4.478156977387055,43.79894760511636],[4.478154048309117,43.798945914059644],[4.478047252869502,43.79888434322322],[4.478044202850847,43.79888258810075],[4.477937392586025,43.798821203671416],[4.477934221627163,43.7988193844829],[4.477824098566209,43.798756308688375],[4.477827391707343,43.79875819192646],[4.477713830057633,43.798693365266],[4.477717245356905,43.798695311653994],[4.477603408764277,43.79863055881486],[4.477606946221269,43.798632568353035],[4.477494674709133,43.79856893634075],[4.477004141899454,43.798293782787105],[4.476313585410826,43.79791419668043],[4.475617102308233,43.797540339786615],[4.474914783186316,43.79717225936277],[4.474206719896778,43.79681000355049],[4.473493004237002,43.79645361869324],[4.472773729284119,43.79610315291888],[4.472048989257154,43.79575865074119],[4.471318877124944,43.795420156692344],[4.470583488309201,43.795087714373025],[4.469842918247488,43.794761368285506],[4.469816020094304,43.79474981723638],[4.469097263541965,43.79444116021797],[4.468346620763966,43.79412713106084],[4.467591088961507,43.793819321673155],[4.466830763472368,43.79351777386594],[4.46606574569851,43.79322252397017],[4.465296134665754,43.79293361285157],[4.464522029277816,43.79265107687913],[4.463743532157114,43.792374952374196],[4.46296074221689,43.7921052766104],[4.462173761996514,43.79184208321474],[4.461382694052665,43.79158540671651],[4.460587640912014,43.79133528074779],[4.459788706291298,43.79109173712737],[4.458985993923402,43.790854808576256],[4.4586852676569,43.79076892969922],[4.458179607466563,43.79062452511897],[4.457369653079967,43.79040091764961],[4.45655623434117,43.79018401349916],[4.45573945859399,43.78997384175103],[4.454919430646546,43.78977042972571],[4.454096257763261,43.78957380381339],[4.453270045938162,43.789383989524275],[4.452440903620982,43.78920101143875],[4.45160893799224,43.789024893257164],[4.450774256227328,43.78885565868309],[4.449936969154555,43.78869332867432],[4.449097182630333,43.78853792425814],[4.448255008716226,43.78838946638246],[4.447410554433403,43.78824797336557],[4.446809631504354,43.78815250148713],[4.446563930548431,43.78811346437852],[4.445715246536002,43.78798595681395],[4.444864613086865,43.787865467150915],[4.444012140865398,43.787752010972284],[4.443157939268495,43.787645602981364],[4.442302121392984,43.78754625693537],[4.44144479658448,43.7874539857453],[4.440586075404895,43.78736880140896],[4.44044919511627,43.78735589073098],[4.440444738184647,43.78735547262485],[4.440309968261934,43.78734293799163],[4.440305658448169,43.78734254043623],[4.44017071235555,43.787330160964274],[4.440166550833558,43.787329781244324],[4.440027415226312,43.787317190550304],[4.440031428434133,43.78731755153464],[4.439888253950603,43.787304762023226],[4.439892120108851,43.78730510515486],[4.439749066846735,43.7872924893649],[4.439752785955482,43.78729281464362],[4.439609857480593,43.787280366227854],[4.439613428343782,43.78728067546898],[4.439470626957486,43.78726838719733],[4.43947404833312,43.787268680416986],[4.439331375140716,43.78725654687489],[4.439334648270723,43.78725682405627],[4.439192103112314,43.78724483894593],[4.439195229238803,43.787245100072234],[4.439052814416311,43.78723325616332],[4.439055791078414,43.78723350216674],[4.438916334916975,43.787222025824676],[4.438913506454892,43.78722179406126],[4.438776864275996,43.78721066289926],[4.438774184013614,43.78721044537627],[4.438634846978601,43.787199205609575],[4.438637377799546,43.78719940890826],[4.438495495167954,43.787188067563434],[4.43849787781209,43.78718825752065],[4.438356130929385,43.78717702580646],[4.438358365396842,43.78717720242196],[4.438216755345525,43.7871660740243],[4.438218840394466,43.78716623731414],[4.438077368280088,43.78715520681852],[4.438079305152412,43.78715535676572],[4.437937972035161,43.78714441695849],[4.437939759534545,43.78714455537864],[4.437798566497282,43.78713369994552],[4.437800205820571,43.78713382502238],[4.437659153968935,43.78712304854899],[4.437660643919612,43.78712316209809],[4.437519734314156,43.787112457370554],[4.437521074869351,43.78711255849171],[4.437381499798453,43.787102009688184],[4.437380307373682,43.787101920112065],[4.437240876737919,43.787091431326026],[4.437241919790232,43.787091509373234],[4.437101440983243,43.787080983831],[4.437102335905168,43.78708105033238],[4.436962002480445,43.78707057309558],[4.436962748030134,43.78707062806716],[4.43682256229041,43.78706019190552],[4.436823158490669,43.78706023624674],[4.436683119035459,43.78704983487882],[4.43668356586361,43.787049867689554],[4.43654382441263,43.787039507216214],[4.436404307329412,43.78702917420812],[4.434516049759925,43.786889409960494],[4.42751314431389,43.786370779520645],[4.427401934847072,43.7863625366055],[4.427290727739227,43.78635428724624],[4.427179337471429,43.786346014972],[4.427179707131977,43.78634604253186],[4.427068090057579,43.786337740713805],[4.427068550580787,43.78633777518445],[4.426956844778231,43.78632945101422],[4.426957398647851,43.78632949236327],[4.42684560404976,43.786321143141485],[4.426846248781935,43.786321191401825],[4.426734366563363,43.78631281441279],[4.426735104641656,43.786312869551914],[4.426623134690487,43.78630446029694],[4.426623963653758,43.78630452324731],[4.426511907144728,43.786296079010775],[4.426512829454191,43.78629614884031],[4.426400686342733,43.78628766782259],[4.426401699514441,43.78628774456404],[4.426289469711131,43.78627922316599],[4.426290576228925,43.78627930678711],[4.426178260885854,43.78627074139339],[4.426179458288305,43.78627083282637],[4.426067058580669,43.78626222072143],[4.426068348087148,43.78626231905071],[4.425955863925606,43.78625365663552],[4.425957245580912,43.786253763660575],[4.425844676875679,43.78624504733599],[4.425846150657514,43.7862451621575],[4.425735063249745,43.78623651184198],[4.425733497341818,43.78623638922408],[4.425622327740736,43.78622767956808],[4.425623985774883,43.78622780998266],[4.425511166740999,43.786218914785465],[4.425512916901211,43.78621905299683],[4.425400016759641,43.786210092144344],[4.425401857826524,43.78621023906885],[4.425288876487794,43.78620120896203],[4.425290809680714,43.78620136368375],[4.425177747077988,43.78619226162334],[4.425179772419487,43.78619242504222],[4.425068745953356,43.786183419545374],[4.425066628463433,43.78618324742911],[4.424955523061261,43.78617416364776],[4.424957731457314,43.78617434447771],[4.42484442953999,43.786165006696564],[4.424846730106751,43.7861651971241],[4.424733349052441,43.786155772960456],[4.42473574178974,43.7861559729856],[4.424622282796272,43.786146460623826],[4.424624766462096,43.78614667026297],[4.424511230704621,43.78613706698755],[4.424513806518528,43.786137285324905],[4.424402860672569,43.786127816388294],[4.424400192665924,43.786127587552876],[4.424291931296658,43.78611825892185],[4.42428917109717,43.78611801958843],[4.42417958282482,43.78610848588239],[4.423229401407696,43.78602190808315],[4.422280467599101,43.78592842420389],[4.422169572781031,43.7859166770875],[4.4213328801385,43.7858280446952],[4.420386732750788,43.78572077827661],[4.419442120489708,43.785606637253615],[4.418499139603744,43.785485632119226],[4.417557885141494,43.78535777518576],[4.416618450928834,43.78522307968432],[4.415680933272373,43.785081558817225],[4.414745426014328,43.784933226721925],[4.41381202427991,43.78477809932256],[4.412880820684447,43.78461619167881],[4.411951910367942,43.784447520620795],[4.411025387202934,43.78427210209802],[4.410101342618211,43.78408995389513],[4.410024655647832,43.78407423732074],[4.409179873050902,43.78390109553452],[4.408261068701724,43.78370554572249],[4.407345023493071,43.78350332312017],[4.406431828925209,43.7832944491229],[4.405521577736175,43.783078945112834],[4.404614362636579,43.782856831575515],[4.403710272673186,43.78262813174637],[4.40280940185475,43.78239286879988],[4.401911839240156,43.78215106687684],[4.401017675102194,43.78190274920514],[4.400127000994511,43.78164794079892],[4.399239904783677,43.7813866685222],[4.398356478034119,43.78111895829411],[4.398313006142064,43.781105412016586],[4.397476808600874,43.78084483698417],[4.396600984333222,43.78056433146407],[4.395729095646167,43.78027747217531],[4.394861229134852,43.779984286010475],[4.393997472696333,43.7796848025482],[4.39313791178126,43.77937905320023],[4.392282635537531,43.779067068433754],[4.391431729402517,43.77874887966495],[4.39058527758821,43.77842451922859],[4.389743366760486,43.77809401852955],[4.388906081182857,43.77775741260571],[4.388807460346836,43.777717238568066],[4.388809881651603,43.77771822651841],[4.388710159352506,43.77767749672803],[4.388712497911953,43.77767845333471],[4.388612917482547,43.77763767754973],[4.388615174560873,43.77763860369643],[4.388515732319568,43.77759778376401],[4.388517907894784,43.77759867855093],[4.388420696738062,43.77755868061338],[4.388418603929068,43.77755781807036],[4.388321527388165,43.77751778233154],[4.388323539936347,43.77751861349864],[4.388224502784259,43.777477680146745],[4.388226433808335,43.77747847905381],[4.388127527699909,43.7774375142469],[4.388129377200012,43.77743828089381],[4.388030599694999,43.77739728646309],[4.38803236767154,43.777398020849866],[4.387933716352262,43.77735699952657],[4.387935402805273,43.777357701652804],[4.387838482666907,43.77731732600222],[4.387836876517169,43.77731665705198],[4.387740078991889,43.77727626085474],[4.387741603618637,43.777276897544205],[4.387643318897041,43.777235814597205],[4.387644763220869,43.777236418110256],[4.387546597496196,43.77719531916339],[4.387547960297392,43.777195890415456],[4.387449909931771,43.777154779115236],[4.387451192430497,43.777155317190605],[4.387353255005708,43.77711419626816],[4.387354457202376,43.77711470116677],[4.38725775343659,43.77707404505888],[4.387256632783606,43.777073573321395],[4.387230759889126,43.77706268230289],[4.387160037100905,43.77703291215357],[4.387161078693762,43.77703335069814],[4.387063469308115,43.776992217247695],[4.387064430577774,43.77699262171524],[4.386966925701981,43.77695148955083],[4.386967806670487,43.776951860841045],[4.386870405128482,43.776910732677926],[4.386871205795686,43.7769110707905],[4.386773905147544,43.77686994845982],[4.386774625492333,43.776870252495165],[4.386677422121523,43.77682914054327],[4.386678062165466,43.77682941140073],[4.386580956093834,43.776788310727554],[4.386581517057564,43.77678854749153],[4.386484504646834,43.77674746174357],[4.386484984068424,43.77674766534529],[4.38638806414237,43.7767065972377],[4.386388464462216,43.77670676584588],[4.386291634602299,43.77666571810962],[4.386291954622582,43.77666585353951],[4.386195331639358,43.77662487958928],[4.386098874185028,43.77658396465107],[4.386002421682688,43.7765430432673],[4.376513644191165,43.772516285211054],[4.365799065444887,43.76796767061475],[4.35508618888537,43.76341801493919],[4.354743532316859,43.7632724626626],[4.354684100026891,43.76324721529001],[4.354624670208213,43.76322196515531],[4.354565242882221,43.76319671315834],[4.354505819269088,43.763171458383866],[4.354446398106144,43.76314619994755],[4.354386980613663,43.76312093693439],[4.354327432551586,43.76309561161344],[4.354327704776845,43.763095727928345],[4.354268008573352,43.76307033241812],[4.354268312132608,43.7630704609436],[4.354208591947441,43.76304504680023],[4.354208924378913,43.76304518846684],[4.354149180190655,43.76301975479044],[4.354149543977309,43.76301990956741],[4.354089774523271,43.76299445547367],[4.354090168423499,43.7629946233765],[4.35403037740694,43.7629691479194],[4.35403080017941,43.76296932896345],[4.353971440486055,43.76294402631289],[4.353970986358658,43.76294383215842],[4.353911603840265,43.76291850726023],[4.353912088059692,43.76291871364092],[4.353852228609945,43.76289317324028],[4.353852742943099,43.762893392746825],[4.353792863108522,43.762867828268035],[4.353793407554796,43.762868060900615],[4.353733507335559,43.76284247234383],[4.353734081873981,43.762842717202524],[4.353674161270162,43.76281710456772],[4.353674765942974,43.7628173634523],[4.353614826153535,43.76279172492449],[4.353615460918205,43.76279199603537],[4.353555500701864,43.762766331630026],[4.353556166842454,43.76276661675124],[4.353496187440467,43.76274092645287],[4.353496883672902,43.762741223800546],[4.353436886284152,43.7627155057943],[4.353437612651125,43.762715817167816],[4.353377597275882,43.762690071453775],[4.353378353755685,43.762690395953385],[4.353318321614297,43.76266462161619],[4.353319108206883,43.76266495924214],[4.353259059278249,43.76263915538215],[4.353259875983743,43.76263950613434],[4.353199811530404,43.76261367363577],[4.353200657107207,43.76261403752966],[4.353140578306873,43.762588173678004],[4.353141454017941,43.762588551597936],[4.353081359650428,43.762562657308216],[4.353082265452783,43.762563047454854],[4.353022620939942,43.7625373221453],[4.35197430379986,43.76208086743812],[4.350930998310125,43.7616184278876],[4.349892771213914,43.76115003431797],[4.348859687941599,43.76067571487167],[4.347831811475105,43.7601954995229],[4.346809206031013,43.7597094182325],[4.345791934577065,43.75921750097804],[4.344780062597652,43.7587197795076],[4.344586313360075,43.758622850136916],[4.343773650562508,43.758216283832816],[4.342772763941175,43.75770704570498],[4.342105346702207,43.757361739325994],[4.341777463229697,43.75719209693793],[4.340787810179265,43.75667147023154],[4.339803866490997,43.75614519648773],[4.338825695204234,43.75561331109294],[4.337853354259813,43.755075844097625],[4.337798347078588,43.75504517497759],[4.337799182409683,43.75504564081095],[4.337743792198398,43.75501473067291],[4.337744599862996,43.75501518154669],[4.337689254375332,43.75498426993294],[4.337690033111263,43.75498470496266],[4.337634733609507,43.75495379275781],[4.33763548467915,43.754954212827776],[4.337580228680858,43.75492330006232],[4.337580950822141,43.75492370428828],[4.33752573836915,43.75489279276176],[4.337526432844079,43.754893182028056],[4.337471262674395,43.75486227085601],[4.337471929462184,43.754862644262694],[4.337416801617361,43.754831735244736],[4.3374174407391,43.754832093691725],[4.337362355198342,43.754801185928095],[4.337362965412983,43.75480152943056],[4.337307919735633,43.75477062475134],[4.337308503504415,43.754770952378884],[4.3372534989319,43.75474005076878],[4.337254053793607,43.75474036345167],[4.337199087864052,43.754709465840975],[4.33719961503892,43.754709762664405],[4.337144689014867,43.75467886993757],[4.337145188502955,43.75467915090141],[4.33709077296527,43.75464852907761],[4.337090299922527,43.75464826398872],[4.337035921807771,43.75461764707939],[4.337036365943404,43.754617897223646],[4.336981553492016,43.75458702192411],[4.336981968699855,43.75458725622393],[4.336927192471687,43.754556387653615],[4.336927581255378,43.75455660697828],[4.336872841271767,43.754525746036954],[4.336873201106487,43.75452594861727],[4.336818496146935,43.75449509622006],[4.336818829557716,43.75449528382507],[4.336764158359965,43.754464439087414],[4.336764464105304,43.754464611732395],[4.336709827952614,43.75443377643847],[4.336710104749353,43.754433932339126],[4.336655502421505,43.75440310740413],[4.336655751531995,43.7544032474448],[4.336601293751406,43.754372495408994],[4.336546964192356,43.7543418083728],[4.336492638331444,43.754311117665544],[4.336438316168399,43.7542804232872],[4.336383996462319,43.75424972525292],[4.336329680496133,43.75421902534709],[4.336275364546108,43.75418832361541],[4.334626405281413,43.75325613157928],[4.331815581957373,43.75166698675059],[4.331748007890857,43.75162878342891],[4.331680431453133,43.75159058099641],[4.33161285146578,43.75155238216738],[4.331545265467193,43.75151418787184],[4.331477541352629,43.75147592322614],[4.331477806782677,43.751476072078525],[4.33140992071848,43.75143772657419],[4.331410228955607,43.75143790100281],[4.331342290433117,43.751399538100046],[4.331342643939087,43.75139973717518],[4.331274650496995,43.751361357803866],[4.331275048051213,43.75136158244022],[4.331206999689534,43.75132318660024],[4.331207441270865,43.751323435898364],[4.33113933683248,43.75128502720384],[4.331139822420062,43.75128530026389],[4.331071660642744,43.7512468778301],[4.331072191540268,43.751247177336204],[4.331003969962714,43.751208742093205],[4.331004544886996,43.751209066261154],[4.330936263572077,43.75117062090798],[4.330936882502169,43.751170968838],[4.330868540208867,43.751132513389756],[4.330869203186593,43.75113288688154],[4.330800798694528,43.75109442225302],[4.330801506940055,43.75109482039153],[4.330733039071062,43.751056349297016],[4.330733790080751,43.75105677121303],[4.330665257593713,43.751018293667634],[4.330666053870969,43.75101874023049],[4.33059745556642,43.75098025804867],[4.330598297110943,43.750980729258615],[4.330529630507018,43.75094224247053],[4.330530516077481,43.75094273834263],[4.330462712032591,43.750904768367235],[4.330461782436214,43.750904247832906],[4.330393908934307,43.750866276865146],[4.330394882556575,43.75086682206178],[4.330326008760061,43.75082832958245],[4.33032702762821,43.75082889852659],[4.330258081934727,43.7507904068845],[4.330259146069644,43.75079100047586],[4.330190126017225,43.75075251060104],[4.33019123539788,43.7507531279399],[4.330122141007791,43.75071464073187],[4.330123295654982,43.75071528271814],[4.330054125706918,43.75067679909167],[4.330055324379506,43.75067746574044],[4.32998607767416,43.750638987510044],[4.329987321592046,43.75063967790655],[4.329917998150586,43.750601205971925],[4.329919286093548,43.750601921031205],[4.329851216642393,43.75056419512922],[4.329849883454547,43.75056345632199],[4.329782427829481,43.75052612247639],[4.329003892646586,43.75009903835568],[4.328220762058004,43.74967639867701],[4.327433081332202,43.749258231584506],[4.326640901834349,43.748844560648216],[4.325844270042905,43.74843541309897],[4.325043237333735,43.7480308134086],[4.324695409088208,43.74785805187843],[4.324237851354458,43.74763078609521],[4.324166249026315,43.74759554679938],[4.324167637893289,43.747596230097194],[4.324095328586161,43.74756069335912],[4.324096672209439,43.74756135290853],[4.324025676354604,43.7475265093413],[4.324024379216046,43.7475258735255],[4.323953399632678,43.74749108551401],[4.323954650307446,43.74749169849596],[4.323882391077402,43.747456329309465],[4.323883596508539,43.74745691854278],[4.323811355969622,43.74742160218255],[4.323812516178513,43.74742216856686],[4.323740295571493,43.74738690501779],[4.323741409316748,43.74738744856803],[4.323670277081458,43.74735275493257],[4.32366920979963,43.74735223421631],[4.32359809993663,43.74731759156234],[4.323599120734428,43.747318088544716],[4.323526967140528,43.74728297344189],[4.32352794271616,43.74728344757501],[4.323455812652123,43.74724837983986],[4.323456741764665,43.74724883113868],[4.323384637670793,43.74721380894156],[4.323385521582478,43.747214238290844],[4.32331344343799,43.747179260732],[4.32331428088681,43.747179667246954],[4.323242231152818,43.747144733396496],[4.323243022138978,43.747145117077054],[4.323171000794712,43.747110226035424],[4.323171745297249,43.74711058598176],[4.323099754803912,43.74707573681904],[4.323100452864814,43.74707607483051],[4.323029144758443,43.74704158002451],[4.323028493159861,43.747041264847624],[4.32295721710355,43.74700681010597],[4.322957822239834,43.74700710244829],[4.322885927813592,43.74697236987993],[4.322886486487779,43.74697263938747],[4.322814626510374,43.74693794325462],[4.322815138743375,43.746938190827166],[4.322743314434805,43.746903530214965],[4.322743781446873,43.746903754937605],[4.322671992786483,43.746869128946365],[4.322672412095581,43.7468693308492],[4.322600662764922,43.74683473763435],[4.322601034392139,43.746834917617],[4.322529324370008,43.7468003562789],[4.32252964953569,43.74680051342648],[4.32245797880126,43.746765983065394],[4.32245825750543,43.74676611737788],[4.322386744031422,43.74673167326011],[4.32231536514517,43.74669730126129],[4.322243982766965,43.74666293555976],[4.322172596813285,43.74662857255661],[4.322101211007749,43.746594212206524],[4.314364204340102,43.74286986897431],[4.304025354686137,43.73789148212453],[4.293688304337667,43.73291213000678],[4.293298717090349,43.73272443017758],[4.293198685433746,43.732676240805],[4.293098509851238,43.73262799095563],[4.293098784654787,43.732628123586835],[4.292998416308836,43.732579794041264],[4.29299878270581,43.73257997058334],[4.292898310811317,43.73253160977995],[4.292898767540639,43.73253182934796],[4.292798188436288,43.73248344002988],[4.292798738019735,43.73248370439394],[4.292698049285013,43.73243528928976],[4.292698689200291,43.732435596680084],[4.292597887194448,43.73238715943243],[4.292598619963327,43.73238751161926],[4.292497702265826,43.732339054956654],[4.292498526606835,43.732339450155386],[4.292397489597028,43.73229097862029],[4.292398405529894,43.73229141773081],[4.292297248008184,43.732242933137265],[4.292298255532598,43.73224341615973],[4.292196972616913,43.73219492216524],[4.292198071712263,43.73219544820012],[4.292096662243592,43.732146948417935],[4.292097852929975,43.73214751836518],[4.291996312026311,43.732099016452864],[4.291997595503432,43.73209962849841],[4.291895921985249,43.732051127169626],[4.291897297052789,43.73205178312778],[4.291795487279048,43.73200328602532],[4.291796955157298,43.73200398498178],[4.291695004225836,43.73195549486337],[4.291696566154934,43.731956236803896],[4.291594472906572,43.731907757282535],[4.291596126384386,43.73190854133658],[4.291493888418769,43.731860076040846],[4.29149563470638,43.73186090309372],[4.291393248382311,43.73181245566603],[4.291395087458937,43.73181332481822],[4.291292549115104,43.731764898001536],[4.291294482221244,43.73176580923848],[4.291191789457516,43.73171740666083],[4.291193815372361,43.73171836089724],[4.291090967029193,43.731669986171845],[4.29109308571186,43.73167098160835],[4.290990076887108,43.73162263749295],[4.290992288357675,43.73162367502935],[4.290889116650788,43.73157536515183],[4.290891423369991,43.731576443859346],[4.290788085160718,43.73152817276207],[4.290790484646846,43.73152929267014],[4.290686978754742,43.73148106306672],[4.290689472248388,43.73148222416088],[4.290585793771346,43.731434038808786],[4.290588382512915,43.7314352410745],[4.290484529070969,43.73138710450132],[4.290487213039697,43.7313883470391],[4.29038596016719,43.73134154479771],[4.290383182232392,43.73134026287279],[4.290283194310794,43.731294180818296],[4.289490987789788,43.73093384199463],[4.288693593874489,43.73057957615456],[4.287891102652374,43.73023142261069],[4.287083600440056,43.72988941892234],[4.286271179790625,43.72955360437619],[4.28545392946767,43.729224015606796],[4.284631940707832,43.72890068922079],[4.28380530472104,43.72858366092758],[4.283040710970515,43.7282978611147],[4.282974112709678,43.7282729664387],[4.282138457069746,43.72796863965379],[4.281298431430554,43.72767071446041],[4.280454128134313,43.72737922296345],[4.279605640816664,43.727094199955104],[4.278753062986632,43.7268156748313],[4.277896491908654,43.726543678746715],[4.277036019878135,43.726278242916585],[4.276171742826109,43.72601939491621],[4.275303757997946,43.725767165908216],[4.274432160052083,43.7255215825881],[4.27355704736261,43.72528267161072],[4.272678515816369,43.72505045966288],[4.271796662535976,43.72482497341967],[4.27162476366337,43.72478249200654],[4.270911585838484,43.72460623774515],[4.270023385236804,43.72439427569242],[4.269132156556195,43.72418911216054],[4.268238001740754,43.72399076838037],[4.267341016586116,43.72379926835736],[4.267224019276608,43.72377483754085],[4.267227184605126,43.72377549726192],[4.267108604296015,43.7237508570601],[4.267111664813195,43.723751491005814],[4.266996105286472,43.7237275912857],[4.266993149560436,43.72372698221598],[4.266877654989932,43.72370320940938],[4.266880507205183,43.723703795387884],[4.266764870429601,43.72368009701404],[4.266762124245831,43.72367953589729],[4.266646557227985,43.72365595718148],[4.266649199901342,43.72365649520662],[4.266533493039564,43.72363298549578],[4.266530956357515,43.723632470533644],[4.266415322794937,43.72360907234032],[4.266417754706501,43.723609563325134],[4.26630198608251,43.72358622598088],[4.26629965892135,43.72358575807402],[4.26618396465688,43.723562524135566],[4.266186187087719,43.723562969864176],[4.266070358862551,43.723539790461736],[4.266068243663012,43.723539367782486],[4.265952494599408,43.723516284530646],[4.265954506309515,43.72351668501662],[4.265838626867464,43.72349364995871],[4.265836721127778,43.72349327163728],[4.265720924388731,43.72347032458944],[4.265722724158358,43.72347068074604],[4.265606799342815,43.72344777376529],[4.265605105543346,43.72344743977364],[4.26548926575181,43.72342461357652],[4.265490854842086,43.72342492628831],[4.265374890556322,43.72340213381627],[4.265373406175443,43.72340184238478],[4.265257530475616,43.723379123455814],[4.265258907666298,43.72337939363582],[4.26514290853369,43.7233567003195],[4.265141637312287,43.72335645230541],[4.265025729086934,43.723333825305865],[4.265026894358924,43.72333405205348],[4.264909806940181,43.72331123794398],[4.264910866283173,43.723311444324644],[4.264793872073145,43.72328868840588],[4.264794826707688,43.72328887350529],[4.264677928087887,43.72326617125006],[4.264678775552959,43.723266335996456],[4.264561973684078,43.72324368379156],[4.264562715220378,43.72324382817046],[4.264446011263417,43.72322122240276],[4.26444664685115,43.72322134551411],[4.264330040746111,43.72319878348473],[4.264330571645933,43.72319888621363],[4.264214066994916,43.72317636248119],[4.264214490726308,43.72317644485629],[4.264098087469364,43.72315395672173],[4.264098406493217,43.72315401781412],[4.263982212959962,43.72313158201912],[4.263866176727102,43.72310918477336],[4.259698053196149,43.722304710347004],[4.256025899287828,43.721595811305335],[4.255890537536486,43.72156966973111],[4.255754970031155,43.72154347636684],[4.255755392477696,43.72154355788934],[4.255619550513997,43.721517291928265],[4.255620115035946,43.72151740151096],[4.255484143033395,43.72149108468559],[4.255484848369988,43.72149122144346],[4.255348747450862,43.72146484834055],[4.255349593602215,43.721465012274074],[4.255213366129991,43.72143857746659],[4.255214354336061,43.72143876856166],[4.255078002634543,43.721412264822966],[4.255079131694108,43.72141248489368],[4.254942658106964,43.721385905896724],[4.254943927999952,43.72138615404388],[4.254807334890724,43.7213594943614],[4.254808745616776,43.72135977058526],[4.254672035348865,43.72133302479011],[4.254673586907899,43.721333329090825],[4.254538452976216,43.72130682324864],[4.254536761824859,43.72130649085617],[4.254401515441548,43.72127988714716],[4.254403348665758,43.721280247603055],[4.254266299783279,43.72125320732226],[4.254268273859203,43.72125359675604],[4.254131117193315,43.72122644505489],[4.254133230900078,43.72122686438074],[4.253995970055303,43.72119959581801],[4.253998223392263,43.72120004503631],[4.253860859471932,43.72117265329934],[4.253863253679672,43.72117313239624],[4.253725787807055,43.72114561207215],[4.253728322865599,43.72114612014824],[4.253590758625485,43.72111846489597],[4.253593433333279,43.72111900376533],[4.2534557743302,43.721091208143484],[4.253458588686961,43.721091777806436],[4.253320835984982,43.72106383370314],[4.25332378999052,43.72106443416004],[4.253189040887783,43.72103696918437],[4.253185947214156,43.72103633703346],[4.253054343722973,43.72100937655322],[4.253051110381268,43.72100871270793],[4.252919699599317,43.72098164995432],[4.252916327810904,43.72098095350034],[4.252781601906446,43.72095305578346],[4.252785112140995,43.72095378484642],[4.25264693497253,43.7209250114314],[4.252650584913364,43.72092577398924],[4.25251232941226,43.72089681681699],[4.252516119059258,43.72089761286999],[4.252377790031945,43.72086846468554],[4.252381716903469,43.72086929426261],[4.252243316714179,43.72083994963901],[4.252247382090127,43.720840814525644],[4.252108914304268,43.720811266222285],[4.252113118184231,43.72081216641881],[4.251976740821919,43.72078287559087],[4.251164623429254,43.720604246794956],[4.250355319360074,43.72041902897674],[4.249548929900451,43.72022724624004],[4.248745557551416,43.72002892177817],[4.247945302368064,43.71982408061433],[4.247795365032343,43.71978432606812],[4.247148265661083,43.71961274866058],[4.246354546274076,43.71939495275973],[4.245564244305363,43.71917072064266],[4.244777461069313,43.71894007912896],[4.243994291730561,43.71870305781111],[4.243214837670682,43.71845968711291],[4.242439196523686,43.71820999660324],[4.241667463496017,43.71795401858118],[4.240899737489499,43.71769178440589],[4.240136114977858,43.71742332816636],[4.239376691148822,43.717148682168734],[4.239253739291444,43.717103488149526],[4.239249831958908,43.71710204952061],[4.239128889672648,43.71705739675295],[4.239125116031143,43.71705600069524],[4.239004149750634,43.71701114737778],[4.239000508578829,43.717009794805364],[4.238876007258082,43.716963438177864],[4.238879514700808,43.71696474637903],[4.238751605984302,43.71691693628194],[4.238754980938756,43.716918200097524],[4.238627303595264,43.71687029273097],[4.238630546061754,43.71687151216061],[4.238503095304993,43.71682351567938],[4.238506206485681,43.71682468890909],[4.238378978691607,43.71677660785477],[4.238381957365777,43.71677773579825],[4.238254948968951,43.71672957741141],[4.238257795098197,43.71673065826883],[4.238131002494141,43.71668242799092],[4.238133718579031,43.71668346263352],[4.238007135662519,43.71663516503424],[4.2380097204439,43.716636152576164],[4.237885799608353,43.71658873530871],[4.237883346130531,43.71658779486783],[4.237761952429785,43.71654121447285],[4.237759629033691,43.7165403220471],[4.237635979546756,43.71649275292681],[4.237638172861259,43.716493597337],[4.237512396526998,43.71644509201983],[4.237514459760426,43.716445888414256],[4.237388873888893,43.71639734479531],[4.237390807042041,43.71639809317372],[4.237265409268979,43.71634951667995],[4.237267213562847,43.71635021612819],[4.237141999081973,43.716301614014334],[4.237143672036395,43.7163022645603],[4.237018637204026,43.71625364046813],[4.23702018130002,43.71625424208329],[4.23689532130979,43.71620560326723],[4.23689673776883,43.716206155037625],[4.236772048996333,43.716157506039075],[4.236773334097784,43.71615800800663],[4.236648812957354,43.7161093551664],[4.236649970422707,43.71610980728854],[4.236525612049766,43.71606115516208],[4.236526640658496,43.716061558352294],[4.236520651744252,43.716059212730535],[4.236403341161465,43.71601326483915],[4.236402441447875,43.716012912380634],[4.236279297527482,43.715964631362965],[4.236280068366069,43.71596493398931],[4.236156175444052,43.715916317563966],[4.2361568174077,43.715916570357884],[4.236033071611431,43.715867977324045],[4.236033585902662,43.71586817847157],[4.235909983627483,43.71581961427021],[4.235910369044824,43.71581976558467],[4.23578703305757,43.71577128461896],[4.23566389720679,43.71572286874149],[4.227135496015495,43.71236846814751],[4.225614937758374,43.711770289736414],[4.22553570456231,43.71173911879577],[4.225412581046332,43.711690689708014],[4.225289251558327,43.71164219170825],[4.22528964569832,43.71164234746071],[4.225166040355027,43.71159376153644],[4.225166565867592,43.71159396890722],[4.225042811197208,43.71154535212992],[4.225043468062836,43.71154561021941],[4.224919560479467,43.711496968928635],[4.224920349957157,43.71149727862289],[4.224796284557333,43.71144861557319],[4.224797206646731,43.711448976872596],[4.224672979882882,43.71140030020297],[4.22467403332384,43.71140071222214],[4.224549642811584,43.7113520264588],[4.224550827623167,43.71135249009749],[4.224426268497708,43.71130379979441],[4.224427584659968,43.71130431415342],[4.22430285209458,43.71125562566399],[4.224304302087917,43.7112561907156],[4.224180973820485,43.71120812525207],[4.224179391236978,43.71120750949356],[4.224055882318715,43.711159456723216],[4.224057596251764,43.711160123202795],[4.223932319253194,43.711111472820804],[4.223934166996863,43.71111218909421],[4.223808700915085,43.71106356319835],[4.223810681228475,43.71106432927984],[4.223685022458101,43.71101573330999],[4.223687135340684,43.711016549199805],[4.223561279016505,43.71096798770967],[4.223563524468032,43.71096885340808],[4.223437467003627,43.71092033273702],[4.223439846244537,43.710921247330866],[4.223313584034041,43.71087277291861],[4.223316097064176,43.710873736407905],[4.223189625299934,43.710825315507456],[4.223192272099467,43.710826326992944],[4.223065587137381,43.71077796324429],[4.223068367725102,43.710779023625996],[4.222944381575405,43.710731831733014],[4.222941465997804,43.71073072426821],[4.222820307562844,43.71068475678172],[4.222817256996063,43.7106836022335],[4.222696144581525,43.71063780508389],[4.222692959006681,43.710636602552185],[4.222568567201897,43.71058973157769],[4.222571887765449,43.71059098119341],[4.222444076735164,43.71054299476369],[4.22244753348868,43.71054428965044],[4.222319486480891,43.71049639752224],[4.222323078202708,43.710497738593865],[4.222194790332343,43.710449944421136],[4.222198518243204,43.71045133076431],[4.222069985961889,43.71040364268557],[4.222073850042374,43.710405073401006],[4.221945070965066,43.71035749594212],[4.221949072455121,43.710358971016014],[4.221822122443635,43.710312273719964],[4.221057171309349,43.710035461254314],[4.220287975609104,43.70976491510247],[4.219514632642364,43.70950066917616],[4.21873723968261,43.70924275648986],[4.217955895257268,43.70899121094647],[4.217170700291128,43.708746062824105],[4.216381752039749,43.70850734514492],[4.215589151377595,43.70827508639298],[4.214792999212333,43.70804931685444],[4.21439778780296,43.707940949852464],[4.213993396407133,43.70783006501883],[4.213190443800777,43.70761735847851],[4.212384243448029,43.70741122391501],[4.211574897417455,43.70721168891262],[4.210762507677342,43.70701877655952],[4.20994717874766,43.706832513518336],[4.209129012548731,43.70665292108376],[4.208308112313032,43.70648002413854],[4.207484583653391,43.70631384304219],[4.206658529717711,43.70615439908467],[4.205830056129593,43.70600171353142],[4.204999267211869,43.70585580496555],[4.204166268504264,43.70571669106007],[4.203331164341308,43.70558439130382],[4.202494062679223,43.70545892064975],[4.202484753472652,43.705457604309046],[4.201655067788956,43.70534029589411],[4.200814286380264,43.70522853200967],[4.199971825141123,43.70512364307292],[4.199127791997374,43.70502564314981],[4.198282291075461,43.70493454275186],[4.197435431517502,43.704850355038396],[4.196587321146931,43.70477308958702],[4.195738065343289,43.70470275780525],[4.194887773109831,43.70463936656466],[4.194036552264726,43.70458292545307],[4.193894736470557,43.70457420310647],[4.1938992091812,43.70457447531758],[4.19375952233742,43.70456606061565],[4.19375519879156,43.704565802961525],[4.193619816866923,43.704557821425695],[4.19361564246688,43.70455757742909],[4.193480095117494,43.70454975142223],[4.193476068623001,43.704549521097206],[4.193340358197108,43.70454184429351],[4.193336479589026,43.704541626740685],[4.193196876510487,43.70453388984734],[4.193200605991852,43.704534094641176],[4.193057257995989,43.70452630323296],[4.193060838369488,43.70452649616708],[4.192917627634072,43.70451886055852],[4.19292105891864,43.70451904253227],[4.192777985329732,43.704511557325375],[4.192781267506828,43.70451172743871],[4.192638330932365,43.7045043863357],[4.192641464039188,43.70450454638767],[4.19249866556876,43.7044973421775],[4.192501650827094,43.70449749125447],[4.192358991587178,43.70449041852557],[4.192361827775795,43.70449055754034],[4.192221995993185,43.704483738933654],[4.192219308855834,43.704483609081684],[4.192082155347717,43.704477029136335],[4.192079617261365,43.704476908447496],[4.191942306947682,43.70447042183658],[4.191939919152479,43.7044703102977],[4.191800213157153,43.70446380834784],[4.191802453160483,43.70446391160908],[4.191660501623947,43.70445739627278],[4.191662591373907,43.704457492182506],[4.1915207844588,43.70445106957347],[4.191522725158089,43.70445115631863],[4.191381061492676,43.704444820152794],[4.191382854437744,43.704444900418416],[4.191241335130536,43.70443864438446],[4.191242977803559,43.7044387163979],[4.191101605203368,43.70443253417105],[4.191103098863455,43.704432598818],[4.190961871598629,43.70442648411396],[4.190963216245855,43.70442654139432],[4.190822135425003,43.70442048790184],[4.19082333107795,43.70442053871467],[4.190682397810293,43.70441454012258],[4.190683443228793,43.70441458448116],[4.190543553807176,43.70440867238215],[4.190542658641574,43.70440863537791],[4.190402917750612,43.70440276557012],[4.190403663941015,43.70440279700559],[4.190263176283635,43.7043969261873],[4.190263773480288,43.70439695115372],[4.190176179629062,43.70439330592962],[4.190123434109742,43.70439111093126],[4.190123882312524,43.704391129428245],[4.189983842572004,43.70438531994694],[4.189844026584082,43.70437953123775],[4.183043285215401,43.70409810419697],[4.177792849032984,43.70388053908175],[4.173706400184494,43.70371103072865],[4.173582566172681,43.703705892945145],[4.17345873229349,43.703700760419196],[4.173334896159145,43.70369563767607],[4.17321105660261,43.70369052832812],[4.173087214956151,43.70368543686051],[4.17296337005359,43.70368036688552],[4.172839522004767,43.703675323801605],[4.172715669643247,43.703670311221074],[4.172591814282724,43.703665332729216],[4.172467953553035,43.703660393751356],[4.17234408874948,43.703655496973134],[4.172220218741762,43.703650647806256],[4.172096343603679,43.70364584984972],[4.171972463426481,43.703641107602145],[4.171848577061895,43.7036364255754],[4.171724684582968,43.7036318073685],[4.171600786081666,43.703627257479845],[4.171476881630694,43.70362277950866],[4.171352970100124,43.70361837886638],[4.171229051544554,43.70361405825222],[4.171105127313872,43.70360982305118],[4.17098119500084,43.70360567688881],[4.170857258343935,43.70360162062487],[4.170733314862137,43.70359765428614],[4.170609367016629,43.703593776945674],[4.170485413585471,43.70358998951699],[4.170361454567709,43.70358629200003],[4.170237491202976,43.703582684381345],[4.170113522250658,43.70357916667425],[4.169989548950483,43.70357573886543],[4.169865571301496,43.703572400954805],[4.169741589285207,43.703569152042746],[4.16961760169691,43.70356599394191],[4.169493610980366,43.703562924826166],[4.16936961591287,43.70355994560871],[4.169245616493649,43.70355705628935],[4.169121612722493,43.70355425686813],[4.168997605838851,43.70355154733171],[4.168873595842141,43.703548927680124],[4.168749581491468,43.70354639792667],[4.16862556278634,43.7035439580713],[4.168501542206796,43.703541608087306],[4.168377518493221,43.703539347088416],[4.168253491682196,43.703537176873866],[4.1681294605142,43.70353509655754],[4.168005428691326,43.703533105199476],[4.167881392528843,43.703531204639184],[4.167757354469638,43.70352939305056],[4.167633314531844,43.70352767133333],[4.167509271492993,43.70352604040045],[4.167385226555862,43.70352449843921],[4.167261179738297,43.703523046349474],[4.167137129817734,43.70352168504401],[4.167013079237361,43.703520412696875],[4.166889026774987,43.703519230221026],[4.166764972429569,43.70351813761661],[4.166640917459338,43.7035171357699],[4.166516860586935,43.70351622289472],[4.166392803070139,43.70351539987769],[4.166268743668237,43.70351466673194],[4.166144683620682,43.70351402344429],[4.166020622945475,43.703513470914245],[4.165896561605314,43.703513007342465],[4.165772498377526,43.70351263364204],[4.165648435742244,43.70351234978638],[4.165524373716729,43.70351215667517],[4.165400309783895,43.70351205253551],[4.165276247681756,43.70351203822719],[4.16515218368944,43.70351211379034],[4.165028121544765,43.70351228008453],[4.16490405873057,43.703512535336976],[4.164779996504609,43.70351288043434],[4.164655934884679,43.70351331627587],[4.16453187383352,43.70351384106255],[4.164407813368841,43.703514455693984],[4.164283753508347,43.703515161069916],[4.164159695455004,43.7035159553776],[4.164035638004855,43.703516840429636],[4.163911582360603,43.70351781441354],[4.163787527318374,43.703518879141846],[4.163663474081063,43.70352003280198],[4.163539423924676,43.70352127718009],[4.163415374332007,43.703522610503306],[4.163291326579051,43.70352403455755],[4.163167280628502,43.7035255475438],[4.163043236516682,43.70352715126109],[4.162919195464776,43.70352884479686],[4.162795156213528,43.70353062726442],[4.162671120039475,43.70353250044991],[4.162547086923491,43.703534463453735],[4.162423055606605,43.70353651538948],[4.16229902736479,43.70353865804319],[4.162175003383372,43.70354088870253],[4.162050983606379,43.70354320466834],[4.161926969164436,43.70354560052909],[4.161802957503586,43.70354807271228],[4.16167894977204,43.703550616705996],[4.161554947118424,43.703553227998434],[4.161430948229292,43.70355590300389],[4.16130695303099,43.70355863812352],[4.161182961395729,43.703561427059185],[4.16105897328641,43.70356426801142],[4.160934988593469,43.703567155581915],[4.160811007225529,43.70357008527201],[4.160687029090884,43.70357305258303],[4.160563054134784,43.70357605481584],[4.16043908226596,43.703579087471816],[4.160315112134271,43.70358214516582],[4.160191144907158,43.703585224285725],[4.160067179253149,43.70358832034596],[4.159943216339483,43.7035914297346],[4.159819254853072,43.703594548866],[4.159695295906283,43.7035976714285],[4.155575657105796,43.703701418541044],[4.153497336667071,43.703753698705434],[4.153373377067929,43.703756815867756],[4.153249419863206,43.703759929263924],[4.153125462500292,43.70376303532099],[4.153001507368861,43.70376612951411],[4.15287755193421,43.70376920917044],[4.152753596069867,43.703772267991745],[4.152629642183729,43.70377530235292],[4.15250568650133,43.70377830959416],[4.152381732616546,43.703781283377886],[4.152257776754614,43.703784221044394],[4.152133821287918,43.70378711716899],[4.152009864921935,43.70378996906554],[4.151885908788722,43.703792771322796],[4.15176195033567,43.703795520367585],[4.151637991953336,43.703798211675455],[4.151514032311329,43.70380084076072],[4.151390070097484,43.70380340403755],[4.151266107720258,43.70380589788079],[4.151142143831569,43.70380831690516],[4.151018178341414,43.70381065661202],[4.150894211195891,43.703812914302354],[4.150770243527668,43.70381508456403],[4.150646272802458,43.70381716472479],[4.150522301374797,43.70381914845995],[4.150398327950688,43.70382103308343],[4.150274353680943,43.70382281408353],[4.150150377235674,43.703824486974725],[4.150026398525076,43.703826047258225],[4.149902419976251,43.70382749220879],[4.149778437833131,43.70382882006599],[4.149654453336618,43.70383003081701],[4.149530467727886,43.70383112444863],[4.14940647852714,43.703832100986986],[4.149282489473975,43.70383296129248],[4.149158498052222,43.703833703592075],[4.149034505521286,43.703834328772096],[4.14891051188184,43.703834836832776],[4.148786518374873,43.70383522776083],[4.148662523778866,43.70383550246924],[4.148538528058584,43.703835659158464],[4.148414532491192,43.70383569961482],[4.148290537041005,43.70383562203897],[4.148166541745318,43.70383542823025],[4.14804254780859,43.70383511637622],[4.147918554027973,43.703834688289476],[4.147794560385543,43.70383414307007],[4.147670568104727,43.70383347980533],[4.147546577221976,43.703832700294825],[4.147422588960618,43.703831803625576],[4.147298600840951,43.70383078982381],[4.147174615343828,43.70382965886333],[4.147050631229967,43.703828410757424],[4.146926650980677,43.70382704547967],[4.14680267213418,43.70382556395609],[4.14667869589553,43.703823964374166],[4.146554723541467,43.703822248520275],[4.146430753796777,43.70382041460812],[4.146306787938466,43.70381846442396],[4.146182824708869,43.70381639708124],[4.146058866589302,43.70381421255385],[4.145934911100061,43.70381191086787],[4.145810960740366,43.70380949289698],[4.145687015474797,43.703806956841696],[4.145563074100059,43.70380430451461],[4.145439136581011,43.703801534116096],[4.145315205434777,43.703798647419966],[4.145191279403696,43.70379564353895],[4.145067358506799,43.703792523373224],[4.14494344394891,43.70378928511009],[4.144819534526536,43.703785930562276],[4.144695631462861,43.70378245881693],[4.144571734758273,43.70377886987402],[4.144447845654225,43.70377516372054],[4.144323961688529,43.70377134128242],[4.144200085324794,43.7037674016338],[4.14407621656341,43.70376334477471],[4.143952354165364,43.7037591707181],[4.143828500629477,43.703754880337954],[4.143704654698395,43.70375047274727],[4.143580816372879,43.70374594794633],[4.143456985671738,43.70374130683482],[4.14333316505804,43.70373654848683],[4.143209352052177,43.70373167292862],[4.143085547913276,43.70372668104689],[4.142961752623672,43.703721571941834],[4.142837966184401,43.703716345613685],[4.14271418985449,43.703711002949],[4.142590423616745,43.70370554304818],[4.142466667489496,43.70369996681098],[4.142342920197843,43.703694272451024],[4.142219184276457,43.70368846264135],[4.142095458450348,43.70368253559575],[4.141971743960128,43.703676491301046],[4.141848040824675,43.703670330657154],[4.141724347786485,43.703664052777356],[4.141600666104566,43.70365765854849],[4.141476997001873,43.703651147057755],[4.14135333801663,43.70364451923084],[4.141229692852443,43.70363777412929],[4.14110605904753,43.70363091267872],[4.140982437842593,43.70362393486623],[4.140858829220919,43.703616839792026],[4.140735233200998,43.70360962835596],[4.140611649765201,43.70360229965847],[4.140488080173069,43.70359485458619],[4.140364524407159,43.70358729223945],[4.140240982504046,43.70357961441774],[4.140117454428561,43.7035718193217],[4.139993940199641,43.70356390785111],[4.13987043979976,43.70355587910631],[4.139746954487983,43.703547733973984],[4.139623483024827,43.70353947246723],[4.139500027891494,43.703531094560226],[4.139376586590381,43.703522599379134],[4.139253161638572,43.70351398869757],[4.13912975176061,43.70350526072906],[4.139006358215268,43.70349641636044],[4.138882979763344,43.70348745560473],[4.138759618885942,43.70347837843604],[4.138636273085376,43.703469183980694],[4.138512944878704,43.70345987401217],[4.138389633008374,43.70345044764383],[4.138266337457621,43.70344090397609],[4.138143060742929,43.703431244782244],[4.138019800349211,43.70342146828906],[4.137896557553001,43.703411576283145],[4.137773333559514,43.70340156695202],[4.137650127165013,43.70339144210817],[4.137526938352457,43.703381200851915],[4.137403768362721,43.70337084317045],[4.137280618436676,43.703360369050834],[4.137157486094797,43.70334977851901],[4.137034372596004,43.703339072461795],[4.136911279145167,43.703328249067006],[4.136788205778831,43.70331731013395],[4.136665151239936,43.70330625477609],[4.136542116786925,43.703295083880356],[4.136419102385192,43.70328379564691],[4.136296108070909,43.703272391875785],[4.136173135085117,43.70326087255384],[4.136050183392859,43.703249235881756],[4.135927251790158,43.70323748367206],[4.13580434151824,43.703225615911784],[4.135681452559909,43.70321363170141],[4.135558584915897,43.70320153104086],[4.135435739844807,43.703189314817],[4.135312917347654,43.70317698303016],[4.135190116166919,43.703164534793245],[4.135067337543473,43.70315197009366],[4.134944581514163,43.70313929073086],[4.134821848025497,43.70312649400581],[4.134699138372637,43.70311358260468],[4.134576452520113,43.70310055472831],[4.134453789246439,43.703087411289346],[4.134331149775019,43.70307415137508],[4.134208534141753,43.70306077678521],[4.13408594355223,43.70304728570741],[4.133963375544464,43.7030336790674],[4.133840833821926,43.703019955926564],[4.133718315940717,43.70300611811055],[4.133595823106063,43.702992163806876],[4.133473355354393,43.70297809481514],[4.133350913890855,43.70296390932315],[4.133228496271339,43.702949609156114],[4.133106106181801,43.70293519247608],[4.132983741160331,43.70292066020855],[4.132861402465381,43.702906013240565],[4.132739090079968,43.70289125067244],[4.132616805227515,43.70287637159169],[4.132494546703729,43.702861377810436],[4.132372314491733,43.70284626842954],[4.132250109850239,43.70283104433568],[4.132127932744302,43.70281570372948],[4.132005783210298,43.702800248410504],[4.131883662471279,43.702784677466205],[4.13176156930562,43.702768991809414],[4.131639503696348,43.702753190540435],[4.131517466883925,43.70273727364634],[4.131395458887305,43.70272124202725],[4.13127347968942,43.70270509478321],[4.1311515305486,43.70268883280143],[4.131029610207848,43.70267245519503],[4.130907718685546,43.702655962863794],[4.130785852244112,43.702639354946925],[4.13072493805808,43.70263100844371],[4.130664030762654,43.70262263303764],[4.130542224424511,43.702605794746255],[4.130420453126177,43.7025888425659],[4.130298713112489,43.70257177473565],[4.130177003161797,43.702554592168454],[4.130055324514824,43.70253729485144],[4.129933677172277,43.702519882784784],[4.129812061117293,43.70250235506881],[4.129690476386069,43.7024847135031],[4.129568924183746,43.70246695627546],[4.129447403306584,43.70244908519838],[4.129325914959906,43.70243109845944],[4.129204459179618,43.70241299785839],[4.129083034691109,43.70239478160864],[4.12896164401105,43.702376451484085],[4.128840287121755,43.70235800658521],[4.128718962784363,43.70233944692487],[4.128597670999385,43.70232077250317],[4.128476414265466,43.702301984194314],[4.128355191325737,43.70228308111155],[4.12823400094023,43.70226406326772],[4.128112845607943,43.70224493153698],[4.127991725312134,43.70222568502006],[4.127870638830442,43.702206324629124],[4.127749588626807,43.70218684943934],[4.127628572238763,43.70216726037587],[4.127507590889858,43.70214755652654],[4.127386645838412,43.702127738778174],[4.127265737085201,43.70210780713108],[4.127144863373006,43.702087760698355],[4.127024025960509,43.70206760036692],[4.126903223607917,43.70204732615001],[4.126782460036874,43.70202693800905],[4.126661731509494,43.702006435082986],[4.126541040542339,43.70198581914565],[4.126420385860504,43.701965088410724],[4.12629976998035,43.70194424465195],[4.126179190386877,43.701923286095756],[4.126058649596532,43.70190221451616],[4.125938146334324,43.70188102812635],[4.125817680636402,43.701859728726355],[4.125697253725944,43.70183831540344],[4.12557686562121,43.70181678905752],[4.125456516287703,43.70179514788933],[4.125336205761079,43.70177339369828],[4.125215934024706,43.70175152558506],[4.125095702336839,43.70172954443652],[4.124975509440563,43.70170744936597],[4.124855357834411,43.70168524124762],[4.124735245020909,43.70166291920747],[4.124615172258856,43.701640484132554],[4.124495140771169,43.701617935110605],[4.124375149353831,43.70159527395393],[4.12425519795443,43.70157249796342],[4.124135289106889,43.70154960981287],[4.124015420296462,43.70152660772868],[4.123895592798929,43.701503493497384],[4.123775807820206,43.7014802653071],[4.123656064138136,43.70145692407039],[4.123536362993563,43.701433469774535],[4.12341670316479,43.70140990333233],[4.123297087097272,43.701386222918856],[4.123177512329313,43.7013624294595],[4.123057981359298,43.70133852382864],[4.122938492930144,43.70131450513943],[4.122819047042415,43.70129037339202],[4.122699646194942,43.701266129460635],[4.12258028789001,43.701241772471434],[4.122460973369185,43.7012173024116],[4.122341703889915,43.7011927201684],[4.122222478195773,43.701168024854944],[4.122103296304755,43.70114321737116],[4.121984154461726,43.701118295956036],[4.121924608227093,43.701105795349214],[4.121865072615905,43.70109326580343],[4.121746020862791,43.70106812002276],[4.121627019116537,43.70104286200842],[4.121508063674219,43.70101749269866],[4.121389153261617,43.700992010306805],[4.121270287896807,43.700966415733],[4.121151470078478,43.700940709851636],[4.121032697291405,43.700914890888335],[4.120913972034568,43.700888959718135],[4.120795293085931,43.7008629172534],[4.120676660410735,43.70083676169489],[4.120558075284993,43.700810494829476],[4.120439537691913,43.7007841157575],[4.120321047649447,43.700757625378856],[4.120202603900915,43.70073102280683],[4.120084210166906,43.70070430800324],[4.119965862745589,43.7006774819063],[4.119847564100059,43.70065054359085],[4.119729314248621,43.70062349395677],[4.119611113174313,43.70059633210462],[4.119492960912647,43.700569059833995],[4.11937485742972,43.700541675345484],[4.119256803983069,43.70051417952637],[4.119138799316217,43.70048657148973],[4.119020844704821,43.70045885302244],[4.118902938874274,43.70043102233802],[4.118785081842863,43.70040308033641],[4.118690830449043,43.70038064602018],[4.118667287305239,43.700375029576655],[4.11854952537576,43.700346864066816],[4.118431822203321,43.70031858893767],[4.118314169072347,43.70029020247924],[4.118196568481703,43.70026170556588],[4.118079017933647,43.7002330973235],[4.117961518669412,43.70020437773961],[4.117844071946768,43.700175547701434],[4.117726676509245,43.70014660632191],[4.117609333614515,43.700117554488415],[4.117492040800785,43.70008839312628],[4.117374795675994,43.70005912675971],[4.117257598311187,43.700029758987974],[4.117140445056442,43.70000029344822],[4.117023336000019,43.69997073463942],[4.116906268749824,43.699941087085705],[4.116789239638774,43.69991135352463],[4.116672249995275,43.69988153844223],[4.116555296186539,43.699851646375706],[4.116438375803087,43.699821680949206],[4.11632148891564,43.69979164576205],[4.116204631891778,43.69976154535111],[4.116087803561727,43.699731383328015],[4.115971002773405,43.699701164204455],[4.115854225859341,43.69967089071778],[4.115737472906988,43.699640567366714],[4.115620741542376,43.69961019957515],[4.115504028079698,43.69957978918083],[4.115387332607242,43.699549340682516],[4.115270652732225,43.699518858604215],[4.115153986044601,43.69948834657045],[4.115037330152181,43.69945780910546],[4.114979007055476,43.699442532177684],[4.114920686365006,43.69942724979514],[4.114862365600588,43.69941196198301],[4.11480404853529,43.699396671402575],[4.114687415527673,43.699366079338915],[4.114570786172477,43.69933547721551],[4.114454159299728,43.69930486864428],[4.114337532516692,43.69927425814924],[4.104774524033505,43.69676375135878],[4.098127560921717,43.695018149560944],[4.098010951572958,43.694987520758175],[4.097894346017021,43.69495688909431],[4.097777745408044,43.69492625005826],[4.09766115215711,43.69489560002599],[4.097544567418142,43.694864934486375],[4.097427993602095,43.69483424981552],[4.097311434360459,43.69480354237696],[4.097194888367151,43.69477280768473],[4.097078359273532,43.69474204210226],[4.097020103221013,43.69472664703058],[4.096961851987795,43.69471124288048],[4.096845362669952,43.69468040375878],[4.0967288974683,43.69464952197553],[4.096612457537181,43.69461859301973],[4.096496044065216,43.69458761417959],[4.096379660686425,43.69455658091925],[4.09626330855514,43.694525488727535],[4.096146988860062,43.694494334892745],[4.096030703978226,43.69446311399186],[4.095914457578557,43.694431823288056],[4.095798250815317,43.69440045827054],[4.095682084859729,43.694369015327844],[4.095565962123914,43.6943374908363],[4.095449886242203,43.694305880259876],[4.095333858386082,43.69427417998737],[4.095217880949994,43.69424238549523],[4.095101955123235,43.694210494071974],[4.094986084540058,43.69417850118166],[4.094870270372053,43.69414640321313],[4.094754515031335,43.69411419654254],[4.094638822135224,43.694081875734305],[4.094523191650115,43.694049438989275],[4.094407623559047,43.69401688540786],[4.094292119068646,43.693984213178226],[4.094176676973584,43.69395142411268],[4.094061299754607,43.69391851818634],[4.093945984914983,43.693885494524714],[4.093830734935461,43.6938523531031],[4.093715548611149,43.693819095733566],[4.093600427147942,43.693785720604346],[4.093485370546531,43.69375222771581],[4.093370378842036,43.69371861886761],[4.093255450777755,43.69368489317251],[4.093140590057091,43.693651049693905],[4.093025792995078,43.69361709026852],[4.092911063294926,43.693583013959724],[4.092796398477357,43.6935488207925],[4.09268180104016,43.69351451164198],[4.09256726848671,43.69348008563352],[4.092452804537277,43.69344554272996],[4.092338405490096,43.69341088386865],[4.092224075065514,43.69337610901242],[4.092109809509843,43.693341216399425],[4.092018443689155,43.69331321842491],[4.091995622583608,43.69330621219103],[4.091881486801696,43.69327108586452],[4.091767427136019,43.69323584616843],[4.091653434873013,43.69320049139077],[4.091539511218969,43.693165019720034],[4.091425656191311,43.693129432055514],[4.091311869808027,43.693093729297836],[4.091198153292547,43.6930579105349],[4.091084505422366,43.6930219766789],[4.090970927421012,43.692985926818096],[4.090857420546088,43.69294976183995],[4.090743982301184,43.692913480869734],[4.090630613943809,43.69287708479508],[4.090517316714517,43.69284057360374],[4.090404090614041,43.692803947296014],[4.090290934402736,43.692767205884465],[4.09017785056125,43.69273034934449],[4.090064836610118,43.69269337770117],[4.089951895047009,43.69265629182968],[4.089839025855063,43.692619090830476],[4.08972622779519,43.69258177471623],[4.08961350212495,43.692544344374504],[4.089500848827579,43.69250679890569],[4.089388269160814,43.69246913919756],[4.089275761885366,43.692431365262514],[4.089163327001491,43.69239347710086],[4.089050966972791,43.692355473788304],[4.088938679353822,43.69231735714949],[4.088826465368276,43.69227912627237],[4.0887143262563,43.69224078114475],[4.088602260778792,43.692202321779284],[4.088490270193087,43.69216374906375],[4.088378354482596,43.69212506209824],[4.088266513647937,43.69208626088337],[4.088154746466909,43.69204734633146],[4.088043056659619,43.69200831840537],[4.087931441746877,43.69196917713028],[4.087819901729002,43.69192992250635],[4.087708437829412,43.69189055362184],[4.08759705132294,43.69185107226381],[4.087485740952748,43.69181147754547],[4.087374506719706,43.691771769466804],[4.087263349863928,43.69173194801585],[4.087152269163094,43.6916920141048],[4.087041265857867,43.69165196772156],[4.08693034117128,43.69161180795441],[4.086819493864216,43.691571534815864],[4.086708723971205,43.69153115010554],[4.086598032698493,43.69149065201204],[4.086487420063629,43.69145004143517],[4.086376884827122,43.6914093183877],[4.086266429486558,43.69136848374476],[4.086156054008022,43.69132753570711],[4.086045755946624,43.69128647609937],[4.085935539022294,43.69124530488451],[4.085825400738784,43.69120402118781],[4.085715342336268,43.691162624997204],[4.0856053650727,43.691121117200325],[4.085495466468238,43.69107949782209],[4.08538565024335,43.69103776682566],[4.085275913918379,43.690995924236155],[4.085166258734215,43.69095397004121],[4.085056684690771,43.69091190424127],[4.084947191788785,43.690869726836574],[4.084837781285898,43.69082743871465],[4.084728451925107,43.69078503898854],[4.084619204964139,43.69074252854568],[4.084510039146454,43.69069990649907],[4.084400956969457,43.690657173724084],[4.084291958433594,43.690614330220846],[4.084183041059205,43.690571376014205],[4.084074207326839,43.69052831107988],[4.083965457220012,43.69048513451844],[4.083856790772931,43.690441848129495],[4.083748207985937,43.690398451913296],[4.083639710082867,43.690354944958116],[4.083531294583971,43.69031132728892],[4.083422965226559,43.69026759976853],[4.08331471951414,43.69022376152223],[4.083206558721034,43.69017981433752],[4.083098482813826,43.69013575641507],[4.082990493049899,43.69009158864244],[4.082882588206552,43.69004731193213],[4.082774769490142,43.69000292447263],[4.082667035695336,43.68995842807595],[4.082559388045496,43.689913821830224],[4.082451827797701,43.68986910662311],[4.082344353695608,43.68982428156754],[4.082236965756629,43.68977934756356],[4.082129665221112,43.689734304599],[4.082022452072565,43.689689151774424],[4.08191532634501,43.68964389088982],[4.081808288005228,43.68959852014528],[4.08170133708752,43.689553041341185],[4.081594474815045,43.689507453565625],[4.081487701205464,43.68946175771862],[4.081381015002154,43.68941595291278],[4.08127441746225,43.68937004003621],[4.081167909809179,43.689324018176585],[4.081061489580545,43.68927788825893],[4.080955160496528,43.6892316502465],[4.08084891883763,43.68918530417656],[4.080742768323929,43.689138850012256],[4.080636707716064,43.689092287766364],[4.080530737031287,43.68904561833867],[4.080424856253015,43.68899884083005],[4.080319066621541,43.68895195522808],[4.080213366931434,43.688904963345074],[4.080107758388689,43.68885786336947],[4.080002240993861,43.688810655301474],[4.079896816021161,43.68876334092859],[4.079791480974151,43.68871591937604],[4.079686247080187,43.68866839413212],[4.079476021522799,43.688573007981944],[4.079371063625774,43.688525162039525],[4.079266199392543,43.68847720978158],[4.079056721925497,43.68838097401905],[4.078847626626407,43.68828431652287],[4.078638905990664,43.68818723377009],[4.078430561295155,43.68808972755019],[4.078222595005176,43.68799179694102],[4.078015007174097,43.687893444644054],[4.077807800284536,43.68779467063704],[4.077600976818709,43.68769547489769],[4.077394536830123,43.68759586012723],[4.0771884827669,43.687495824504175],[4.076982817179167,43.68739537160512],[4.076777540035556,43.68729449963282],[4.076572653868916,43.68719321126428],[4.076368158681642,43.687091506501915],[4.076164059452344,43.68698938619828],[4.075960354960553,43.68688685126812],[4.075757038941791,43.68678389817591],[4.075655543362343,43.6867322736531],[4.075554146468779,43.686680545475106],[4.075351629922618,43.68657676664193],[4.075149524392952,43.686472581129486],[4.074947812355163,43.686367980114724],[4.07484712128292,43.686315533408845],[4.074746531378292,43.68626298302576],[4.07454563262085,43.68615756425116],[4.07434514865843,43.68605174146929],[4.074145075705735,43.68594551112019],[4.074147228060392,43.685946653934295],[4.073945415021933,43.68583887409377],[4.073746165385609,43.685731831304366],[4.07354733179191,43.68562438450482],[4.073348914225661,43.6855165327978],[4.07315091397949,43.68540827887262],[4.072953323514757,43.68529961740664],[4.072854698874033,43.68524514357855],[4.072756171652597,43.68519056431611],[4.072657749390924,43.68513588494465],[4.072559433345639,43.68508110635204],[4.072461223483449,43.68502622673897],[4.072363119838156,43.68497124790544],[4.072265122409959,43.684916169851476],[4.072167231165396,43.684860990778155],[4.072069446155265,43.684805713384726],[4.071971768602586,43.6847503367598],[4.071874198490901,43.68469486000358],[4.071776734614059,43.68463928492844],[4.071679379418441,43.68458360971065],[4.071582131697877,43.684527836162104],[4.071484991452829,43.68447196428306],[4.071387959906123,43.684415993162105],[4.071291035835119,43.68435992371131],[4.07119422046301,43.68430375501905],[4.071097513823615,43.68424748888517],[4.071000915883468,43.684191123510345],[4.070904427916211,43.68413466068237],[4.070808047425458,43.684078099526005],[4.070711778147751,43.68402144090479],[4.070615617586712,43.683964683943664],[4.07051956699923,43.683907829530476],[4.070423625128754,43.683850876777974],[4.070327794488785,43.68379382746147],[4.070232075062583,43.683736680681804],[4.070136464354237,43.683679435563484],[4.070040966133113,43.68362209476982],[4.069945577869603,43.683564655626064],[4.069850300837277,43.68350711991995],[4.069755135036279,43.68344948765174],[4.069660080467125,43.6833917588217],[4.069565137129315,43.68333393343022],[4.069470306263344,43.68327601146526],[4.0693755878688,43.68321799292721],[4.06928098070648,43.68315987782856],[4.069186483502962,43.68310166438231],[4.069139282108819,43.68307252521975],[4.069092108840854,43.68304336236409],[4.068997836615452,43.682984957573304],[4.068903680631895,43.6829264588735],[4.068809637137807,43.68286786450225],[4.068715707372736,43.68280917444756],[4.068621891353859,43.68275038960953],[4.068528189047552,43.682691508188995],[4.068434600504358,43.682632532885414],[4.068341126930714,43.682573461887294],[4.06824776710354,43.6825142961072],[4.068154521006079,43.68245503464544],[4.068061389912236,43.682395679289776],[4.067968373804876,43.68233622914065],[4.067875471444415,43.68227668421063],[4.067782685327469,43.68221704537525],[4.0676900141975,43.682157311747524],[4.067597459310871,43.68209748421523],[4.067505019411497,43.682037561890844],[4.067412695772688,43.681977546562294],[4.067320488377581,43.681917437330036],[4.067228395986675,43.68185723420651],[4.067136421079695,43.68179693716774],[4.067044562433432,43.68173654712595],[4.066952821271165,43.68167606316952],[4.066861196386432,43.681615487110456],[4.06676968898603,43.68155481713722],[4.066678297846653,43.681494054162165],[4.066587025448091,43.681433198161415],[4.066495870567111,43.681372250046955],[4.066404833187498,43.68131120891944],[4.066313913308949,43.68125007477915],[4.066223112204864,43.68118884941366],[4.066132429841727,43.681127531023996],[4.066041866236517,43.68106612050998],[4.065951420149354,43.68100461788427],[4.065861094060074,43.68094302312268],[4.065770886745343,43.68088133713752],[4.065680798188659,43.68081955902936],[4.065590825944126,43.68075769062221],[4.065500966359558,43.680695735551744],[4.065411216972048,43.680633694742255],[4.065321570443894,43.680571573665226],[4.065232026808406,43.680509374120454],[4.065142578694419,43.6804470997798],[4.065053224895497,43.680384752455375],[4.064963960553031,43.68032233759406],[4.064874780741807,43.6802598570442],[4.064785683032535,43.68019731352954],[4.064696663756179,43.68013470978578],[4.064607716797851,43.6800720503725],[4.064518839728244,43.68000933801329],[4.064430028861604,43.67994657454415],[4.064341276776645,43.67988376093784],[4.064332411167951,43.67987748181933],[4.064252586136307,43.67982090706739],[4.064243725405619,43.67981462249481],[4.0641639507254,43.67975801209342],[4.064075361899635,43.679695077900824],[4.06398681721281,43.67963210631329],[4.063977969976795,43.67962581078989],[4.063898316798682,43.67956910452876],[4.063889473234564,43.679562805363204],[4.06380985574855,43.67950607529512],[4.063721426607382,43.6794430177854],[4.063633025739817,43.6793799365347],[4.063562324509403,43.67932945707699],[4.063544653245969,43.679316836941396],[4.063456299191484,43.6792537182029],[4.063367963676657,43.6791905857176],[4.063279640552997,43.679127442245274],[4.063191328647754,43.67906429139697],[4.063103020539349,43.67900113414533],[4.063014713831913,43.67893797501298],[4.062573185693513,43.67862217829194],[4.056480586111988,43.674264008339584],[4.056392295241302,43.67420084401976],[4.056304005787973,43.67413767871914],[4.056215723917059,43.67407451057822],[4.056127452041526,43.67401133597386],[4.056039193829989,43.673948152170894],[4.055950955431096,43.673884956410035],[4.055903403551419,43.67385088293276],[4.055862740496875,43.67382174505623],[4.055774551440313,43.673758514486664],[4.055686393203239,43.67369526375353],[4.055598270677559,43.673631989209845],[4.055510186259696,43.673568686332935],[4.055422146130784,43.673505354163176],[4.05533415268716,43.67344198817802],[4.055246210870717,43.67337858742954],[4.055158324300553,43.67331514648362],[4.055070497918369,43.67325166439247],[4.054982734120613,43.673188136633634],[4.054895039071912,43.67312456134762],[4.054807415201844,43.67306093581146],[4.054719867385669,43.67299725547859],[4.05463240056516,43.672933519401425],[4.054545018392824,43.672869723945105],[4.054457723297781,43.672805866386774],[4.054370522651837,43.6727419430555],[4.054283417644164,43.67267795124048],[4.05419641443981,43.67261388908228],[4.054109516691099,43.67254975294631],[4.054022728067094,43.672485540097576],[4.053936053476426,43.6724212477892],[4.053849494108733,43.672356873310164],[4.053763051220385,43.67229241754844],[4.053676721075932,43.672227879640786],[4.053607739795443,43.672176188713756],[4.053590516186714,43.672163265765406],[4.053504415215886,43.67209856173096],[4.053418435748458,43.672033779966064],[4.053332571536943,43.67196891783163],[4.053246825027553,43.67190397350456],[4.053161193790735,43.671838949708395],[4.053075680255882,43.671773843720146],[4.052990283233088,43.67170865825136],[4.052905003928713,43.67164339149078],[4.052819841119695,43.671578044350476],[4.052734796045637,43.67151261681877],[4.052649867466663,43.67144710890774],[4.052565057878821,43.67138152149375],[4.052480364769449,43.671315852801385],[4.0523957894278,43.67125010551809],[4.052311333060604,43.67118427783284],[4.052226994444315,43.67111837065759],[4.052142774802181,43.67105238308084],[4.052058672927455,43.670986316914465],[4.051974690043372,43.67092017124692],[4.051890824909873,43.67085394609044],[4.051807080006434,43.670787641421455],[4.051723452870332,43.670721258163894],[4.051639945980202,43.67065479629409],[4.051556556840856,43.670588254936476],[4.051473289203655,43.67052163585498],[4.051390139316728,43.67045493728636],[4.051307109692445,43.670388161006294],[4.051224200297344,43.67032130521555],[4.051141411181047,43.67025437261395],[4.051058742293959,43.67018736050227],[4.050976192446067,43.670120271592005],[4.050893764083242,43.670053104060024],[4.050811455982096,43.66998585881844],[4.050729268142911,43.66991853586748],[4.050647201804928,43.669851135195515],[4.050565256984817,43.66978365770222],[4.050483432426111,43.66971610250045],[4.050401729368318,43.669648469578476],[4.0503201466049,43.66958076074803],[4.0502386865818,43.66951297418584],[4.050157348075799,43.66944511080412],[4.050076131086792,43.66937717060298],[4.04999503685427,43.66930915357077],[4.04991406415501,43.66924106061948],[4.049833212972509,43.66917289084963],[4.04975248454607,43.66910464424964],[4.049671878908532,43.66903632261908],[4.049591396026916,43.66896792415899],[4.049511035917392,43.668899449769235],[4.049430798580026,43.66883089945004],[4.049350684030985,43.6687622741016],[4.04927069225404,43.66869357282435],[4.049208655260792,43.66864015039278],[4.049190824488096,43.66862479560666],[4.049111079510279,43.66855594336047],[4.049031458559951,43.66848701607408],[4.048951961636883,43.66841801374783],[4.048872588740846,43.668348936381946],[4.048793338615757,43.668279783089],[4.048714213773652,43.66821055564477],[4.048635211735148,43.66814125407347],[4.048556334962878,43.66807187745174],[4.048477583472696,43.66800242667958],[4.048398956025254,43.66793290176929],[4.048320452604224,43.667863301821335],[4.048242074481382,43.66779362862341],[4.048163821623946,43.66772388037654],[4.048085694080752,43.6676540597801],[4.048007691802746,43.667584164135185],[4.047929814838849,43.66751419614134],[4.047852063139734,43.667444153099524],[4.047774437993873,43.66737403769737],[4.047696938145272,43.66730384904726],[4.047619563593774,43.667233587149546],[4.047542316817949,43.66716325198073],[4.047465195355513,43.6670928444644],[4.047388199189491,43.667022363701385],[4.047311330815158,43.6669518105678],[4.047234588993061,43.66688118507566],[4.047157972467042,43.666810486337546],[4.047081484987975,43.666739716117604],[4.047005122821063,43.66666887355181],[4.046928888444941,43.666597958616855],[4.046852781876035,43.666526972212644],[4.046776801858097,43.666455913451664],[4.046700949646817,43.666384783221986],[4.046625224002651,43.6663135815358],[4.046549627404109,43.66624230836953],[4.04647415861183,43.66617096373549],[4.046398817641768,43.66609954853354],[4.046323604477482,43.66602806186427],[4.046248520358118,43.66595650371602],[4.046173564060463,43.665884875000756],[4.046098736823838,43.66581317570684],[4.046024037408422,43.66574140584648],[4.045949467053616,43.6656695654078],[4.045875025759129,43.665597654391455],[4.045800713524929,43.66552567279753],[4.045726530383171,43.665453622425694],[4.045652477524279,43.66538150056517],[4.045578552518345,43.66530930993928],[4.045504757810795,43.665237048725054],[4.045431092195272,43.665164718733976],[4.045357556877877,43.66509231815514],[4.045284151907883,43.66501984968778],[4.04521087599606,43.66494731064509],[4.045137730414779,43.66487470281488],[4.045064715163527,43.66480202619727],[4.044991831481482,43.66472928078079],[4.044919076873376,43.66465646568973],[4.044846453850315,43.66458358269999],[4.044773961173115,43.66451063182377],[4.04470159880809,43.66443761126187],[4.044629368027664,43.66436452280212],[4.044557268831682,43.66429136644472],[4.04448529998013,43.664218142201975],[4.044413462712344,43.6641448500622],[4.044341757028077,43.66407149002562],[4.044270182926982,43.66399806209257],[4.044198741664591,43.663924567151106],[4.044127430745752,43.66385100432556],[4.044056252665014,43.66377737449219],[4.043985206166427,43.663703676763355],[4.043914292522083,43.66362991292696],[4.043843510475759,43.66355608209533],[4.043772861266577,43.66348218425697],[4.043702344894455,43.663408219412084],[4.043631960135853,43.663334188472554],[4.04356170945306,43.66326009051512],[4.04349159163928,43.663185927351485],[4.043421606661018,43.66311169718232],[4.043351754534842,43.663037400907754],[4.043282035276762,43.662963039427794],[4.043212450109487,43.66288861183079],[4.043142997793191,43.66281411812927],[4.043073679599889,43.662739560110964],[4.043004495479988,43.66266493507679],[4.042935441699125,43.66259024216313],[4.042914758479586,43.66256782919661],[4.042866530862879,43.66251549294769],[4.042797746564983,43.662440671390435],[4.042729097660823,43.66236578730508],[4.042660584100628,43.66229083799285],[4.042592204661482,43.662215824365695],[4.042523960565986,43.662140745512225],[4.042455850590574,43.66206560234437],[4.042387872223712,43.661990393086484],[4.042353937269531,43.66195276767667],[4.042320036799298,43.661915127529085],[4.042252329150171,43.66183978961985],[4.042184758147974,43.661764390072705],[4.042117323759673,43.66168892708834],[4.042050024745517,43.66161340067897],[4.041982859865579,43.66153781085661],[4.041915830359351,43.66146215760985],[4.041848933747754,43.66138644096242],[4.041782163915665,43.66131066547284],[4.041715515905362,43.66123483118859],[4.041648984824921,43.661158941756455],[4.041582566988961,43.66108299901155],[4.041516257488486,43.66100700570085],[4.041450050160045,43.6609309636833],[4.041383941334185,43.66085487569396],[4.041317926086252,43.66077874357968],[4.041251999507868,43.660702570087615],[4.041186156674129,43.660626357064366],[4.041120392677055,43.66055010725709],[4.041054702591595,43.66047382251273],[4.040989081509427,43.660397505578054],[4.040923525745399,43.66032115828822],[4.040858027896158,43.66024478251403],[4.04079258554848,43.66016838187797],[4.040727192505593,43.66009195643959],[4.040661843892018,43.66001551074507],[4.040596536006059,43.659939045729764],[4.040531262683954,43.65986256325242],[4.040466019033924,43.659786066959455],[4.040400801354145,43.659709557786215],[4.040335603480813,43.65963303759141],[4.040270420522474,43.65955651002157],[4.040205248793393,43.65947997691136],[4.040140082130199,43.65940344011991],[4.038901971647383,43.65794920719396],[4.033494115205311,43.65159635428777],[4.033428965190121,43.65151981209367],[4.033363807962703,43.65144327263433],[4.033298639822297,43.65136673684472],[4.033233455861196,43.65129020747109],[4.03316824991628,43.65121368637168],[4.033103017063568,43.65113717539312],[4.033037753650821,43.65106067816926],[4.032972453514973,43.6509841965586],[4.032907111716155,43.65090773150773],[4.032841724601806,43.650831286650885],[4.032776285992973,43.65075486294636],[4.032710792237487,43.650678464028395],[4.032645237155887,43.65060209085526],[4.032579615840898,43.65052574617327],[4.032513924624181,43.65044943271662],[4.032448157358732,43.65037315324307],[4.032382310327731,43.650296907788146],[4.032316378656072,43.65022070089675],[4.032250356164602,43.65014453352778],[4.032184239185225,43.65006840841513],[4.032118021571398,43.64999232831684],[4.03205169963821,43.649916295067335],[4.031985268462412,43.649840310512886],[4.031918723152604,43.649764378299196],[4.031852058768817,43.6496884993728],[4.03178527042014,43.649612677379395],[4.031718353166821,43.64953691326539],[4.031651303356501,43.649461210664846],[4.031584114826841,43.64938557143551],[4.031516782670329,43.64930999832339],[4.031449304441615,43.64923449315114],[4.031381672755243,43.64915905868825],[4.031313883959362,43.64908369856838],[4.031245933097677,43.649008412838285],[4.031177816534726,43.64893320603147],[4.031109530586038,43.64885807998233],[4.031041075251994,43.64878303469051],[4.030972450549053,43.648708071055445],[4.030903658939257,43.648633188153525],[4.030834697977849,43.64855838780742],[4.030765568887521,43.64848366910528],[4.030696271684993,43.64840903294643],[4.030626806370718,43.64833447933069],[4.030557172945048,43.64826000825758],[4.030487372647117,43.64818561971514],[4.030417405477635,43.64811131370285],[4.030347270229785,43.64803709203177],[4.03027696811117,43.64796295289032],[4.030206499137839,43.647888897177786],[4.030135864565621,43.64781492578196],[4.030065063139448,43.64774103781428],[4.03000273797437,43.64767622337592],[4.029994094892173,43.64766723507418],[4.029922961030559,43.64759351574993],[4.029851661571373,43.64751988074094],[4.029780196547072,43.64744633184631],[4.029708565909589,43.64737286636662],[4.02963676970772,43.647299487000566],[4.029564807925527,43.647226192848144],[4.029492683041479,43.6471529838856],[4.029420391354853,43.6470798610474],[4.029347936582954,43.64700682429816],[4.029275317471265,43.64693387274938],[4.029202534052028,43.64686100820028],[4.029129586325808,43.646788230650394],[4.029056475515407,43.646715539188044],[4.028983201637631,43.646642934712595],[4.028909763453563,43.64657041723542],[4.028836162218655,43.64649798764427],[4.028762399156052,43.64642564502697],[4.028688473043072,43.64635339029499],[4.028614383880177,43.64628122344793],[4.028540131667637,43.646209144485375],[4.028465718883659,43.64613715338363],[4.028391143082573,43.6460652519651],[4.028316406710846,43.64599343840658],[4.028241507306495,43.64592171363099],[4.028166447347791,43.645850077614476],[4.028091226851208,43.645778531256326],[4.028015844578089,43.64570707456802],[4.027940301767408,43.6456357075375],[4.027864599658588,43.6455644301526],[4.027788735773974,43.64549324243666],[4.02771271259161,43.64542214436555],[4.027636528904994,43.645351137750225],[4.027560185937316,43.64528022167899],[4.027483682433876,43.645209395263336],[4.027407020920698,43.645138661178756],[4.027330200127048,43.64506801763722],[4.027253220053609,43.6449974646382],[4.027176081970993,43.64492700396916],[4.027098784624957,43.644856634741735],[4.027021329270539,43.64478635784369],[4.02694371589174,43.644716172374906],[4.026865945760151,43.644646080122584],[4.026788016365704,43.64457607931052],[4.02670993021887,43.64450617171435],[4.026631687303551,43.644436356434134],[4.026553286397444,43.64436663438072],[4.026474729978035,43.64429700553043],[4.02639601556822,43.64422746990635],[4.026317145661857,43.64415802838443],[4.026238119004147,43.64408868007628],[4.026158936850245,43.64401942586958],[4.026079599200512,43.643950265763955],[4.026000106054933,43.6438811997591],[4.02592045742996,43.64381222875433],[4.02584065330948,43.64374335184957],[4.025760694948895,43.643674569932585],[4.025680581125315,43.643605883914276],[4.025600313045669,43.64353729198333],[4.025519890742388,43.643468795938674],[4.025439315454572,43.643400395768374],[4.025358584688283,43.64333209059562],[4.025277702192789,43.643263882184506],[4.025196665474056,43.6431957696583],[4.025115474532507,43.64312775301677],[4.025034131861973,43.6430598331357],[4.024952636223921,43.64299201002668],[4.02487098761829,43.64292428368908],[4.024789187284059,43.642856654110936],[4.024707235237615,43.642789122191694],[4.024625130240232,43.642721687942796],[4.024542874769431,43.642654351340106],[4.024460467570783,43.64258711149557],[4.024377908676364,43.642519970208205],[4.024295199325117,43.64245292746596],[4.02421233950126,43.64238598236875],[4.024129327981946,43.642319135827634],[4.024046167245126,43.64225238781883],[4.023962856067855,43.64218573925347],[4.023879394434616,43.64211918923136],[4.023795783600031,43.64205273864045],[4.02371202356436,43.6419863874799],[4.023628114327601,43.641920135749814],[4.023544057128749,43.64185398343794],[4.023459849506291,43.64178793146705],[4.023375493921985,43.641721978913765],[4.023290990408011,43.64165612757709],[4.023206338948102,43.64159037655686],[4.02312153952664,43.641524724953264],[4.02303659219166,43.64145917546488],[4.02295149691121,43.641393726292],[4.022866256179205,43.64132837831041],[4.022780867517705,43.64126313154347],[4.022695332181891,43.64119798687869],[4.022609650155765,43.64113294341598],[4.02252382269413,43.64106800204309],[4.022437848542173,43.64100316187158],[4.022351728970824,43.640938424688834],[4.022265462725542,43.640873789606424],[4.022179052299734,43.640809257500464],[4.022092496438762,43.64074482748242],[4.022061922985854,43.64072214316348],[4.022005796397402,43.64068050044023],[4.021918950936779,43.640616276384954],[4.021831961296078,43.64055215530463],[4.021744828729868,43.640488138087065],[4.021657550744626,43.64042422385539],[4.021570129850103,43.64036041438543],[4.021482564775174,43.640296707888965],[4.021394856791152,43.640233106153524],[4.021307005881636,43.64016960827887],[4.021219012046719,43.64010621426485],[4.021130876557407,43.64004292589871],[4.021042598142861,43.6399797413925],[4.020954178057598,43.639916661633805],[4.020865615079109,43.63985368753354],[4.020776911684941,43.63979081906823],[4.020688066620271,43.639728055349345],[4.020599079900812,43.639665397276275],[4.020509952765869,43.639602844837086],[4.020420685230958,43.63954039893107],[4.020331277280304,43.63947805865805],[4.020241730168748,43.63941582490591],[4.020152041402231,43.63935369679777],[4.02006221349073,43.639291676109465],[4.019972246418281,43.63922976194095],[4.019882140184462,43.639167954291736],[4.019791896044175,43.639106254049715],[4.019701511519734,43.63904466123766],[4.019610989088795,43.63898317583206],[4.019520328751294,43.638921797832445],[4.019429530507162,43.638860527238556],[4.019338594372329,43.63879936494972],[4.019247520346624,43.638738310965564],[4.019156309668819,43.63867736527401],[4.019064962322942,43.6386165269752],[4.018973477101948,43.63855579787968],[4.018881856483535,43.638495177963904],[4.018790099212781,43.63843466633943],[4.01869820530549,43.638374263905575],[4.018606177239156,43.638313970638634],[4.018514012536188,43.63825378656184],[4.018421712435321,43.638193711662865],[4.018329276952342,43.63813374684119],[4.01823670732598,43.63807389208487],[4.018144003555935,43.63801414739353],[4.018051165642465,43.63795451276679],[4.017958192346526,43.63789498821589],[4.01786509367411,43.637835579046076],[4.017846443796373,43.63782370090472],[4.017771844577523,43.63777627019374],[4.017678473852636,43.637717078486325],[4.017584967744878,43.63765799685324],[4.017491328747385,43.6375990261709],[4.017397556876255,43.637540167338464],[4.017303660866689,43.63748142387331],[4.017284851299491,43.63746968031436],[4.017209615703112,43.63742278251128],[4.017115450165064,43.637364259180146],[4.017021151736666,43.6373058467979],[4.01692672167264,43.63724754625218],[4.016832159973017,43.637189357542645],[4.016737467891772,43.63713128155723],[4.01664264542948,43.637073318295386],[4.016547692585513,43.63701546775687],[4.016452609359706,43.63695772994125],[4.016357396990982,43.63690010483662],[4.016262055494744,43.63684259334241],[4.016166583616434,43.6367851945702],[4.016070983849242,43.63672790939565],[4.015975254954096,43.63667073783067],[4.01587939694693,43.63661368077425],[4.015783411034398,43.6365567364152],[4.015687297247996,43.636499906552515],[4.015591056826608,43.6364431911742],[4.015494687292342,43.636386590303175],[4.015398191106672,43.636330103016164],[4.015301568301346,43.63627373111232],[4.015204818875694,43.636217474591135],[4.015107942798392,43.636161331652985],[4.015010940116085,43.63610530499658],[4.014913812036426,43.63604939281059],[4.014816558590396,43.63599359689409],[4.014719179746299,43.63593791544732],[4.01462167553557,43.63588235026933],[4.014524047196766,43.635826901348224],[4.014426293475047,43.635771567795494],[4.014328414386004,43.63571635051051],[4.014230412406791,43.63566124946981],[4.014132287537628,43.63560626467306],[4.014034037316152,43.635551397042654],[4.013935665442838,43.63549664564396],[4.013837169455869,43.63544201139941],[4.013738550593318,43.63538749429714],[4.013639810093983,43.635333094325205],[4.013540946718923,43.63527881149477],[4.013441961722465,43.63522464669386],[4.013342855088163,43.635170599022146],[4.013243626832022,43.63511666937915],[4.013144276937879,43.63506285686486],[4.013044806675929,43.63500916326651],[4.012945216029818,43.63495558768438],[4.012845504999547,43.63490213011804],[4.012745673584464,43.634848790567055],[4.012645721816527,43.634795570830626],[4.012545650901978,43.634742469097375],[4.012445460856872,43.63468948626668],[4.012345151680365,43.63463662233814],[4.012244724627267,43.63458387819976],[4.012144177203778,43.634531252974305],[4.012043513141578,43.63447874752675],[4.011942729947149,43.634426360980015],[4.011841830129269,43.634374095110125],[4.011740812417211,43.634321948128964],[4.011639678081073,43.63426992182392],[4.011538425866184,43.63421801530648],[4.011437057026486,43.63416622946467],[4.011335572800682,43.634114564286435],[4.011233971933735,43.63406301888329],[4.011132255695523,43.63401159504286],[4.011030422815792,43.63396029097685],[4.01092847580288,43.633909108461424],[4.010826413418153,43.633858047507545],[4.010724236883609,43.63380710720372],[4.010621944976574,43.633756288461036],[4.010519540189856,43.63370559215556],[4.010417020013728,43.6336550165108],[4.01031438694118,43.63360456240293],[4.010211640987984,43.633554230731455],[4.01010878091476,43.63350402150747],[4.01000580918306,43.63345393380792],[4.009902724569256,43.633403968543654],[4.009799527073265,43.63335412571443],[4.009696217949199,43.63330440620819],[4.009592798419485,43.633254809113076],[4.009489266006469,43.633205334452114],[4.009385623203076,43.63315598310153],[4.009281868769823,43.63310675507246],[4.009178003929687,43.63305764945337],[4.00907402871358,43.63300866804338],[4.008969944344194,43.63295980993106],[4.008865749598231,43.63291107602702],[4.008761445682282,43.63286246452025],[4.008657032643523,43.63281397810956],[4.008552510465535,43.63276561589472],[4.008447879132468,43.63271737697586],[4.008343139913912,43.63266926314064],[4.008238292793726,43.63262127348873],[4.00813333777141,43.63257340802009],[4.00802827486264,43.63252566763392],[4.007923105289724,43.63247805141888],[4.007817829083677,43.63243056117399],[4.007712444974197,43.632383195110876],[4.007606955469361,43.63233595500584],[4.007501359314581,43.6322888399703],[4.007395657748144,43.63224184999237],[4.007289853246762,43.6321949850488],[4.007183948208416,43.63214824061782],[4.007077947556203,43.63210161485375],[4.006971852449053,43.632055103246316],[4.006865666539317,43.632008702162],[4.00675939473442,43.63196240885542],[4.006653038193161,43.63191621881636],[4.0065466018228,43.631870129299415],[4.00644008679871,43.63182413669428],[4.00633349799595,43.631778236456036],[4.006226837860296,43.6317324267623],[4.006120110028317,43.63168670307972],[4.006013316898192,43.63164106088688],[4.005906460915361,43.631595498360944],[4.005799545716825,43.63155001096904],[4.005692574955194,43.63150459507757],[4.005585551044403,43.631459247064754],[4.005478477652683,43.631413964196746],[4.005371355940085,43.631368741963584],[4.005264190797613,43.6313235767203],[4.005156984655131,43.63127846574481],[4.005049741149856,43.63123340450407],[4.004942461456858,43.631188389387646],[4.004835149244929,43.631143417662074],[4.004727806896706,43.631098483906],[4.004620439350482,43.631053587173625],[4.004513047735138,43.63100872115575],[4.004405635734543,43.63096388401841],[4.00429820574746,43.63091907124015],[4.00419076142646,43.63087427918771],[4.004083305201852,43.63082950513914],[4.003975838233123,43.63078474458433],[4.003868366635255,43.630739992967364],[4.003760891630407,43.63069524937729],[4.003653415586427,43.63065050749317],[3.997097709252734,43.62792107747335],[3.996990243620398,43.627876329986016],[3.996882781824871,43.62783157966053],[3.996775327534555,43.62778682376388],[3.996667880671567,43.627742057797384],[3.996560447382135,43.62769727900521],[3.996453027603494,43.627652483788545],[3.996345626227839,43.627607668503344],[3.996238245654136,43.62756282862805],[3.996130888296927,43.62751796054153],[3.996023557825647,43.62747306151051],[3.995916256654954,43.62742812791362],[3.99580898719971,43.627383156129326],[3.995701754335936,43.62733814161397],[3.995594559240292,43.6272930807573],[3.995487404343133,43.627247970837736],[3.99538029453679,43.62720280821097],[3.995273230981629,43.62715758836751],[3.995166217347028,43.627112308574276],[3.995059257270693,43.6270669642989],[3.994952353183239,43.627021552819656],[3.994845508738294,43.62697607050396],[3.994738725112295,43.62693051374177],[3.994632007181717,43.62688487798933],[3.994525357393024,43.62683916142487],[3.994418778129834,43.62679335862778],[3.994312273061448,43.626747466864764],[3.994205845841508,43.626701482503606],[3.994099498900742,43.62665540282259],[3.993993235877221,43.62660922328951],[3.993887059186305,43.626562940283165],[3.993780972496904,43.62651655107057],[3.993674979447416,43.62647005111967],[3.993569082484139,43.626423438608484],[3.993463285229732,43.6263767081053],[3.993357590114845,43.626329856888546],[3.993252000809101,43.62628288222544],[3.993146517281489,43.62623578231693],[3.993041140755535,43.62618855625223],[3.992935871247248,43.62614120493143],[3.992830708772535,43.62609372925458],[3.992725653316518,43.62604612832232],[3.992620704879251,43.62599840213496],[3.992515864700098,43.62595055068139],[3.992411132810245,43.62590257576144],[3.992306509179149,43.625854475576055],[3.992201993822879,43.62580625102523],[3.992097586757126,43.625757903009024],[3.991993290428596,43.62570942970565],[3.991889102391386,43.62566083293756],[3.991785025123315,43.625612112682454],[3.991681057370554,43.62556326805225],[3.991577200387438,43.62551429993567],[3.991473452951429,43.62546520924403],[3.991369817509134,43.62541599415574],[3.991266292853096,43.62536665648165],[3.991162878968517,43.62531719532258],[3.991059578348179,43.625267611555934],[3.990956388500051,43.62521790430485],[3.990853310693794,43.62516807535788],[3.99075034613762,43.62511812290455],[3.990647494862608,43.62506804874462],[3.990544755615294,43.62501785199009],[3.990442129650047,43.62496753352962],[3.990339618190061,43.6249170924527],[3.990237220012941,43.624866529670435],[3.990134936373036,43.62481584607169],[3.990032767239724,43.62476503985748],[3.989930713867064,43.6247141119164],[3.989828773794099,43.62466306317119],[3.989726949498272,43.62461189359964],[3.989625240964299,43.62456060230219],[3.989523648223748,43.62450919107878],[3.989422171245533,43.624457658130225],[3.989320811299943,43.624406005245056],[3.989219568371503,43.6243542315239],[3.989118441222359,43.62430233697833],[3.989017432344977,43.624250322485885],[3.988916540501312,43.62419818805828],[3.988815765691581,43.62414593369564],[3.988715109154917,43.62409355938714],[3.988614572145305,43.62404106602161],[3.988514152170828,43.62398845272215],[3.988413851724188,43.62393572036633],[3.988313669551457,43.623882868065984],[3.988213608145877,43.623829896698695],[3.988113665045799,43.623776807187085],[3.988013842713169,43.62372359860908],[3.98791413991002,43.62367027097642],[3.987814557890295,43.62361682517792],[3.987715096638871,43.62356326031412],[3.987615756187105,43.623509578184866],[3.987516531596738,43.623455779735224],[3.987417421706963,43.62340186947526],[3.987318421610305,43.62334785014946],[3.987219528907761,43.62329372627909],[3.987120741153218,43.623239499686534],[3.987022053485987,43.62318517581511],[3.986923463444728,43.62313075558756],[3.986824967422451,43.62307624533558],[3.986726562957701,43.62302164598175],[3.986628245190021,43.62296696296971],[3.986530011673223,43.62291219812124],[3.986431858769404,43.62285735596911],[3.986333782794039,43.62280243834661],[3.986235780124756,43.622747450685914],[3.986137848315896,43.622692394809086],[3.986039983729221,43.622637275248636],[3.985942182695639,43.62258209473757],[3.985844441546698,43.622526856008754],[3.985746756644037,43.622471563594736],[3.98564912431854,43.6224162202285],[3.985551540917006,43.62236082954264],[3.985454004008901,43.62230539425894],[3.985356509956087,43.62224991890959],[3.985259053835554,43.62219440533923],[3.985161633232473,43.622138857169176],[3.985064244508586,43.622083278931775],[3.984966883994715,43.62202767335975],[3.984869548006607,43.621972042286416],[3.984772232921603,43.62191639114372],[3.984674935070601,43.621860722664444],[3.984577652022797,43.621805039570305],[3.984480377632649,43.621749344616575],[3.984383110754246,43.621693643212495],[3.984285847687205,43.621637936291606],[3.980298208074492,43.61935385528068],[3.980200952941416,43.619298144793625],[3.980103691836066,43.61924243607683],[3.980006423581227,43.61918673274046],[3.979909143284808,43.61913103842784],[3.979811848531495,43.61907535676017],[3.979714535652341,43.619019690469926],[3.979617199754683,43.61896404320066],[3.979519839646425,43.61890841766241],[3.979422449196827,43.618852817509875],[3.979325025990525,43.61879724636416],[3.979227567612227,43.61874170784611],[3.979130067900273,43.61868620381114],[3.979032525693321,43.61863073876844],[3.978934936098748,43.61857531636163],[3.978837296670605,43.61851993841214],[3.978739602547229,43.61846461036271],[3.978641851267128,43.61840933313527],[3.978544037968614,43.61835411217241],[3.978446161459477,43.61829895018423],[3.978348215593181,43.618243849925484],[3.978250199208274,43.61818881590552],[3.978152108620248,43.61813384995718],[3.978053937713323,43.618078956634335],[3.977955686548801,43.6180241395356],[3.977857350204017,43.61796940050495],[3.977758925055221,43.617914744973476],[3.977660407417774,43.61786017477391],[3.977561794891623,43.617805694426835],[3.977463082568851,43.61775130667562],[3.977364269272265,43.61769701512996],[3.977265351347939,43.61764282342174],[3.97716632390316,43.61758873519411],[3.977067184507056,43.61753475316805],[3.976967929520807,43.61748088187531],[3.976868557751817,43.61742712402559],[3.976769064307697,43.617373483262035],[3.976669450441711,43.61731996047298],[3.976569716153578,43.617266555657864],[3.976469862712137,43.617213270604765],[3.976369888848076,43.617160103525045],[3.976269795814536,43.61710705530678],[3.9761695836116,43.61705412594989],[3.976069252238783,43.61700131545378],[3.975968802949494,43.61694862470689],[3.975868234505221,43.616896053719984],[3.975767548128284,43.61684360158174],[3.975666745072255,43.61679126918059],[3.975565822860417,43.61673905653825],[3.975464783968865,43.6166869636322],[3.975363628412766,43.61663499136198],[3.975262356176317,43.61658313882731],[3.975160967274402,43.616531406927635],[3.975059462945261,43.616479795651564],[3.974957841950371,43.61642830500978],[3.974856105527597,43.616376934990846],[3.974754256183661,43.61632568737179],[3.974682892371093,43.61628988560243],[3.974652278920598,43.61627455418794],[3.974550203718486,43.616223550467616],[3.974448008087787,43.616172664714114],[3.974345697058084,43.61612190138128],[3.974243271836837,43.61607125865811],[3.974140733677165,43.616020737433004],[3.974038081355811,43.615970338616435],[3.973935317348965,43.6159200621858],[3.973832439164535,43.61586990726331],[3.973729448055436,43.615819874737255],[3.973626345260037,43.61576996459619],[3.973523130777595,43.61572017683962],[3.973419803369753,43.61567051147851],[3.973316365527759,43.615620969390065],[3.973212816013241,43.61557155058492],[3.97310915481019,43.6155222541631],[3.973005383172124,43.61547308101293],[3.972901502336738,43.61542403112289],[3.972797509842372,43.6153751054146],[3.972693408134928,43.61532630206615],[3.972589197259503,43.61527762377636],[3.972484877185465,43.615229068745464],[3.972380446673696,43.61518063698402],[3.972275908231465,43.61513233026925],[3.972171261842652,43.61508414770102],[3.97206650750731,43.61503608927887],[3.971961643986223,43.614988155013826],[3.971856673771195,43.6149403457829],[3.971751595623273,43.61489266159688],[3.971646410765334,43.61484510154475],[3.971541119227338,43.61479766742552],[3.971435720978387,43.61475035743941],[3.971330216048529,43.6147031733856],[3.97122460566044,43.61465611435303],[3.971118889828827,43.61460918124096],[3.971013068538205,43.61456237314935],[3.970907141803192,43.61451569097794],[3.970801110861764,43.61446913471476],[3.970694974475057,43.614422704370966],[3.970588733896274,43.61437640083477],[3.970482390347986,43.61433022319513],[3.970375942591497,43.61428417146271],[3.970269391879724,43.61423824652593],[3.970162736974153,43.614192448395436],[3.970055980350801,43.61414677704895],[3.969949120770873,43.61410123249701],[3.969842158233815,43.61405581473945],[3.969735095216092,43.61401052375383],[3.969627929255601,43.61396536046161],[3.969520662828337,43.61392032484036],[3.969413294680755,43.61387541600131],[3.969305826065441,43.61383063483241],[3.969198256982007,43.61378598133366],[3.969090587445353,43.61374145640436],[3.9689828174397,43.61369705914457],[3.968874948202879,43.61365278954281],[3.968766979749504,43.6136086484986],[3.968658912064068,43.61356463511191],[3.968550745175993,43.61352075118168],[3.968442480293459,43.61347699489733],[3.968334117430227,43.61343336715828],[3.968225656601899,43.61338986886382],[3.968117097792319,43.61334649911397],[3.96800844225429,43.61330325879708],[3.967899693626422,43.613260143381325],[3.967790855608335,43.61321715193356],[3.967681929346228,43.613174279044365],[3.967572918493754,43.61313152108131],[3.967463826719946,43.61308887531213],[3.967354657678767,43.61304633810473],[3.967245412531765,43.61300390494921],[3.96713609369464,43.612961572224556],[3.967026707328261,43.61291933807594],[3.966917253325605,43.6128771962053],[3.966807735371244,43.612835144779986],[3.966698155880575,43.61279318017886],[3.966588518492066,43.612751297870226],[3.96647882562153,43.61270949423309],[3.966369080922816,43.61266776563538],[3.966259285573199,43.61262610846697],[3.966149444480203,43.61258451998481],[3.966039557552356,43.61254299479041],[3.965929629697313,43.61250153014043],[3.965819663330631,43.61246012241394],[3.965709660867982,43.612418767989986],[3.965599624710101,43.61237746234809],[3.965489557272794,43.61233620186716],[3.965379462225139,43.612294983814984],[3.965269341967564,43.61225380367102],[3.965159200154781,43.61221265780338],[3.965049036725546,43.61217154261309],[3.964938856572349,43.61213045445733],[3.964828660857976,43.61208938882659],[3.96471845448981,43.61204834297767],[3.964608237407156,43.612007313311715],[3.964498014487452,43.61196629528629],[3.964387786908523,43.61192528529155],[3.964277558324316,43.61188427969555],[3.960199210862341,43.61036703175964],[3.960088988280835,43.610326022858814],[3.959978769556492,43.61028501291487],[3.959868555837243,43.61024399651866],[3.959758349554359,43.610202970949125],[3.959648154362512,43.61016193257476],[3.959537973901063,43.61012087686422],[3.959427808124853,43.61007980111846],[3.959317661911899,43.61003870079521],[3.959207536455234,43.60999757318464],[3.959097435394309,43.60995641375551],[3.958987361130906,43.609915217987265],[3.958877316111034,43.60987398405903],[3.958767302721385,43.60983270655059],[3.958657324631579,43.6097913827305],[3.958547384258143,43.60975000897785],[3.958437484002518,43.609708580772576],[3.958327626281379,43.60966709449415],[3.958217814764498,43.60962554741086],[3.958108051853277,43.60958393500227],[3.957998338726222,43.60954225365904],[3.957888680276277,43.609500499738814],[3.95777907892012,43.60945866962118],[3.957669534598082,43.60941675970727],[3.957560048563743,43.60937477088631],[3.957450620802227,43.60933270225867],[3.95734125131386,43.60929055382454],[3.95723194009934,43.60924832558403],[3.957122687173452,43.609206018437206],[3.957013492521969,43.60916363148446],[3.956904356160039,43.60912116562558],[3.956795278072978,43.60907861996117],[3.956686259499242,43.60903599448042],[3.956577299216117,43.608993290094176],[3.956468398461958,43.608950506791736],[3.956359557222269,43.60890764367358],[3.956250774289234,43.608864702550115],[3.956142050855756,43.60882168071159],[3.956033386967782,43.60877858085728],[3.95592478261054,43.60873540208773],[3.955816237769261,43.60869214350328],[3.955707752459066,43.60864880600401],[3.955599327933648,43.60860539047867],[3.955490962925321,43.60856189513921],[3.955382657464086,43.60851832178508],[3.955274412758313,43.60847466860612],[3.955166228838829,43.60843093740203],[3.955058104452377,43.60838712728402],[3.954950040852268,43.608343239141234],[3.954842038024383,43.60829927207422],[3.954734094730363,43.60825522609397],[3.954626213447198,43.60821110117881],[3.954518392966647,43.608166899139356],[3.954410633244383,43.60812261727659],[3.954302935563534,43.608078258279036],[3.954195298656445,43.60803382035823],[3.954087722523515,43.60798930351448],[3.953980208432792,43.607944709536376],[3.953872756355205,43.607900036624834],[3.953765365067072,43.60785528569051],[3.953658035807532,43.607810456722845],[3.953550764892105,43.60776555155399],[3.95344355112737,43.60772057289403],[3.953336390889554,43.60767552617396],[3.953229280493586,43.607630413226],[3.953122218791385,43.607585239459254],[3.953015200860587,43.60754000671696],[3.952908225537752,43.60749471950836],[3.952801289183504,43.60744938236485],[3.952694390589627,43.60740399709666],[3.952587523654996,43.60735856915654],[3.952480688424763,43.6073131012436],[3.952373880006171,43.60726759700022],[3.952267097220626,43.60722206003609],[3.952160336413704,43.6071764939827],[3.952055653033744,43.607131782464386],[3.952053595198817,43.60713090425996],[3.951946867370313,43.6070852900225],[3.951840154300718,43.60703965935688],[3.951733451067219,43.60699401410585],[3.951626755253579,43.60694835789005],[3.951520063204717,43.60690269434074],[3.951413373757268,43.60685702796734],[3.942985378357696,43.60324897849738],[3.939221908049725,43.601637470819455],[3.939148571851126,43.601606065442596],[3.939075240611529,43.60157465547572],[3.939001917956515,43.60154323548825],[3.938928606259091,43.6015117991612],[3.938855312903419,43.601480343731154],[3.938782039039469,43.60144886378922],[3.938708789516334,43.60141735299489],[3.938635567974498,43.601385806817376],[3.937814277246804,43.601028256983554],[3.936997183893836,43.60066566907752],[3.9369247414855,43.600633190038046],[3.936852328298688,43.60060067560637],[3.936779939484224,43.60056813212325],[3.93670757262521,43.60053556320897],[3.936635222857463,43.60050297430427],[3.936562886569797,43.600470371739235],[3.936490557616274,43.60043775826639],[3.936418232385671,43.600405140215656],[3.932746283799104,43.59874893110383],[3.932693687603507,43.59872520611559],[3.932641090257264,43.598701483811965],[3.93258849052246,43.59867776420367],[3.932535885952325,43.598654049111246],[3.932483275352438,43.59863034124453],[3.932430658737956,43.59860664150312],[3.932395938305711,43.598591011661895],[3.932378033647205,43.59858295080792],[3.932325397648208,43.598559271879424],[3.932272752007997,43.5985356065063],[3.93222009302716,43.59851195562007],[3.932167420735185,43.598488321020135],[3.932114732685182,43.5984647045272],[3.932062028891734,43.59844110704079],[3.932009306922742,43.59841753128137],[3.931956564331307,43.59839397906935],[3.931903802355388,43.59837045039429],[3.931346066970328,43.598123936870856],[3.93078590273398,43.597880354109435],[3.930223335807236,43.597639715343824],[3.930169864912791,43.597617048553936],[3.9301163734238,43.597594407109874],[3.930062863771966,43.59757178829131],[3.930009335957618,43.59754919209821],[3.92995579363596,43.59752661489997],[3.929902235569345,43.5975040567071],[3.92984866418959,43.59748151479937],[3.929795081958133,43.597458988255774],[3.929741487607815,43.597436475287644],[3.92968788482357,43.59741397406356],[3.92963427357586,43.59739148278436],[3.929580656326129,43.597369000528786],[3.929527033030461,43.59734652459821],[3.929473406136197,43.59732405317165],[3.929419775642685,43.597301586249266],[3.92935896116992,43.59727611145292],[3.929366145220306,43.59727912110012],[3.929328906130391,43.59726352265011],[3.929275275764586,43.597241056556975],[3.929221646635132,43.597218587728115],[3.929168021203131,43.59719611524258],[3.929114400663044,43.59717363639061],[3.929084355445049,43.59716103574024],[3.928111378807162,43.59675108039025],[3.92714065280969,43.59633832589839],[3.927087289952446,43.59631552713597],[3.927033933196465,43.59629272019771],[3.926980581318527,43.596269905993644],[3.926927235585387,43.59624708631283],[3.926873894744476,43.59622426026598],[3.926820556349431,43.596201429673755],[3.92676722287579,43.596178594514896],[3.926713891876995,43.596155756609974],[3.92666056333825,43.59613291505945],[3.926607236050849,43.59611007167302],[3.926553910014889,43.59608722645084],[3.926500584021108,43.59606438120287],[3.921728206058748,43.594019603404114],[3.919482299209278,43.59305719800497],[3.919399652860247,43.59302178318222],[3.919317001748434,43.59298637373751],[3.919234341037588,43.592950976910394],[3.919151665862421,43.59291559814093],[3.919068970134613,43.592880243779206],[3.918986250255718,43.5928449210543],[3.918903501332029,43.59280963360684],[3.91882071606554,43.59277438959685],[3.917987153753447,43.59242314973775],[3.917149668776283,43.59207687948066],[3.917066066562486,43.59204267135997],[3.916982430492894,43.59200850755353],[3.916898766642052,43.591974380811244],[3.916815078637197,43.59194028570389],[3.916731371299587,43.591906214092106],[3.916647649523754,43.59187216233532],[3.916563919354595,43.591838121384235],[3.916480183210691,43.59180408761933],[3.913750831526043,43.59069474015513],[3.913683304733678,43.590667291386836],[3.913615781662021,43.590639838947105],[3.913548265938742,43.590612377406565],[3.913480759982058,43.59058490314555],[3.913413267433898,43.590557411634286],[3.913345791936023,43.590529898343206],[3.91327833589274,43.59050235875302],[3.913211023843246,43.59047483950716],[3.912385330301558,43.590133563306686],[3.911563736335387,43.58978710773502],[3.911030310058817,43.58955894024836],[3.910989990386183,43.58954165726168],[3.909390621887929,43.588856047037964],[3.909284000730636,43.588810338067084],[3.909177387084228,43.58876462353265],[3.909070785814385,43.58871889799508],[3.908964202981854,43.58867315330539],[3.908857642199874,43.588627383134565],[3.908751110824324,43.58858158292215],[3.908644613663645,43.58853574362997],[3.908538154360305,43.58848986072828],[3.908431740241403,43.5884439278575],[3.908325374891944,43.58839793688929],[3.908219065653695,43.58835188236356],[3.908112816140115,43.58830575795162],[3.908006631217268,43.588259558214],[3.90790051818383,43.58821327499154],[3.907794478221042,43.58816690467539],[3.90768850886797,43.58812044818614],[3.907582612586069,43.58807390460365],[3.907476788137861,43.58802727393832],[3.907371036775566,43.587980557080144],[3.907265357261975,43.587933754039106],[3.907159750820764,43.58788686390575],[3.907054217452325,43.587839886680214],[3.906948757185393,43.58779282416219],[3.906843369991643,43.587745674552394],[3.906738052144033,43.587698436982436],[3.906685426235451,43.58767478819075],[3.906632818595507,43.58765111762632],[3.90652764816222,43.587603707663014],[3.906422555797009,43.587556213266645],[3.906317535283264,43.58750863268984],[3.906212590333926,43.587460965901386],[3.906107718488605,43.58741321382228],[3.906002920970777,43.5873653755426],[3.905898199018582,43.587317451052265],[3.905793550156779,43.587269440372026],[3.905688976875561,43.58722134438133],[3.905584477937166,43.587173163090625],[3.905480053327678,43.58712489560044],[3.905375704313709,43.58707654370016],[3.905271429615198,43.5870281047011],[3.90516723175014,43.58697958128203],[3.905063108229657,43.58693097256408],[3.904959060291409,43.58688227853713],[3.904855089159236,43.58683349829151],[3.904751192386549,43.586784633647305],[3.904647372448565,43.58673568458428],[3.904543628080174,43.586686649313435],[3.904439960547108,43.58663752962425],[3.904336368598071,43.586588324627364],[3.90423285348507,43.58653903521255],[3.90412941519428,43.58648966048024],[3.904026052502483,43.58644020134069],[3.903922767885153,43.586390657773634],[3.903819560090904,43.58634102888969],[3.903716429147966,43.58629131648868],[3.90361337502872,43.586241518771416],[3.903510398985044,43.58619163662724],[3.903407501017383,43.58614167005675],[3.903304679902127,43.58609161996995],[3.903201936848947,43.58604148455752],[3.90309927064904,43.58599126562928],[3.902996683777752,43.58594096316491],[3.902894174969563,43.58589057537565],[3.902791744266895,43.5858401049605],[3.902689391641878,43.58578955012068],[3.902587118332478,43.5857389108458],[3.902484923115268,43.58568818804629],[3.902382807228028,43.58563738171202],[3.902280769433821,43.585586491853654],[3.902178810969961,43.58553551846078],[3.902076931837239,43.58548446153396],[3.901975132021472,43.58543332017374],[3.901873412802842,43.585382097068866],[3.901771771664,43.58533078954124],[3.901670211094666,43.58527939847029],[3.901568729871661,43.585227924766066],[3.901467329232565,43.58517636841873],[3.901366007926023,43.58512472853882],[3.901264767189983,43.58507300511652],[3.901163607038423,43.585021199051646],[3.901062527472025,43.5849693103445],[3.900961528490913,43.58491733899523],[3.900860610095215,43.58486528500421],[3.900759772270838,43.58481314747178],[3.900659016284139,43.584760928187585],[3.90055834088368,43.58470862626212],[3.900457746069399,43.584656241695804],[3.90035723431683,43.584603774468356],[3.900256803165159,43.58455122550008],[3.900156453838092,43.58449859388136],[3.90005618509823,43.584445879622685],[3.899955995736113,43.58439308453394],[3.899855879662366,43.58434021496448],[3.899755829507766,43.584287274574784],[3.899655839210566,43.58423427151358],[3.899555905142993,43.584181211209945],[3.899456017488129,43.584128099144216],[3.899356173883416,43.58407494253462],[3.899256365750146,43.58402174685116],[3.899156588236224,43.58396851843274],[3.899056835237747,43.583915262728915],[3.898957099427931,43.583861986099066],[3.898857375954528,43.583808694882066],[3.898757658713484,43.58375539452733],[3.89058150171894,43.579384258883316],[3.889849233274111,43.578992711827674],[3.886342564138068,43.577117539917296],[3.880612263354827,43.574052790081744],[3.873506369650721,43.570251464619886],[3.873426918203579,43.57020895644627],[3.873347464426754,43.570166450035],[3.873268005859134,43.570123946305806],[3.873188541290874,43.57008144706795],[3.873109070749055,43.57003895412075],[3.87302958932522,43.56999647020305],[3.872950098256845,43.569953995305035],[3.872870593872765,43.569911532155295],[3.872791074963204,43.569869082563436],[3.872711540304052,43.56982664743882],[3.872631987461894,43.5697842295005],[3.87255241521271,43.56974182965808],[3.872472821109217,43.569699449730656],[3.872393205178818,43.56965709151781],[3.872313563750224,43.56961475774804],[3.872233895586095,43.56957244843135],[3.872154199490191,43.569530166276785],[3.872074474252134,43.56948791309357],[3.87199471618723,43.56944569071081],[3.871914925309086,43.56940350002808],[3.871835100421341,43.56936134375435],[3.871755237825351,43.569319222819004],[3.871675337548742,43.56927713902131],[3.871595397143539,43.56923509418055],[3.871515414176251,43.56919309101539],[3.871435388660271,43.56915113042564],[3.871355318134599,43.56910921333049],[3.871275201416297,43.56906734333851],[3.871195036030523,43.569025520469744],[3.871114820781134,43.56898374743296],[3.87103455322021,43.56894202604706],[3.870954233375229,43.5689003581117],[3.870873857547422,43.56885874455572],[3.870793427015184,43.56881718806858],[3.870712943070334,43.56877569223876],[3.870630691865484,43.56873377321794],[3.869944193544484,43.56838389581649],[3.869170179934647,43.56799762414757],[3.868390975710483,43.56761691521782],[3.867606656782922,43.567241805195096],[3.866817300305739,43.566872331138825],[3.866022982162069,43.56650852832018],[3.865223780715945,43.566150432891995],[3.8648299877348435,43.565976874129056]]}}]}