{"type":"FeatureCollection","features":[{"type":"Feature","properties":{"name":"Paris-Lyon - Marseille (PLM)","codes":"830000"},"geometry":{"type":"LineString","coordinates":[[2.376145199435285,48.844048041774265],[2.389038424008981,48.83769051275403],[2.392026144862199,48.83482691476935],[2.396674816310971,48.832062285894736],[2.400789389401804,48.82677871132331],[2.411228002408908,48.821389238736366],[2.424084903468402,48.80794115942248],[2.427364671720879,48.80045986421396],[2.429567060510089,48.7974384656045],[2.430337517526765,48.79306564715227],[2.436227790091137,48.77639826120731],[2.436228384331105,48.77295598320024],[2.433758414003025,48.76791387574533],[2.433941735783562,48.75325866800271],[2.437506926816641,48.74825306662072],[2.43893687563021,48.744511083404355],[2.444886489358084,48.73868604673767],[2.445969581958604,48.736546639359396],[2.446369138221,48.72989748305461],[2.443298566236634,48.72299835595897],[2.444268257974402,48.71963719891731],[2.446580869420825,48.71681400359605],[2.450524496987304,48.71395869311545],[2.459262512380699,48.70969114476766],[2.46890620974539,48.70638486271444],[2.477084838772886,48.705657917064016],[2.48830586911557,48.70692991871152],[2.498453224829511,48.70498181135106],[2.505121242616338,48.700953946292245],[2.512572984306559,48.69298473327423],[2.519858823604878,48.68662208772391],[2.53496774917178,48.680131398912145],[2.54075735290504,48.67615452255358],[2.55749660762144,48.65509401757797],[2.564997165939044,48.63827681127935],[2.568506287628562,48.63236779083248],[2.586757898233039,48.58946553360952],[2.593530887076795,48.567444310652164],[2.595682537542271,48.56289343361508],[2.613054888465355,48.547146694858576],[2.630012995300074,48.53608483184048],[2.642657586492576,48.53049093352328],[2.657478333668199,48.526905227546585],[2.662857458985601,48.52430344579182],[2.665871743150364,48.519431587168],[2.66774986920984,48.508323814457945],[2.66834833500879,48.49605082099642],[2.67024741476803,48.49146601579341],[2.673813663191903,48.486731045355896],[2.707571716705425,48.46551726903932],[2.734931228668052,48.44300365625428],[2.737518382586465,48.43836477303614],[2.737997661429277,48.43301104136873],[2.737295681497842,48.429552099946534],[2.735241982196235,48.42596286019889],[2.727476429382215,48.41805750122035],[2.725721069989557,48.41190349281291],[2.727172902840522,48.40600055677199],[2.733016526654981,48.40003586807421],[2.74280897446635,48.39624420204928],[2.781022526658354,48.39269599160748],[2.786684561362397,48.38998050353911],[2.793197422994816,48.381318849028084],[2.800353515346819,48.37836358295363],[2.809426446291845,48.37908253958954],[2.823073143939654,48.3853285456635],[2.830189031492032,48.38549863957383],[2.835677011134606,48.38370468030357],[2.850643190753982,48.37443786554747],[2.855731531881261,48.37209832068712],[2.861161712738541,48.37071422478349],[2.893286748673563,48.36733312778825],[2.902740290423343,48.36809731293181],[2.929056802260332,48.37920667130065],[2.9348900084054,48.38007498229656],[2.94242358698202,48.37966922965617],[2.950554555500662,48.37744791311592],[2.972563514845413,48.36650961442313],[2.995279065920432,48.365378228712935],[3.003009440512061,48.36420535514233],[3.190715721272642,48.304702602112904],[3.198019157105664,48.30067140223317],[3.201321353101172,48.29576064786688],[3.201511188989672,48.28769779107954],[3.203035297145393,48.284354248366775],[3.206647215664888,48.281365727473215],[3.216738219180764,48.27679609525512],[3.228165572171625,48.26734830104725],[3.251185640584023,48.23678456047154],[3.261071938343167,48.226290349335144],[3.262360006556407,48.22326415997158],[3.267704299641484,48.195799977413714],[3.267000557127919,48.19256048380147],[3.262158589675019,48.18636729229389],[3.259213642392469,48.18103639225093],[3.25878763709972,48.17591410369775],[3.261337023228834,48.17180253723003],[3.285767706842373,48.1510831930816],[3.288192041412883,48.14823521004736],[3.290174975221387,48.14403372625089],[3.290387894329288,48.140030071596286],[3.28845017928631,48.132621144303364],[3.285852340064462,48.129978852686975],[3.278516144469659,48.12517469704671],[3.269421973124476,48.116029847979235],[3.267736934842361,48.11306528841193],[3.267315024983242,48.10969136995344],[3.269879404037295,48.10467904844784],[3.284036937467841,48.091354039968536],[3.286199429991361,48.08730925452658],[3.286307905859614,48.080669101658586],[3.281357148766508,48.072880028353225],[3.279746966034743,48.06869912497994],[3.279468857574974,48.06387401866467],[3.280646875342215,48.061452281665396],[3.285138740227571,48.05797031294107],[3.30360273070826,48.04988114966219],[3.306637472528599,48.047502704977745],[3.309479910830375,48.04312903411544],[3.310088930318988,48.03932964383155],[3.30960708769553,48.03711754706173],[3.297112244572866,48.01834207303385],[3.296369760519665,48.01452190916844],[3.297196776398691,48.01091548993732],[3.299914673222025,48.007038159349335],[3.303199101562526,48.0045986198177],[3.328224515174082,47.994456170559566],[3.339956478413223,47.98374388008582],[3.343924790141231,47.981101683237995],[3.357178604335953,47.973792026964276],[3.363083455531796,47.97206202244203],[3.374804147141441,47.97132371187117],[3.396240310637061,47.973999097595026],[3.402974090354895,47.973601255632275],[3.449534284572251,47.95829015885247],[3.459476918482515,47.95675612170228],[3.525297869620217,47.96258316605855],[3.589658419514286,47.98650808588165],[3.598654176263828,47.98854049636999],[3.608220103330075,47.98839465670766],[3.629598323067156,47.98171166254823],[3.656192734123288,47.97916636301916],[3.674548876199431,47.97405619678213],[3.682823314648968,47.97288201616664],[3.689528654253919,47.9732094285806],[3.735482844935608,47.98125868207344],[3.742313946446137,47.98122182467484],[3.750438852483355,47.97957796952818],[3.798935620251582,47.96510288757216],[3.802770592390488,47.9633459688306],[3.814508935632627,47.955431451258285],[3.820837714182562,47.95247226886498],[3.887669301675043,47.931219922145814],[3.902585415723247,47.92488600568309],[3.922049221206399,47.91918255547936],[3.928020334998076,47.9159057549025],[3.932313036574752,47.91155018759698],[3.946374887404067,47.892243030036006],[3.950907024151722,47.88080173060467],[3.959186483669152,47.87173687197204],[3.9642993296921,47.86410977523137],[3.967303150673264,47.861819070172146],[3.982579611044174,47.856612408204626],[3.989221438191386,47.85530424506476],[4.039509660911168,47.85224293199077],[4.0443999309202,47.852621285796346],[4.056732414907144,47.855813577927165],[4.063248999738904,47.85481785593493],[4.067914843849881,47.85240993656854],[4.070282953171326,47.849226361222975],[4.070697863773674,47.84557699863872],[4.062289449344715,47.83360253766502],[4.062709955385129,47.82806401835085],[4.066185696446862,47.82405448055038],[4.093614336451235,47.801290267565705],[4.108547724400784,47.77754308975389],[4.110800007509219,47.770264081123386],[4.114065272619595,47.76616613850549],[4.123808192783259,47.76030467793568],[4.129170753680361,47.75909781936466],[4.13573363404682,47.759851330573206],[4.152430262546561,47.76431538215539],[4.159622239701783,47.76393324233173],[4.163305047015699,47.762391221224384],[4.166866616856566,47.759276651656755],[4.167968824334871,47.75642553796725],[4.167121571013154,47.747696667660016],[4.170970267884595,47.74292896588733],[4.176773558026195,47.7407505639153],[4.20283498294541,47.73890263625334],[4.206445113999913,47.73754675896744],[4.209119543547593,47.73548487642378],[4.211212024874565,47.731073271629874],[4.212012206795621,47.717355500586436],[4.217094577527689,47.710301253214546],[4.230422782529717,47.69906443990843],[4.232592223147064,47.696375133132044],[4.233501090577368,47.693841276659306],[4.233528192682237,47.6908719503813],[4.231972164838969,47.686623993708864],[4.224125056331142,47.67937417934904],[4.222785126010582,47.67728169173477],[4.222071029968347,47.67405446724404],[4.222778737662606,47.67147894700187],[4.227434635469013,47.66729582516678],[4.240721587001928,47.661110356511166],[4.243991137545137,47.65759303613433],[4.246533964918115,47.652677394758875],[4.249997196730569,47.6491679743112],[4.254161680085172,47.64758919569174],[4.265499142695093,47.64522618741314],[4.273717737287821,47.640187642575775],[4.277346293409265,47.63902348471549],[4.296093519114159,47.63868813565392],[4.301190955518496,47.63752620672107],[4.304195242333303,47.63593189932384],[4.308509684143678,47.63156420197387],[4.319752811946666,47.62296815389275],[4.327363351028957,47.620268427076375],[4.338109590895415,47.618476060335006],[4.35660823204963,47.621093905646546],[4.384218433397995,47.61440203154635],[4.391258647872599,47.61072835355822],[4.408665225472586,47.596473269338404],[4.423461098827963,47.57785199970229],[4.432981394459817,47.56811596867609],[4.450236807735484,47.54803675413881],[4.453982545619827,47.5453141446856],[4.460155769089455,47.543491790207334],[4.474652970453088,47.54270649382008],[4.480834090452795,47.5439228918564],[4.492012097492081,47.548717333688195],[4.498687678156871,47.54904314473477],[4.504955952740191,47.54759508005102],[4.522895886358866,47.539042745523325],[4.535327507649308,47.534398856355864],[4.554521873737079,47.532683907653684],[4.558180935241544,47.53121920449045],[4.581526728955541,47.51614773460752],[4.60039987365225,47.50237339166788],[4.608542772988896,47.498704780849586],[4.62616073216832,47.49309418241851],[4.629493660283674,47.49032876561688],[4.638100281547614,47.47904498603235],[4.647773741541942,47.469493922417264],[4.655395615900991,47.4525140386937],[4.664583576320132,47.4426560706889],[4.67030594284177,47.438536442639275],[4.692169571734695,47.429049950950215],[4.694017192634757,47.427347544505594],[4.698096689855346,47.42065015244964],[4.701337196860212,47.417479351591446],[4.712858082324372,47.4112140987311],[4.720963165720972,47.40569297005986],[4.723940576472684,47.40261688375482],[4.726203204496265,47.398385570466246],[4.728405572573986,47.385426169930604],[4.73089821679852,47.38131911339383],[4.796300105889238,47.331895252151654],[4.804351987990295,47.32852874369907],[4.824043442141904,47.32452591120506],[4.830333066944106,47.32575822347233],[4.853204487494668,47.33431535665942],[4.861787859020688,47.335061331532685],[4.868828581455883,47.332237231895384],[4.874357181356364,47.324874357689794],[4.877730636560639,47.32253170147985],[4.8814204458972,47.32122609329746],[4.886408392032583,47.320842585070125],[4.922346397437338,47.32389609453297],[4.925725046034339,47.32529246453465],[4.931783669135593,47.33042031529441],[4.941584377603037,47.33662548011633],[4.954733288181123,47.34173989503926],[4.967169567120965,47.342437654122136],[4.972327049404186,47.34129721967419],[4.984304305314883,47.336337188601256],[4.993112094696591,47.33138087427511],[5.002833818866649,47.329035016938185],[5.011846481935527,47.32394106128768],[5.015760143392571,47.32292911922767],[5.02549172457391,47.323268093488906],[5.030483690643762,47.32159535197256],[5.031537348133552,47.31935258991504],[5.032254548486952,47.31310586128469],[5.021009607057314,47.269391153037446],[4.968574953211456,47.169653086674806],[4.965770513917546,47.16118424251041],[4.960614164302073,47.138879818945504],[4.957070270844655,47.13148993623707],[4.913603595156484,47.08016968585957],[4.874588449929888,47.048749221551724],[4.784612515583311,46.95792349575131],[4.756450006285994,46.92190209697868],[4.7503332749567,46.91540026544303],[4.748625627338483,46.91214771749615],[4.74906237831888,46.907808743174336],[4.770079750694711,46.85924001569259],[4.774081304991794,46.85254100555232],[4.832211411394904,46.787641910719714],[4.840993488246694,46.7828941241054],[4.84381347737178,46.78013203696298],[4.84438858890476,46.7784092242999],[4.843993554755424,46.77583871496552],[4.839894440297082,46.76688059168428],[4.836421455291733,46.76197659423649],[4.836032005785389,46.75726019582908],[4.840357570243661,46.747256995108735],[4.858686781412247,46.72380865432326],[4.864950990510347,46.70968237432662],[4.874866265286855,46.63948825442639],[4.879444761078492,46.633012381455536],[4.906794662565519,46.60995755577972],[4.910057132403606,46.60592022605535],[4.91158085080443,46.602108244650786],[4.911712008399996,46.59707572280237],[4.904904003542165,46.57850545288472],[4.906953287487439,46.563776054618614],[4.922252201663632,46.54524658163547],[4.927589350505157,46.53532767318301],[4.934353589001327,46.528286605284734],[4.935551346257689,46.523677970906846],[4.934448360302529,46.51979046805114],[4.93273296756295,46.517552977279074],[4.919071410993954,46.50435718585391],[4.905758189892969,46.49347106744936],[4.903158443304467,46.4905437262256],[4.901228793578257,46.48694159368029],[4.898473272461172,46.4768768818137],[4.883459440580829,46.44984930120853],[4.87818842100876,46.44525879746644],[4.87453384981888,46.43966283440869],[4.873082747132329,46.434019348576456],[4.874002446674539,46.43036905682093],[4.876558053657906,46.42586774596853],[4.876842571261398,46.42322133356028],[4.872150737123601,46.40779793289827],[4.872388168319205,46.39806249933549],[4.871643313785337,46.39346860427895],[4.849458193637124,46.358437927005745],[4.848405648559711,46.35479720331675],[4.848875327972632,46.34891905596105],[4.847843874045634,46.34541345818651],[4.834936426508401,46.32072039468724],[4.832669438446811,46.31339313057912],[4.819964211296702,46.29724051868339],[4.811754177294946,46.29089403509259],[4.801504474130879,46.27992263738228],[4.78475078860806,46.24947934915332],[4.784175824428285,46.24631604341273],[4.784905012622954,46.23823268093419],[4.784506158374344,46.23248133596713],[4.781007719857044,46.223448182697204],[4.744675405262695,46.18036303846994],[4.74232052581115,46.17661600147762],[4.713513232942596,46.035847923962244],[4.71486720799563,46.029190818182705],[4.721613611825645,46.01591565118293],[4.722590154499685,46.00147819649381],[4.722729575756489,45.99190556706936],[4.716661717579027,45.965063030894825],[4.715199452971953,45.94835094309477],[4.717049997851884,45.94251313802022],[4.722577005474109,45.93743626710492],[4.795611142067601,45.89726628265098],[4.808362343557837,45.88459525325507],[4.812185933192147,45.88183602795496],[4.817593459766805,45.879903990466524],[4.826110564370738,45.878747535073956],[4.831407793297996,45.876207473815064],[4.834203998499183,45.87177043313084],[4.834104403974179,45.866985157811676],[4.828169622586306,45.84413452300648],[4.828423589997061,45.84054025219808],[4.83030044752194,45.83752585375784],[4.833498851946566,45.83491112980848],[4.844444736554735,45.83078397239938],[4.847423323431404,45.82774102571381],[4.848449323443388,45.8251050133982],[4.84795269458079,45.82136494410081],[4.842023219774116,45.81233211748523],[4.841235879688788,45.80685447562301],[4.83950483348103,45.80383447337779],[4.835455883716866,45.80110005576697],[4.826304403143108,45.798190406182385],[4.820950879393332,45.79403677163614],[4.81321498296689,45.79012919485255],[4.799340215751655,45.77562661220963],[4.798081504215621,45.77329306568127],[4.797811559414458,45.770676494208296],[4.798891509326277,45.76790046407449],[4.801031459454817,45.76557896232265],[4.821587300260027,45.750293563168135],[4.83204821287833,45.746019455800955],[4.840057911891285,45.745432979257885],[4.844479793690714,45.744207996000895],[4.847616411923543,45.741934054771896],[4.85015980817986,45.736270502632884],[4.847934528792927,45.72644203603665],[4.853479402308574,45.70134742666734],[4.852196438632638,45.69536803495122],[4.852090865841908,45.68927444851809],[4.855958769460949,45.682636022210076],[4.856251744370963,45.676294526912336],[4.851888642581969,45.663324000728544],[4.846503503608408,45.65435252830507],[4.832285031542715,45.64339426970963],[4.822893739350396,45.63409673614279],[4.817504960874907,45.62679644048203],[4.81014759582403,45.61324834987342],[4.799194694880405,45.604213146874045],[4.794089026925731,45.597510078239154],[4.792603392031633,45.59407518310748],[4.792463936131915,45.58986114272851],[4.793440735467606,45.585324005023764],[4.796112395145357,45.58158209981448],[4.799995912370012,45.57911101485079],[4.810055748991689,45.5761995595876],[4.814323528580785,45.57352649247912],[4.816710068368125,45.5704180814771],[4.81901609770695,45.564081560397355],[4.837490933051896,45.54694928216021],[4.8415027538033,45.54498325802244],[4.84636892089273,45.54382536305113],[4.856371069944343,45.54461490035823],[4.861044461549632,45.54410135786446],[4.865021924366379,45.54248770750396],[4.870587140419219,45.53838053029762],[4.873048486949068,45.535242172069],[4.876787678661909,45.5263681508411],[4.876804968896424,45.52413441718605],[4.875544601840447,45.52197384668391],[4.869765012074064,45.51705269049517],[4.86285548068133,45.50866438398964],[4.854157998661295,45.50181535428626],[4.835668359824985,45.49553851445494],[4.826450531073162,45.488885367399334],[4.817852225028912,45.48386384459862],[4.804152677829297,45.479144433657325],[4.797091036756046,45.47510392246327],[4.791593533144852,45.47023600984964],[4.789617944346752,45.46356864236203],[4.784508638429885,45.456726300614854],[4.779305099178206,45.45349179365665],[4.77257168740905,45.45197292153358],[4.770065513020227,45.45044032516764],[4.768302878565837,45.44806480719707],[4.767529371543822,45.44385192942467],[4.775187085161347,45.39796615350414],[4.77833795468352,45.39244101293704],[4.793833687866601,45.37405886204444],[4.795809488802791,45.370230002354205],[4.809241270010447,45.301334094589144],[4.812695775814491,45.290987307654426],[4.816288938777716,45.271341477170836],[4.8191863317306,45.26138924170856],[4.8179952765222,45.25708557605873],[4.81250770541499,45.25280596739914],[4.809562561212489,45.24876617061961],[4.808220734885707,45.23366807814681],[4.808916204201605,45.228920827670784],[4.813432410823458,45.21496349884237],[4.816734347924396,45.20999261828066],[4.817678135416819,45.207223024231546],[4.814746520901961,45.189302043301986],[4.814946968820467,45.18354522292771],[4.817368618893061,45.177112736002506],[4.82085827907889,45.171859392053214],[4.822163857749485,45.16649454638354],[4.824069934458016,45.16457601274943],[4.831041565217051,45.16105026436421],[4.833154994271616,45.15749925588803],[4.832859185878842,45.154723157265444],[4.83111092191479,45.151540839600315],[4.827075009619475,45.14609190134273],[4.819251423235934,45.13928891997977],[4.818023716707152,45.13631909786251],[4.820029811490538,45.12967633446446],[4.820707831020398,45.12275003473287],[4.826435809144455,45.11165800243092],[4.833544334124675,45.10409265663215],[4.836331977527074,45.097933419209795],[4.836106395092277,45.09451279295267],[4.834052936189762,45.09010107944007],[4.833177447813209,45.08601396438646],[4.830655147390832,45.081249840983894],[4.830538966877266,45.07644824554159],[4.831941141286625,45.07468599028169],[4.834881062086853,45.073172826333064],[4.852153189946305,45.06974111721183],[4.863700366519684,45.062082470740506],[4.865957352743496,45.059655298775574],[4.866524869667193,45.05574172019173],[4.857283888193332,45.017321862036866],[4.857354197255511,45.01442171153032],[4.861105115586985,45.00534794207512],[4.864927259363403,44.99852522422312],[4.86765037656843,44.996102397094326],[4.874445585893904,44.99232708734078],[4.877374288832819,44.98891971051137],[4.892293575061744,44.94448156455847],[4.896437391959306,44.935147387235794],[4.892468230671502,44.9258285898843],[4.890850440187105,44.91920139275993],[4.876997956260776,44.891441767497426],[4.870838207561982,44.8613760637346],[4.867010661144174,44.851916951466706],[4.85898726344139,44.81998683864742],[4.854036714209505,44.80809424196604],[4.828648784223474,44.77775135169618],[4.818891270727503,44.757360013847865],[4.815959067697751,44.75323790598716],[4.810702850826766,44.749339447444676],[4.788508513651679,44.739254941850234],[4.783358577971127,44.73440454330461],[4.780726461601816,44.72963050145123],[4.779889700825129,44.725309721705564],[4.780487874935432,44.72050839695157],[4.793957875269405,44.6771255395028],[4.792822273990464,44.668085169631354],[4.787252718785274,44.66100717167708],[4.784667043968009,44.655853313915486],[4.755983607579352,44.61519512992181],[4.750956030366003,44.59669742914415],[4.750320797537524,44.576939792841465],[4.736489316325892,44.53423897749198],[4.720661112643546,44.49817237493367],[4.718249994727073,44.491037805251125],[4.714708295365047,44.4872744236545],[4.702940378894906,44.47943242002804],[4.701504692377383,44.476836541589634],[4.702757452233646,44.46480704226457],[4.702373478801884,44.45804307964086],[4.700769297762012,44.44991313782888],[4.706685856799639,44.4396405833396],[4.710592624500694,44.421671184365394],[4.697695854535366,44.32800799772179],[4.700195630480639,44.292996476141944],[4.716232609868806,44.24970716212595],[4.715754479438488,44.245885534131695],[4.711578527524749,44.239350588773014],[4.711483202187407,44.23608655822508],[4.714671525454746,44.225837120263265],[4.721648220964098,44.219831775297095],[4.726085849772221,44.21366699333541],[4.727429122517311,44.210606047993274],[4.728984009599912,44.202572555473324],[4.731541252933191,44.20033050327333],[4.740211230273698,44.196497988321696],[4.745685323021814,44.18985336881309],[4.748524475086457,44.18785244539015],[4.757692172264986,44.184596416604855],[4.770921749079697,44.17693055061495],[4.786074067946696,44.17354192794296],[4.792156857572385,44.17073633357412],[4.79508134938822,44.167991040343225],[4.814558737951385,44.14084735011686],[4.817421322553197,44.138472243244614],[4.821724149955984,44.13684383507041],[4.856372195978306,44.128998794502955],[4.863111241416957,44.1257058534108],[4.881623673887702,44.11312959141538],[4.884845887297886,44.10867051635048],[4.88615303672957,44.10455172298582],[4.894587169564323,44.046947456986686],[4.893888103568003,44.043106169924386],[4.891527171179286,44.03738253147589],[4.887755661299067,44.03165425620637],[4.885450076788453,44.026323521304214],[4.879220779720685,44.01803833293284],[4.877507135818014,44.00930985493895],[4.864731238453471,43.98070876894587],[4.862068357987701,43.9718095777065],[4.860207005672383,43.969157841469716],[4.853051121627697,43.96218319172936],[4.849240715557162,43.95983115673463],[4.828932193432884,43.95478742812304],[4.825058136463817,43.953192907747834],[4.821955821583177,43.95046509824328],[4.818361297023196,43.94468883446963],[4.815544592830014,43.94269419271135],[4.811742679587982,43.941780299396584],[4.797916265168543,43.94135834719487],[4.794247891622788,43.93903472021881],[4.793596600923528,43.9369241728996],[4.797022855803186,43.92452530761924],[4.796648022084717,43.920533604852885],[4.774458460775956,43.882387424810716],[4.770806295203635,43.87130602146528],[4.759792958464725,43.86066700978486],[4.751557496105728,43.84833484680026],[4.745018763281659,43.844096882761505],[4.714056144013457,43.832974255904375],[4.706798127128464,43.8282526788386],[4.679018743903137,43.81968968679192],[4.674595467013305,43.817144061357354],[4.670840507204194,43.81365934717839],[4.668807332426349,43.81053170709156],[4.628800369118436,43.71725227217689],[4.626877581665997,43.71212226567345],[4.626630252636326,43.7079051711397],[4.632572315554092,43.68358848292562],[4.633940580965056,43.68061389237905],[4.646412228947202,43.6610353264375],[4.65000538167406,43.658000196093354],[4.654573218044455,43.65586531702127],[4.943092730093757,43.58914597378968],[4.967672911156225,43.582293795698284],[4.980708329478226,43.580788111248545],[5.003434777069486,43.58080785955522],[5.017551740899587,43.57763521388364],[5.020937932664742,43.57636883515525],[5.02439501866515,43.57350634417267],[5.027583640941302,43.566087217040725],[5.030402847714686,43.56342205597772],[5.037175783635213,43.553741840819],[5.043499716700095,43.54740056885736],[5.049206424842452,43.543253829378436],[5.050593770078379,43.54086013405713],[5.052118203700278,43.534280695320966],[5.054540955613407,43.53172604950965],[5.057858066016992,43.52997674906271],[5.072283353634899,43.52844106562655],[5.091622640007794,43.52837445021012],[5.108089032207362,43.53267524085766],[5.120512667465006,43.5350586655117],[5.125568887105332,43.5350422907266],[5.130947499788793,43.5331439806965],[5.191538540843369,43.49317148177245],[5.196764866337507,43.49253990847096],[5.201272155059338,43.49356585540061],[5.210209766521051,43.50046118299021],[5.214608581347022,43.502318312047656],[5.220280130007655,43.502665359684634],[5.225551455030955,43.501143143465825],[5.229371424251512,43.49799407192348],[5.230780108982524,43.4945912060846],[5.231380727557979,43.48018850698426],[5.235556193349618,43.45333571828927],[5.237737587284332,43.44634301575921],[5.236364425148494,43.43825009130689],[5.236658835166164,43.43527627326113],[5.238670958729989,43.43208865295812],[5.246617110492797,43.4263789312101],[5.249445702685397,43.42324688275671],[5.253855150335416,43.40985635281316],[5.305099037657991,43.36622821715355],[5.311453624617738,43.36393027487229],[5.335821940605169,43.36313203028847],[5.340740344177815,43.36200140694337],[5.387213702702152,43.33101147811655],[5.391012618754428,43.326698311413494],[5.392623072157036,43.323107350563916],[5.393071413599654,43.31243495749227],[5.391390471932813,43.30909054955696],[5.389637239450217,43.30755020553088],[5.380361658899909,43.30303274791797]]}},{"type":"Feature","properties":{"name":"Paris-Austerlitz - Bordeaux","codes":"570000"},"geometry":{"type":"LineString","coordinates":[[2.36703763987187,48.840495214599216],[2.397326703797567,48.80805290501552],[2.402713369220227,48.800513435347696],[2.408452225324471,48.787287760441195],[2.411839675900504,48.76310937003692],[2.426255275851152,48.740264461869636],[2.427194119946694,48.736400804267774],[2.426286029945014,48.73228356153488],[2.424424157770556,48.72952639380594],[2.41773060873353,48.72377161505727],[2.414420957007873,48.71960613620345],[2.403057100841386,48.71233015867918],[2.388739386498278,48.69583342153407],[2.381272624522492,48.68887913661979],[2.370603821106211,48.684698786723445],[2.363245141566414,48.68082899588546],[2.355639986649631,48.67859511446479],[2.348720240581736,48.67273138452056],[2.344948578621721,48.67091298988562],[2.333200281786673,48.66959769667863],[2.327452309239059,48.667803653252335],[2.323156920144188,48.6648144770448],[2.317645269750269,48.6559825312865],[2.307354913796421,48.64881681115307],[2.30592257343199,48.645899158379535],[2.305679656592323,48.643394903975334],[2.308783811912301,48.62260934869006],[2.30844702129393,48.61860912058506],[2.292295899370317,48.58803537625188],[2.290173706052549,48.58025705840351],[2.293417273551817,48.539611654498394],[2.292646720114483,48.535785274966344],[2.290596238365884,48.53333500801762],[2.28752774668425,48.53071857624329],[2.283002139464915,48.52896872241596],[2.272845987562189,48.528568152422345],[2.267559753114792,48.527547293850986],[2.256313636636602,48.5210857475303],[2.25109912981143,48.51908559131504],[2.23428850474254,48.515551961835534],[2.221780928074661,48.51626145756811],[2.215183205347694,48.51402471541706],[2.193515570607302,48.492152906263684],[2.191112699152589,48.48632827067471],[2.190375127197287,48.47814263079124],[2.188606470154502,48.475315813383105],[2.169590081059078,48.457533168735],[2.167937371369887,48.452861640542245],[2.169188082818569,48.4444730261152],[2.166959040082832,48.44048463159365],[2.152409857442119,48.43334518296717],[2.136520144015358,48.42699296337758],[2.1333578285374,48.42404205448204],[2.129428226007168,48.41705607640947],[2.125366795363882,48.41380647549253],[2.111688931882848,48.40811264392202],[2.10172749070467,48.40550923133701],[2.097282543618791,48.4030235882738],[2.083365422089802,48.39030128224777],[2.063236757716814,48.37758472565037],[2.016933525771735,48.333298284781975],[1.990765623056227,48.29021546849137],[1.978327807878173,48.266836818255385],[1.900201388517329,48.11755780515889],[1.879087536219779,48.070996745650724],[1.879648776555482,48.01433196462704],[1.888053754182555,47.966966181947406],[1.905851732330051,47.92741850547615],[1.906352959273416,47.92158039137169],[1.904742978690475,47.91923066736268],[1.900569905797708,47.917468819539835],[1.893486556650693,47.91674383817688],[1.767820980836031,47.87174282643832],[1.708781943577051,47.84233247036384],[1.683296901728553,47.82359206540087],[1.6175168254126,47.772290384274264],[1.573273006221635,47.744505313090585],[1.547419679972637,47.730362871234824],[1.496043980231278,47.69980108299488],[1.457961075471451,47.68286081040501],[1.39128145705718,47.63462810384925],[1.326260049011877,47.59675160901796],[1.323771764327462,47.59352921349759],[1.323591798466731,47.5848479754039],[1.321973669244078,47.58131514011751],[1.314486322558564,47.57639213235221],[1.308143877620238,47.57095962716377],[1.300568038283815,47.564177834592236],[1.294343164405276,47.556720116088286],[1.286482183631044,47.550746971291716],[1.276420867264703,47.54123105804077],[1.261475870401249,47.5307258676729],[1.228831944249463,47.505742278873534],[1.224058811065914,47.50291433858421],[1.213780324317717,47.49900152665752],[1.090773564151288,47.46690196526217],[0.973040426908479,47.41842299620424],[0.829287972132031,47.40242326363006],[0.82322068703125,47.3995964659542],[0.814707908068579,47.38899623392969],[0.8083513055433,47.386515021375416],[0.803131940225393,47.386416494022285],[0.7841235245167,47.3899711695759],[0.759528399398184,47.39277117882868],[0.755009471640971,47.39246930976457],[0.733907712803582,47.38698090538582],[0.727692041039767,47.38662472028402],[0.706444999055816,47.37969675352244],[0.703924388701347,47.37662649303176],[0.703564477172009,47.36960188132586],[0.700945138047154,47.36573215280297],[0.697156862049403,47.363501668396474],[0.684779188393979,47.359852657293956],[0.673999721039314,47.34960651337773],[0.670937367487038,47.34288481546088],[0.62359063904588,47.16398743433708],[0.620573439899776,47.1591039575543],[0.617893212307622,47.15664971740437],[0.581859994158765,47.13223699513838],[0.578927224863306,47.12863513377482],[0.57747708456702,47.12394618979307],[0.576779642224186,47.113952311309674],[0.584685529930771,47.03876618247346],[0.587797334272888,47.03063966768018],[0.598078125075403,47.01648091476101],[0.598814219359534,47.0123370103881],[0.596860793705452,47.00127685573769],[0.597214107459196,46.99741745385589],[0.607531940615548,46.97304143376397],[0.608838965867455,46.96785848486034],[0.60906716687183,46.94014393285605],[0.606167312569801,46.92817718150053],[0.602161711499364,46.92099965142673],[0.560553370290628,46.86231614872925],[0.555944189470904,46.85457756476998],[0.546722610454815,46.82876427741931],[0.547226955035198,46.82312202209425],[0.55220439536333,46.8123568959501],[0.551823063098953,46.8072781365713],[0.549716211427575,46.80359915654931],[0.544923041950986,46.79956770852784],[0.535732237120692,46.79553502437413],[0.532118302142208,46.79295707938729],[0.523974668089438,46.7806447995154],[0.520148445883839,46.7765631556531],[0.513930077206587,46.771668626431925],[0.501380215460981,46.7644075255295],[0.475918776456515,46.739902089174294],[0.46786530716761,46.7357798667889],[0.439338995537037,46.72833169803405],[0.433132731779965,46.72576742400863],[0.429514936900411,46.72299176961484],[0.427008313171238,46.719650712370424],[0.423188141582109,46.70664282383023],[0.419320259333951,46.70180325080023],[0.413240267566116,46.698396937207356],[0.394496320072933,46.69266093627031],[0.385911879351049,46.68717706072671],[0.382945567948407,46.683863267208785],[0.378655974246375,46.67537050701736],[0.377929719027735,46.66140214344502],[0.376950315701623,46.65798992170007],[0.359078841611483,46.633274926455016],[0.355818118184568,46.626416026323504],[0.348596157749602,46.60547550064175],[0.340712893001684,46.597775049808796],[0.338776795906348,46.588985316237796],[0.327879216031408,46.5762563978526],[0.327446088870988,46.56486338940485],[0.329312005042765,46.5614992689046],[0.334800610134361,46.557237565231716],[0.336380936822214,46.554851285417236],[0.336871737137737,46.55184535239528],[0.335300572509447,46.54493294342429],[0.337897713929411,46.53808667508848],[0.33800044723501,46.53600136768786],[0.331454796789268,46.514896032160074],[0.321701877482842,46.50149541859473],[0.321372071393313,46.498365596138385],[0.323352106666404,46.49262601124704],[0.322775398321772,46.489164298419546],[0.320576466338799,46.48640996637527],[0.310419682103309,46.480556212659124],[0.306194112384935,46.47642586505771],[0.304181466740466,46.47233981683905],[0.299674562363978,46.457795415468254],[0.285791361158855,46.440713802265705],[0.279619824719488,46.43470238924864],[0.267994929676672,46.428709701355416],[0.256717011704291,46.419017754870005],[0.248796005550612,46.40750315753314],[0.247228564753983,46.40362857033436],[0.247394901271962,46.40077441136675],[0.251396953861143,46.39419924667363],[0.252232973917334,46.39141558460086],[0.250677516806892,46.38141231736028],[0.25607169099148,46.37175710692626],[0.256768245116704,46.36667384239364],[0.250782139835906,46.35495374514514],[0.249997747788922,46.34490412228575],[0.249079572139229,46.3417371637556],[0.244267654416475,46.33416058606152],[0.242655554476126,46.32969347510885],[0.243003340097479,46.32402976588664],[0.245324036385515,46.31772745010192],[0.245561668546818,46.313231731630125],[0.228760282641426,46.16381985196214],[0.226907462875756,46.159564902244156],[0.219685544025264,46.15099215941417],[0.217807111578569,46.146975572189874],[0.212234387357954,46.11794689793651],[0.212806440215406,46.11305990299437],[0.224612213143272,46.0801216892475],[0.225790023981315,46.074480538529386],[0.225309286641484,46.071183303408915],[0.223064652936561,46.06634146460502],[0.21469728687292,46.054223850625576],[0.210172630201468,46.042485188437716],[0.207173514794387,46.03872969886626],[0.201757602298449,46.035357199060506],[0.179684101353403,46.02607186048892],[0.166327247453505,46.013279863288005],[0.156558083641365,46.00925237839015],[0.148661286809235,46.004610940106105],[0.145505476207211,46.00141673245628],[0.144053935466159,45.990948545503336],[0.140283332032702,45.97945084465084],[0.146935506530772,45.965466528893394],[0.146896795599694,45.96127117086096],[0.13941209257299,45.952918694491814],[0.12403330736115,45.90943502147319],[0.105066328697313,45.88011793578455],[0.102769781396528,45.85429497595792],[0.103999175107622,45.848574099547875],[0.106841868613041,45.84287458652417],[0.112318266722556,45.83543479589699],[0.115213862308651,45.8327924135265],[0.145287897939366,45.816312080224165],[0.149141288773834,45.81328207487997],[0.151624348192591,45.80910027335126],[0.152107354450811,45.804997595822776],[0.151146445620636,45.784051467799706],[0.147848473681916,45.77950594044556],[0.138576481905021,45.77333964345463],[0.136994265525503,45.770970218804784],[0.136503283420475,45.76729585775417],[0.142053233262564,45.758737255621185],[0.153512310166353,45.75144517782109],[0.157264055147141,45.74617707255676],[0.158389552266088,45.72983755252133],[0.155939529506094,45.72091771134653],[0.158278973891666,45.710630719715496],[0.154268149194995,45.698545668889246],[0.157802912232432,45.69049593047285],[0.160161590851528,45.68146774341107],[0.169117371488188,45.67099779279992],[0.171653019516261,45.663504169821564],[0.171257769456651,45.661250844401124],[0.169316237666635,45.6580769952978],[0.1619326427061,45.65194252592002],[0.135972752228919,45.64195177647303],[0.11145024516157,45.62279537293628],[0.107744930710417,45.618256097788546],[0.096001007555788,45.593615911009884],[0.09466436371138,45.58953676787864],[0.094628988541378,45.58587074079303],[0.096446824153825,45.58076458935927],[0.099181160574039,45.577160103728325],[0.118257979376536,45.56253121499912],[0.121106380481594,45.559148892162945],[0.122223231524676,45.55598181673713],[0.122827716157759,45.548827369640186],[0.126112724996128,45.54155102807094],[0.126319999548177,45.53918489187345],[0.124672239835533,45.53397436278272],[0.125851659470953,45.529860165844255],[0.163386922112039,45.497274789555824],[0.167963728989979,45.483225485426146],[0.168686554069877,45.4680611903165],[0.169484678445672,45.4656467615419],[0.172212480561237,45.46298106943243],[0.182128863888243,45.45744866940707],[0.184378889264615,45.453930152788],[0.18408119373654,45.45044972712921],[0.182195424119035,45.44798344277813],[0.16871828488705,45.43604011081562],[0.157721913299362,45.42760683327054],[0.143963817358787,45.40546347483728],[0.135756066275269,45.39554733112261],[0.117563698528757,45.376266520380554],[0.11468335789814,45.37087963618083],[0.113182788992503,45.364849183669044],[0.113116803245342,45.344825004213085],[0.111001450824003,45.33919808957631],[0.101825002100481,45.32328644014753],[0.095287264493043,45.31661174114862],[0.063047011716514,45.29456639418002],[0.045369829733567,45.27383060034887],[0.043153592732863,45.270017094609464],[0.032307611008125,45.23121189466944],[0.030322938857825,45.22734433347174],[0.007631621442656,45.205127903235464],[0.004751664243281,45.20114595946901],[0.002385601033445,45.19523037084569],[-7.6121055975e-05,45.191629018890275],[-0.015878812949937,45.177231975726556],[-0.018498956687436,45.17398541219721],[-0.020664868150685,45.16704607617583],[-0.018150252550737,45.1510245786421],[-0.018864981427377,45.117571931473094],[-0.019584303206148,45.11391739847548],[-0.021706960156248,45.10987530057326],[-0.026792883298346,45.105154765671855],[-0.121632805606993,45.04432980646194],[-0.176636193423287,45.00048284791786],[-0.229437963877545,44.945402475928596],[-0.230475070290675,44.9431452320388],[-0.234435767320096,44.921746955781536],[-0.237265133529714,44.910729638112855],[-0.239508766689373,44.907357192647986],[-0.243115016510005,44.90526948522641],[-0.256591981173386,44.901964818923396],[-0.279254904230805,44.88844343787413],[-0.296021380951204,44.88617058445234],[-0.299382755528553,44.88634552714908],[-0.304206360114655,44.8880990054027],[-0.32023803501159,44.89949109612085],[-0.327409152318611,44.902494118404604],[-0.426608351613833,44.92054984085571],[-0.463632515399491,44.933664559830206],[-0.471519319687191,44.93472582922134],[-0.477075203900626,44.93415735476124],[-0.513056100585345,44.924235965288155],[-0.51901192773527,44.91983803519038],[-0.51990805571811,44.917758681422484],[-0.522438864689141,44.900264787268846],[-0.524884994320379,44.89250312573877],[-0.528273479763819,44.884284769553794],[-0.536970739253978,44.87172809543519],[-0.536850616204098,44.867560083336905],[-0.534318125913714,44.8637029780366],[-0.53355972687013,44.86088156779994],[-0.533866879404309,44.85061581317579],[-0.535146019768225,44.84853620371911],[-0.554735944799748,44.8290608045957],[-0.5559295353517021,44.8260443667669]]}},{"type":"Feature","properties":{"name":"Paris-Nord - Lille","codes":"272000"},"geometry":{"type":"LineString","coordinates":[[2.356160022263501,48.88164194151168],[2.357226981466328,48.88385180224797],[2.357184950438811,48.88915510499229],[2.354830662345781,48.89603449756532],[2.353208176680443,48.907053547123745],[2.344687722735284,48.93840302279259],[2.34439630480064,48.94230603456043],[2.345747699292185,48.94502154491718],[2.404509620354665,48.9864816660901],[2.491890346888804,49.041956594254685],[2.519452877877222,49.06233021199003],[2.521477288332951,49.0645403491495],[2.522400920431839,49.067013407618624],[2.526556855800107,49.10969299212924],[2.52506791335792,49.113771254743234],[2.522975313779098,49.11593634308663],[2.492379121521024,49.13624488626609],[2.481879929952774,49.147490769182035],[2.472583890645825,49.156001704698014],[2.470207799180147,49.15921700046334],[2.460003389593259,49.184439308961664],[2.456157033783819,49.20854766538539],[2.442762698230529,49.23184309818751],[2.441815798836043,49.23531833925437],[2.443313802006111,49.23857516755203],[2.453894540840695,49.25044900885276],[2.471253505164389,49.26609777487885],[2.47367626167237,49.27194998757214],[2.471958263836571,49.274673312979274],[2.452353859593546,49.289150266655106],[2.449152546970871,49.29298942683346],[2.446891373351063,49.32073737375039],[2.44473268009718,49.32650590619677],[2.437492713852688,49.337716060572795],[2.435676897405514,49.34189373384724],[2.433381575506115,49.37305011206409],[2.431617068019236,49.377148078351475],[2.428978524215582,49.38010670063423],[2.424887011622035,49.38278972175138],[2.402024669340116,49.39113671257319],[2.398114929969712,49.394511315235654],[2.396603132745561,49.39785523422221],[2.397215153836716,49.40235805539797],[2.408626202931273,49.42113621735399],[2.413212359500263,49.4351847853497],[2.416835293118145,49.44119888987124],[2.427077307046734,49.47145981394694],[2.43455708966246,49.48679620394688],[2.434904010370755,49.48968113087341],[2.434251707423349,49.49200854360089],[2.429107494219372,49.501399749521354],[2.429582698591766,49.50467972069379],[2.434994330453065,49.51117424682727],[2.435980818473007,49.51412160567077],[2.430807677755811,49.538931972716746],[2.439566291315488,49.56626440082938],[2.438545027048637,49.56997618160978],[2.435256799289595,49.57408563329752],[2.409346011940872,49.5886789982011],[2.406504541850222,49.5915272342034],[2.402631149783781,49.59963838044125],[2.390931847149418,49.6075147751867],[2.388708884827635,49.6117642234755],[2.388559530523219,49.62063573853654],[2.380951468972855,49.63137871609221],[2.378625876219682,49.644440091052424],[2.376238846572807,49.6481746264566],[2.363739897686235,49.65487891970556],[2.353102749855155,49.665350452772394],[2.341080976289286,49.67052048098648],[2.33796754224397,49.673035153063275],[2.336636598815524,49.675313110071755],[2.336201000352238,49.67758119716888],[2.336860429025556,49.679869417201],[2.345284180720714,49.692817678861715],[2.351022903029466,49.6987396814968],[2.356880442594219,49.70257335019866],[2.359334854382327,49.70654883153434],[2.359101264911433,49.70949823742288],[2.353359845062268,49.724926672071526],[2.353513892730514,49.73391172580936],[2.354829756318819,49.73838627422587],[2.370654246222727,49.76596715740026],[2.382086445849063,49.77803132332014],[2.387120410128424,49.786363671722164],[2.394772724272343,49.80442688833291],[2.396937902757712,49.81249200039553],[2.405527404027902,49.826788624648756],[2.406640813114327,49.830459298386025],[2.405514269655508,49.83550767171872],[2.400595727798714,49.84376179705483],[2.390491190396487,49.85159801527879],[2.381746468905396,49.857423792499965],[2.377188937396983,49.859408910716226],[2.367573864054308,49.86185759593068],[2.356056270030606,49.86317014328507],[2.351646315884231,49.86461988698969],[2.34689082111966,49.86828471509963],[2.346737687704911,49.87166508724438],[2.348918544131698,49.874034303421276],[2.357754842844768,49.879032798021946],[2.366412421710596,49.881763788240754],[2.38409261142043,49.88233582423431],[2.400674894734453,49.8858398237824],[2.435206435219053,49.88655271146875],[2.442897071648791,49.88837329886523],[2.464301981827587,49.90199058984048],[2.471204547383532,49.90449841403556],[2.494747589055041,49.910276726432386],[2.505571064374919,49.914391503246144],[2.510225668586681,49.91878123393768],[2.514682436083457,49.92776749416994],[2.517694148794233,49.930958733755865],[2.527278872090067,49.93816946695645],[2.540780757705257,49.94401126072209],[2.548325204174894,49.94885922499631],[2.560039425333962,49.95312670913207],[2.577673521282415,49.9571670966962],[2.628647799002941,49.975718770272145],[2.634669692959313,49.97963002005541],[2.637026209859001,49.98375114811616],[2.638344704683069,50.0004238150446],[2.641432668044039,50.00385840287562],[2.65138635813493,50.01010910803231],[2.654090556312133,50.01394173298027],[2.656145501260261,50.02996964814943],[2.662987229397872,50.04686040005733],[2.662480302477988,50.053633102390485],[2.663820174350017,50.060623304185874],[2.665602747578185,50.064605876061776],[2.671043923510895,50.07053610127202],[2.675710732802691,50.07383773468057],[2.681611704431538,50.076292464029876],[2.717059987615601,50.08317014648219],[2.725088529931389,50.086027091261585],[2.731601453688777,50.090885964251974],[2.738415321353889,50.101685852346904],[2.744412442716421,50.10728223847931],[2.755401417228549,50.113587355288],[2.772940987512192,50.11959351760416],[2.777393837563191,50.12297564056182],[2.779350652499602,50.12591969821625],[2.789891153656758,50.17913763147879],[2.79005143958347,50.185171472532325],[2.788182203137519,50.19224702507617],[2.784618299358811,50.19839380787012],[2.779261350951278,50.20408965597506],[2.771407839380577,50.21056367921428],[2.768284441739981,50.2166638233357],[2.763650369252396,50.272023342047305],[2.764241657698944,50.27537673004513],[2.767512498187659,50.278909107211405],[2.787367920695343,50.289279746812284],[2.796033056254359,50.29186033116009],[2.828171446854626,50.29472093813913],[2.83658213728066,50.293812201164116],[2.848675209820886,50.29087294529538],[2.857053043794002,50.29144282053598],[2.889520949749559,50.302109709730345],[3.01985067772141,50.33799574694459],[3.061614410565045,50.347722407215976],[3.067814156546067,50.349812892249695],[3.091540404717227,50.3604627191735],[3.092587108230758,50.3630341976668],[3.090435215176929,50.369932136599814],[3.090920523612767,50.37974207843326],[3.082586686892355,50.4052164401096],[3.078397826774308,50.41271204672025],[3.069847447811163,50.42095754998961],[3.012039825135836,50.45836285205619],[3.008010320142128,50.46288250523653],[3.006134624742948,50.46882886040482],[3.007186905618416,50.47464758342903],[3.02362333614917,50.52565335491009],[3.055348879514392,50.586083301033035],[3.061975171161888,50.59369000634652],[3.086981410017521,50.60998353115729],[3.090981372218021,50.615247401073894],[3.09135047366476,50.619997807442125],[3.089540951744346,50.623275435912454],[3.081105447070462,50.63284427407195],[3.075716979623125,50.635046433743305]]}},{"type":"Feature","properties":{"name":"Noisy-le-Sec (Paris-Est) - Strasbourg","codes":"070000"},"geometry":{"type":"LineString","coordinates":[[2.451862173541942,48.896424896827575],[2.461123023613625,48.89668111974354],[2.510468957595187,48.8896848289133],[2.534473795401885,48.880133617151614],[2.541240992767353,48.878392957522266],[2.590603049734478,48.873488133506726],[2.668230250455885,48.87674520531044],[2.691749387489344,48.881221451941705],[2.746675971652786,48.88488839907802],[2.751822069550073,48.8863702889973],[2.754243202845058,48.88791156907793],[2.756013942476757,48.889674933594314],[2.759275183059413,48.89586388953376],[2.761994540913877,48.898067489451634],[2.766129610871483,48.89969365779504],[2.777759780611191,48.90163600530512],[2.791266638062998,48.8996502769374],[2.796322203896709,48.89971820822743],[2.827707612931318,48.90746737061058],[2.839153579115549,48.91210396460897],[2.845674270590871,48.91779326747693],[2.858018707967089,48.93430667350336],[2.869937875369119,48.94452973440752],[2.873939110617726,48.95907979360666],[2.876812143039568,48.96237400307442],[2.879830274961101,48.96385212749757],[2.884954468112881,48.96441284365624],[2.930479330303436,48.96011350406191],[2.954389825536043,48.96032664119322],[2.958635105030321,48.961311173987404],[2.962449952073011,48.963324311327476],[2.976001575146684,48.976218305266514],[2.983266987233887,48.9784081658083],[2.988811331595994,48.97812020118179],[3.005551978882198,48.97362104771035],[3.009892617971293,48.97050903322115],[3.014393020698134,48.962858867718865],[3.018075823707028,48.96055505783614],[3.021501682253257,48.959545462417125],[3.056110417731737,48.959430353083995],[3.085103449148729,48.954135628345455],[3.096332776702107,48.953465936583214],[3.114124127606444,48.950610601411505],[3.121893355731904,48.95043563896324],[3.129106157607366,48.9518246254172],[3.134122137300722,48.95445900738751],[3.143587852024671,48.96477693868056],[3.155899201323151,48.972228572149824],[3.163175545863906,48.97908970243948],[3.169621252590046,48.98165626930337],[3.178233920300991,48.98231451684851],[3.21811769964096,48.974163795575635],[3.230490725441858,48.97379355074456],[3.236619792174435,48.97246958943112],[3.243552818611598,48.96857305464188],[3.256528701139382,48.95410554069842],[3.259597994641721,48.951585162254275],[3.265947954081621,48.94935539564455],[3.273722578274172,48.94934720732761],[3.27825348749093,48.950742632143594],[3.28192767305865,48.953126791630076],[3.283879635535736,48.95591526477066],[3.285529518181544,48.96216940585104],[3.287547849173305,48.96440342017756],[3.290566972331285,48.96608461496134],[3.296995364361843,48.96760504434671],[3.326981517463254,48.96883977182152],[3.335052780624773,48.970521253625165],[3.347287979630114,48.97728284085996],[3.349412078987581,48.97977177522355],[3.351752677363353,48.98495994423368],[3.354085940470984,48.98692680536503],[3.379153024627886,48.998599397838376],[3.383516538315994,49.00318462645632],[3.396737933399438,49.03161092337007],[3.399706209424885,49.0346453295729],[3.402888958660054,49.03607768433964],[3.431974553952061,49.043126357031156],[3.460756120391836,49.04215360793369],[3.468888210904869,49.043835870576885],[3.472811446676692,49.04571887589141],[3.476734134584189,49.049256366375204],[3.479825344117355,49.056834560834865],[3.482355103556702,49.060780949995475],[3.490377050014236,49.065682472725385],[3.498284208304415,49.06732563720554],[3.503237368928057,49.06728945290056],[3.513016576629519,49.06564381038332],[3.519951819924887,49.06636806562681],[3.526087821954564,49.069292441961245],[3.530757096223323,49.07559297311551],[3.534000844291664,49.07822245559261],[3.539560279450492,49.080003635831474],[3.544563794448409,49.08009278396347],[3.551489306375213,49.078122951625346],[3.554969269608801,49.075120550625805],[3.559258056109051,49.06189860688859],[3.56263475659039,49.05807654911772],[3.569773178520243,49.05539899905742],[3.578060260602794,49.05545250771625],[3.589615920891629,49.05768650494434],[3.603928190210271,49.062987021631436],[3.60993614432331,49.06428793642776],[3.632666543469522,49.071739032702276],[3.647498985444818,49.08398571312882],[3.654103982934171,49.08681974149346],[3.659824750196758,49.087595140135605],[3.669738746736139,49.087284392455665],[3.680481063918573,49.08409302565241],[3.687151586249367,49.083631828237095],[3.718075134425854,49.089775609270596],[3.728499473743733,49.090206293476605],[3.735088460063962,49.08925561625962],[3.767419899132125,49.08121234611148],[3.794447288689547,49.07730505197475],[3.902441756148738,49.05698225469869],[3.908923511873443,49.056626165808886],[3.938590071807062,49.0583717739677],[3.945002748792429,49.05772751640766],[3.950108097613883,49.05544510601375],[3.954219362968685,49.05010240750574],[3.957851335753169,49.047354965316146],[3.983318254596716,49.037802803188185],[4.027184709608911,49.02877649688618],[4.177457230644877,49.015043904221294],[4.183547975950268,49.013365902069275],[4.214236262435584,49.001667573570465],[4.235014473443376,48.99859657679167],[4.253139858112853,48.99115896386727],[4.283208270662672,48.98549345572497],[4.287022576466565,48.983992970855965],[4.297884236934244,48.97745216766951],[4.342481253954172,48.960113733010246],[4.347478976484963,48.956823464763474],[4.350348766458716,48.95382860493015],[4.352648090147597,48.949775370105996],[4.353249557786108,48.94626741026634],[4.351926345178535,48.94167254390225],[4.352262934774402,48.93931341559453],[4.355335957495549,48.93248113693476],[4.357465440793586,48.929753146591395],[4.367530045616817,48.92279093363952],[4.381679911400838,48.911297114154266],[4.404112834238173,48.90034349040966],[4.410153361499731,48.89605275970991],[4.414764340964886,48.888511414063146],[4.41978182693557,48.88270251206735],[4.421642990387703,48.877392587546545],[4.428427608527691,48.865700465881304],[4.467696822416699,48.83983090638564],[4.507032500230665,48.80084166041316],[4.56914418760369,48.723380095617266],[4.574225416316597,48.72000487154603],[4.583094198467749,48.7176375680374],[4.613353740937181,48.72130180252546],[4.630026268142297,48.72235474286327],[4.743834202235322,48.72128251915218],[4.763685707165558,48.722602146029324],[4.771567388792426,48.72586654029352],[4.825182434340752,48.761920537501524],[4.833099042220582,48.76583504942466],[4.851026037200624,48.77144524850984],[4.886564379656059,48.77807415458202],[4.894161513291798,48.78043356915926],[4.971150781580225,48.81905926637647],[4.982660122412558,48.823134879942096],[4.990023831582151,48.82462390828618],[5.03670029762022,48.81875230060461],[5.043962344342711,48.816064206140354],[5.051167896677672,48.808659388671494],[5.061849312397744,48.804633028730734],[5.074400284128918,48.80419723240765],[5.084206290010826,48.80761943504235],[5.088302299799579,48.808025651311006],[5.103568351203912,48.80541062123024],[5.109787341863544,48.80236259799598],[5.118423280058535,48.79590833615458],[5.132568133501649,48.79146759880142],[5.145878297923126,48.784277215815834],[5.162343729722901,48.77784162400747],[5.169676913261091,48.77116003574571],[5.189451950422774,48.75681667123451],[5.196503751253267,48.75273378724637],[5.210610843605421,48.74807081743972],[5.22217567823078,48.73978873704271],[5.226052426226069,48.737857664732296],[5.236648813466247,48.7338515045032],[5.248273534254856,48.73322607389791],[5.280084015726172,48.72598169005021],[5.284182607436586,48.723937190594356],[5.294286651009244,48.7159594611712],[5.299894980042674,48.71452317242578],[5.305182159713963,48.71512921315087],[5.312634065576494,48.71923334045553],[5.317268929319312,48.72044470312097],[5.337708558431626,48.721940496802056],[5.360191922252537,48.71896408979218],[5.368291635763686,48.72015540115067],[5.373014248297522,48.72312474470936],[5.376994499857734,48.729520359316616],[5.388496827994069,48.73899611167136],[5.403926441235152,48.74800475257531],[5.406126523610376,48.75019632443113],[5.40726030268885,48.75339688156209],[5.406369398170861,48.76799462458826],[5.408260270211549,48.77171088911547],[5.411285148035402,48.77403476689803],[5.424625652632807,48.77812460809977],[5.431199591540088,48.78186646730563],[5.444502349866329,48.78477175809589],[5.461450595424503,48.790786561214496],[5.471005349532357,48.79605796710543],[5.484057948728776,48.79915979807789],[5.494333455084504,48.80304474178416],[5.518925397600003,48.80578028929886],[5.523604611440795,48.80567885086962],[5.528788298537163,48.80354104413305],[5.542961676505525,48.7949008106209],[5.562376426706775,48.787623358228075],[5.566332745272297,48.78315210788765],[5.568083909010577,48.77754840257985],[5.572178749315469,48.773398223472405],[5.579415217493548,48.76894713601477],[5.593225487761922,48.76406106140444],[5.602574285171882,48.75768364225868],[5.620231797830921,48.74114163411268],[5.629434571574862,48.73641291891915],[5.64322389896906,48.732220143118084],[5.661991077040086,48.71908678924613],[5.667525441690723,48.717803308861136],[5.688064025409335,48.715642629104806],[5.699922516405714,48.71189903044068],[5.709054794926348,48.71186714501693],[5.714610493564541,48.71088740963835],[5.719494115525857,48.70820063810364],[5.722391333563479,48.7035501778614],[5.724591983899186,48.70147794693952],[5.731261097665183,48.69779804639307],[5.73692745340809,48.695641977214606],[5.756298623583463,48.69186332945124],[5.782892439180984,48.679722679138955],[5.799664784672881,48.67912698174247],[5.821420731689707,48.675399081453605],[5.847132345964133,48.677719259516714],[5.855507376862785,48.67537934453738],[5.860643927583447,48.67513502060512],[5.870250237898,48.67781445323772],[5.883006219255455,48.67997318729862],[5.90599578967863,48.68803407695127],[5.931158851034303,48.69007349274031],[5.935218254147133,48.6923880663087],[5.942932306470668,48.702392665112406],[5.950788324680333,48.70737975682176],[5.95939758958357,48.70951731615965],[5.974193920815162,48.709294700091625],[5.979964717151688,48.71136958486708],[5.984563098965776,48.71643588239395],[5.985850068174599,48.71899430777535],[5.986224751400337,48.722591308470115],[5.98528952048369,48.729274303504646],[5.987211765757231,48.733000423791644],[5.989580991296683,48.73490080391259],[6.008893585060211,48.74495525500821],[6.016248250660858,48.75105431599417],[6.02311641487181,48.75367500972009],[6.040609417468722,48.75645674956927],[6.047044647395975,48.75667019448049],[6.052377837806373,48.75508019726499],[6.061168652408362,48.74948412394898],[6.074395622122093,48.747997884194426],[6.078789024584263,48.74906326942709],[6.09008010121603,48.75538464138056],[6.097087448400277,48.75800088227012],[6.127228370594183,48.76242682887153],[6.132753298793129,48.762624487139334],[6.139464358746626,48.76023496787016],[6.154080260659359,48.74622766463405],[6.169600710695679,48.734709211946374],[6.171658209439697,48.73031161261368],[6.172530107135547,48.722179181466736],[6.171610740063872,48.71969280551379],[6.16887566464193,48.71637375092294],[6.165969375745892,48.708289746425436],[6.170522750512653,48.6966739419083],[6.175621078957799,48.68776391381348],[6.187824006359842,48.680820952703975],[6.196791944777571,48.672807744954945],[6.217545875181136,48.66338554000088],[6.231332526819344,48.65314169343545],[6.253876558402539,48.64080294517105],[6.258826653125805,48.6399299001314],[6.26430492705708,48.6404346357782],[6.274010668771681,48.64474141689643],[6.279211706041248,48.64582161288921],[6.290338032966691,48.64468335185171],[6.296379322274203,48.64303608344464],[6.305789388893333,48.63748981787224],[6.339237470057631,48.6274128377318],[6.342563624744241,48.62467225926722],[6.345086212954897,48.62058392663721],[6.346441225690341,48.61329203070796],[6.356313451130897,48.59494534810388],[6.363580227369793,48.58874245789798],[6.367985788346392,48.58275968447328],[6.381974064543304,48.56765700689653],[6.392785548991836,48.56174649897127],[6.402945613328462,48.56032815177397],[6.41901829462536,48.56257973514059],[6.431019617170285,48.56247636886719],[6.445096373361166,48.559629866491754],[6.452807173609954,48.560684573538055],[6.468139873852221,48.565910928559155],[6.487676595134775,48.58462781395758],[6.49324848458676,48.58727031458301],[6.500961003013042,48.58829275063308],[6.611721975074501,48.588486383281364],[6.666652645279345,48.60800357677318],[6.68985218866781,48.61232386353437],[6.694594564860835,48.614572775010245],[6.703811091573988,48.62122273923171],[6.713858715594526,48.62528221863152],[6.721101289876372,48.630221080397384],[6.725428838849794,48.631715205402735],[6.756215019867176,48.63984628741558],[6.767801297646355,48.64159039010906],[6.781143742943775,48.64224892314639],[6.817225752896817,48.648733601685215],[6.860684551384568,48.67112674357177],[6.885020440855364,48.68016283684675],[6.894505552392101,48.681745082769154],[6.913034638406217,48.680094542114745],[6.919564853251051,48.680430005612465],[6.949168092872783,48.68535460534242],[6.962107252428017,48.690737643227685],[6.982305733237435,48.69314703922962],[6.997475233639682,48.699239936743844],[7.007747000057259,48.70091917895638],[7.011657279903089,48.70249398414282],[7.016671920178803,48.70688470328677],[7.018499961154403,48.711233492691385],[7.019562807152491,48.71936572331716],[7.02100382536376,48.72197454287132],[7.025203230424504,48.725627820194404],[7.055286021255464,48.74004968760034],[7.070301031895403,48.744219089879216],[7.085025222049978,48.74446172441935],[7.119213596333832,48.73853977221136],[7.124336404080195,48.73557464438636],[7.128797761566566,48.727997736136366],[7.134600175525529,48.72544682241178],[7.185772935409969,48.7241556491119],[7.193603935739503,48.72320906266585],[7.202744168367396,48.7239969489315],[7.216298365750913,48.720795393202735],[7.222177936300343,48.720266134865966],[7.228261813160111,48.72184748214345],[7.234688593500302,48.72606239036819],[7.248357558695946,48.72783588968325],[7.254804659473339,48.73233807985167],[7.262483179506024,48.73579013812195],[7.26998940704285,48.73642486241274],[7.273836250277724,48.73573478668959],[7.279933096871656,48.7326472209069],[7.293275081558003,48.72944969969448],[7.306060406149733,48.7209071561458],[7.312588207014187,48.719906466819545],[7.319644512369062,48.72135639231857],[7.331576335610412,48.72707069956161],[7.352026776031049,48.742421761828545],[7.368361100960382,48.74617191185094],[7.406783915421185,48.761956414571976],[7.412131058141791,48.763297651053115],[7.432499820286828,48.76327016580498],[7.466936916685563,48.75132474578712],[7.507796265985021,48.7459029812663],[7.517448811660642,48.74671814397126],[7.566751785335883,48.755064302313],[7.601422483445406,48.7535538616857],[7.623614319449118,48.756132996742444],[7.633702977100145,48.756387031817745],[7.651483679563579,48.75438396898304],[7.685804042151966,48.74343911724058],[7.693330094537802,48.739758192482654],[7.69965303288087,48.73401464900433],[7.717209900925419,48.67090998226302],[7.726793239701073,48.606976724662005],[7.730582094890665,48.602419228138274],[7.740218579198107,48.59723196823515],[7.741341242054233,48.595329742939676],[7.740900290466165,48.59329102926666],[7.732153027010305,48.58357980079086]]}},{"type":"Feature","properties":{"name":"Paris-Est - Mulhouse","codes":"001000"},"geometry":{"type":"LineString","coordinates":[[2.358926107719517,48.87737087323318],[2.368824353151626,48.89360108795972],[2.372699263785348,48.8960742394197],[2.377920634666028,48.897431075069186],[2.430344163934539,48.8989671654422],[2.440778833426653,48.89642427661585],[2.461535929391189,48.896594080391864],[2.469174667760315,48.894857722495686],[2.471852383187777,48.89302239789787],[2.48537724671072,48.877809050203396],[2.486382323538091,48.8742203721462],[2.485533512200667,48.86487676738949],[2.493484391470626,48.841845101025875],[2.49480614639587,48.835540618599964],[2.498417601795428,48.82975059260513],[2.502596949266191,48.826681253715556],[2.509560225697652,48.82503039725411],[2.538616844192122,48.82261090506069],[2.545311962679098,48.82379260553858],[2.558720561287732,48.82854226011245],[2.567868349973115,48.828359323305015],[2.571881995447761,48.827094529833005],[2.606857300686051,48.80994493405275],[2.682568211888324,48.784586570615254],[2.685771693497867,48.78109412948522],[2.691434388905237,48.7683728151146],[2.703658953666256,48.756920866487015],[2.706298727213708,48.755381913207295],[2.722432009485829,48.74993643413091],[2.731431610272672,48.74256715333651],[2.738625813246451,48.703305657520396],[2.740620342079969,48.69947193833446],[2.752105083734959,48.69004223360932],[2.76381776469398,48.685842198047986],[2.767805811771624,48.683601717565026],[2.780804913574828,48.66670270452113],[2.784209945364505,48.66411249902265],[2.894137460241406,48.61129657851392],[2.974320804741171,48.58794369383902],[3.016099742972329,48.55965952559616],[3.070194966990875,48.554151002352],[3.158693126697236,48.53396986788455],[3.167645954057897,48.533882314733695],[3.189032708533854,48.536606868962515],[3.196653044248273,48.536199361183655],[3.215441506591773,48.530060795627136],[3.234545609077318,48.522639056575585],[3.243929312590206,48.51857524713371],[3.25229537570177,48.51151953845914],[3.253649941737447,48.50759330228755],[3.251183504498052,48.49223431307962],[3.252754921005841,48.48639760499262],[3.255355397390782,48.482713239151245],[3.259075974809206,48.479534439133225],[3.264619781307905,48.47600334063392],[3.269537670113435,48.47419011096756],[3.275276837708309,48.47330485380091],[3.294712904567366,48.47250767130483],[3.336928140381666,48.4845233243526],[3.365771315018296,48.48440977896367],[3.447518026914504,48.49750917040109],[3.488144906542487,48.49513190707097],[3.492860926718038,48.497159252326895],[3.50603700020275,48.508217869325414],[3.50967232061106,48.509828832602814],[3.514836149897571,48.51080389215286],[3.521388638480742,48.51042720402323],[3.532540248047359,48.50698121668622],[3.539502633415354,48.506592279549935],[3.579210948126158,48.51224818152518],[3.602173908309795,48.514203964348205],[3.623850378727103,48.51314426718458],[3.651149973900569,48.51656630647986],[3.668775703504522,48.51537206241892],[3.716059086221182,48.51931172958293],[3.721682510667021,48.518336838655856],[3.733983409779801,48.51085137514653],[3.74307834609985,48.50840548561109],[3.853318271402415,48.499615720442335],[3.858784244760343,48.497640043033684],[3.884751179390397,48.48416732219747],[3.907536541904076,48.45585575023697],[3.922982106469957,48.44205516008148],[3.958101236145719,48.39463221532675],[4.029002029563247,48.33338987952977],[4.051273621524132,48.31927594708367],[4.057574063135858,48.31375928464972],[4.059422001734349,48.31050781076864],[4.05940103623755,48.304870787393966],[4.06024949005638,48.30255771215289],[4.069574773522164,48.28943976382518],[4.073842936654273,48.28574966516804],[4.082231111890514,48.28146015992072],[4.093271512300658,48.26794053830562],[4.09853819917729,48.26518069663293],[4.23687053857019,48.25653529611475],[4.242968852493102,48.2551631551157],[4.313881482341861,48.22993247524133],[4.346055732409038,48.22423096593907],[4.353560922940308,48.223953484401285],[4.447742639506187,48.23809390362385],[4.490417592349435,48.242831762253076],[4.495644822035285,48.24401055920537],[4.538163773670736,48.26076901218809],[4.541497926590736,48.26405285651182],[4.553782649641401,48.281368009418394],[4.557069748183821,48.284578542337314],[4.563328531755518,48.28774974927427],[4.572805058661503,48.28856877950553],[4.579127200474696,48.28698363057836],[4.595056401434331,48.277554354823025],[4.602440900684303,48.27417777921864],[4.640165913425284,48.26227406577983],[4.666305077425807,48.25670234402726],[4.714707444903532,48.23511130923918],[4.718482596487449,48.23186544421396],[4.725818878704735,48.22175500624813],[4.731302837617141,48.21797984807715],[4.775022073165052,48.20368476174187],[4.780320910001477,48.20109616962067],[4.78501345398007,48.19730930836285],[4.790646359328913,48.190253814099734],[4.791790870750024,48.1874336593468],[4.791278287764924,48.18389332677132],[4.784868450014264,48.17444827671419],[4.783651063088053,48.17046715424974],[4.784667460220053,48.16617931780244],[4.78879596647101,48.16205427402334],[4.795780032232995,48.15933430589723],[4.834637606346208,48.15281583413672],[4.897258310360931,48.12902374714398],[4.908057421256777,48.12279207349871],[4.936784158093486,48.09843994387068],[4.965260868094997,48.08703950563257],[4.970787585198153,48.08607580870885],[4.974905210293477,48.086405813106715],[5.025767666367617,48.09662903630672],[5.035913451116269,48.09799751908775],[5.045585424388904,48.10128414206668],[5.064178701200875,48.11061888162041],[5.076542463032291,48.11367736524297],[5.089266977234809,48.113924987775285],[5.136913898287411,48.109301764306835],[5.146285425050921,48.11020639382944],[5.151239345011882,48.109608144136516],[5.156349447758405,48.10613405185005],[5.158558453914671,48.10230849793824],[5.159020583690926,48.099376177544826],[5.157457263605578,48.096801245156605],[5.150297802706416,48.09108379753784],[5.14951709185528,48.088840706463486],[5.150412821923665,48.085433102179394],[5.155850673959914,48.0805985144898],[5.166295381078905,48.07646967616085],[5.176918501978117,48.06887172421491],[5.180562331831686,48.06264110461312],[5.180857193246095,48.06029424609503],[5.179745860321415,48.053847086453295],[5.182375155417761,48.05000802176092],[5.202414010643311,48.04310404476388],[5.21104562071337,48.04168966884855],[5.218335428148736,48.038563167455365],[5.230164969322937,48.03914812661808],[5.233869663785105,48.03863688318492],[5.238367712392841,48.03652494942066],[5.241235860941655,48.03401695244097],[5.242751449039433,48.02876602424773],[5.245913003254165,48.02225668928179],[5.247228932017951,48.013287515097986],[5.250649753122234,48.006517187419774],[5.251981299825659,48.005134233591264],[5.259086721921728,48.0018147081428],[5.264652657545366,47.99667418372067],[5.265385214908945,47.994473389111825],[5.264850952745456,47.989380197479285],[5.267957458309795,47.981703857709476],[5.270030092209971,47.968013157073635],[5.271656609300199,47.96473274868805],[5.27850833999408,47.95304193567149],[5.2841027563521,47.94770546412733],[5.290030034240962,47.94348252712603],[5.29612801836126,47.932799321218276],[5.296555230519023,47.923699263316244],[5.292052253050948,47.91537614004889],[5.292158619648487,47.91313736494106],[5.293300734445507,47.91122631637111],[5.305502540595484,47.90425478167581],[5.316520864438732,47.90229470369347],[5.319780163214729,47.90076018671774],[5.322221975925483,47.89803411668336],[5.322814112541278,47.89202823561829],[5.324603124093248,47.88964904256451],[5.33268385290528,47.88380752911244],[5.347937561344504,47.87536476756842],[5.367312283613934,47.86284621245365],[5.376346601137192,47.85200439729935],[5.37862807497657,47.85034089021111],[5.404485886371231,47.843911564226616],[5.413505668997932,47.84019763366994],[5.423054991316238,47.82759787282756],[5.430682388519259,47.82216793731662],[5.43474844836507,47.81493161893379],[5.437923086392114,47.81241862319524],[5.448336812407311,47.80765406262174],[5.455453576000317,47.80789481331159],[5.511584750593482,47.83532975168704],[5.516013458658083,47.83666691592072],[5.520474452739307,47.83699118979033],[5.54800608860047,47.834389862658576],[5.560045634177031,47.82980075702974],[5.569432414825182,47.82844259413394],[5.58112058246643,47.82360453616066],[5.601024118162597,47.81770074450847],[5.612354148188481,47.818964216464586],[5.624390328245653,47.82339624333979],[5.632792502505617,47.82857801943182],[5.639273826220913,47.82969261322803],[5.672492667946675,47.82589406773034],[5.689949006740409,47.819866300021694],[5.694488203868774,47.819519198128994],[5.710409081896088,47.82132624837414],[5.725077834869266,47.816734223290815],[5.730193673363734,47.81604597240227],[5.76600849949891,47.823745453089515],[5.785379350102974,47.83475659180628],[5.822723773132417,47.85040540197017],[5.851067223796925,47.85677937009237],[5.856083794175183,47.85661528918804],[5.871267873339354,47.85370258560873],[5.87595515633113,47.85149745534888],[5.890442369923401,47.840122575962795],[5.894590909812105,47.83808747730025],[5.913221685286962,47.8358737980289],[5.931422668064495,47.82783396310804],[5.958885731265776,47.820988257009034],[5.976307333491374,47.82091365865869],[5.98160132463873,47.81917281663241],[5.983912971733345,47.8175042417287],[5.995435710960411,47.79983300553539],[6.001140058162787,47.792559347386785],[6.025319080300653,47.77803915512408],[6.046069105657351,47.75610203431164],[6.048051696839103,47.75290933129661],[6.052562639175339,47.740852994631496],[6.053395955608179,47.73337704890451],[6.053095174689671,47.73166200350473],[6.047119445901727,47.72193216897469],[6.043520656433047,47.71017566067204],[6.046077714149473,47.69691405806694],[6.047774294415766,47.69392825913637],[6.057078990547576,47.68686708220847],[6.068393102811148,47.68233608856728],[6.080731963575539,47.67480611987187],[6.083312504872141,47.66981569851473],[6.090888458667197,47.66196272053817],[6.092957695564169,47.64880532195421],[6.096980454805306,47.63909606861396],[6.099423167398257,47.63570903827493],[6.127638804641524,47.62165777035147],[6.157210990297421,47.61675945825206],[6.164167980753608,47.617626368107274],[6.167220239254545,47.61904604290068],[6.170155668082902,47.62173599670465],[6.173786481726306,47.63143152379877],[6.177276240303942,47.63628192098185],[6.185509061369932,47.64218849285958],[6.190064249034712,47.64698612967671],[6.197231160710606,47.650746303180775],[6.205616361054951,47.65728277818279],[6.220313400420308,47.66322459666426],[6.225903303179718,47.66847084195166],[6.229844712743283,47.67036873862698],[6.24272142401971,47.67236559157539],[6.255355180118595,47.67851802705139],[6.267084454105979,47.67934782945704],[6.27857973692421,47.68276496496385],[6.28401742858594,47.68325785769332],[6.29417340933777,47.68231593835826],[6.299415014649004,47.680024624692706],[6.306625863252834,47.67362159535528],[6.314339301875679,47.67182696960085],[6.329965520687789,47.67444027232291],[6.343216930748961,47.67515491633545],[6.35606593721436,47.68153202553418],[6.364647694152351,47.682564897038915],[6.369776891837448,47.68207261475387],[6.383053377714391,47.677969339532375],[6.389643760127138,47.67733719767653],[6.394400268447597,47.677797880913204],[6.421536654555777,47.684855713555315],[6.428005875641981,47.68575893483872],[6.448966047596279,47.68457880995636],[6.465826888745982,47.684906082270295],[6.499218443785334,47.68259993000334],[6.522907808266079,47.68701861584195],[6.557498456032281,47.69069466894602],[6.595136165813787,47.70067162568678],[6.600719651202464,47.70105672552786],[6.619428704921313,47.69837397648138],[6.643351916310735,47.703003966948614],[6.65803243490571,47.70413234427399],[6.669402680082821,47.707821983811954],[6.675414856322369,47.70867746661687],[6.68181904172915,47.7079255237898],[6.706348553374696,47.70197979518783],[6.743435877886506,47.689836365791045],[6.748965319374434,47.69011102277526],[6.75831679333881,47.692049219321554],[6.772689485022967,47.69212210968002],[6.831262805046613,47.67281144897646],[6.834217138107877,47.67083316670991],[6.836155973386958,47.66815242961237],[6.857274199292742,47.62651228432095],[6.8612938084222,47.62301660846052],[6.868667710186289,47.62045382656868],[6.932913140606455,47.621597035287714],[6.9548631824131,47.618680070648914],[6.979979181974899,47.60977348405014],[6.988680262080952,47.60930814419348],[7.012271323318938,47.61232836066585],[7.01651034715578,47.613514666098425],[7.049423485307682,47.62980454352912],[7.053299834532055,47.63094255610012],[7.079745432501144,47.6313254104643],[7.085064464396874,47.630639554203455],[7.09434716561316,47.62665119855996],[7.100200619085173,47.62551443547852],[7.134561599450011,47.62815497517084],[7.139450638642434,47.62694177682935],[7.150429663719098,47.6211482716966],[7.155167177661801,47.61988633384797],[7.175358621172253,47.62092056052951],[7.196693267452431,47.616650357857644],[7.200286205649288,47.61659003763949],[7.205653965218809,47.61771681266149],[7.229892176618717,47.62786173533114],[7.236482612822479,47.628011656053566],[7.248802282511204,47.62550312324534],[7.25370842314657,47.62637572633192],[7.257758307837938,47.62879331403474],[7.260914907024052,47.63209498154011],[7.263385703368584,47.63634681176713],[7.263132797128093,47.64427267299398],[7.264117176258257,47.654634471689434],[7.267373946752803,47.67354463380651],[7.26889901579168,47.676842643004015],[7.284366196685871,47.691089644879355],[7.287982585675295,47.69283041229267],[7.299434360609622,47.69557559470756],[7.304028436910598,47.698167935424586],[7.310184387334201,47.7053424892076],[7.314539247644817,47.72025802668652],[7.315638290545879,47.72189959736557],[7.328303639525153,47.73490955736561],[7.344862170727575,47.74290794911948]]}},{"type":"Feature","properties":{"name":"Paris-St-Lazare - Le Havre","codes":"340000"},"geometry":{"type":"LineString","coordinates":[[2.325697802134842,48.876848759829436],[2.315083214280125,48.887513127414046],[2.278793017729582,48.908844466161895],[2.269683325850416,48.912717791817],[2.261636809713358,48.91393541021511],[2.253517790589332,48.9136232737207],[2.231189735671983,48.90713286611236],[2.224955102750921,48.90638576377348],[2.216126554419505,48.90698946984804],[2.207692837986263,48.90954868648843],[2.177910190544786,48.92428094336079],[2.1303302957861,48.95506863967061],[2.12474482314374,48.957554078420856],[2.117889310300023,48.95904829534775],[2.1106309425759,48.959306104074976],[2.090235568440855,48.95486693955695],[2.029215266478138,48.92839509510374],[2.020162306812601,48.92748631469285],[2.012422235454754,48.928838811658636],[2.004853076740007,48.93218194041494],[2.000707822848181,48.93625757022217],[1.993287521657559,48.97054275209155],[1.989575704248191,48.976516756388705],[1.980466099583899,48.98306809029208],[1.972029177551457,48.98747762399591],[1.964873204341663,48.990052658650335],[1.941911554632289,48.99597301361564],[1.931378073021957,48.99679460016017],[1.921901493170612,48.9950614990646],[1.833686837292931,48.96751379327528],[1.822253808088754,48.96488224190232],[1.811318785333128,48.96344493551195],[1.800404161134765,48.96303176150318],[1.763099498514383,48.96421405159847],[1.751089106962973,48.96650774988343],[1.741990785970896,48.97011617367961],[1.727769136352997,48.978832796626385],[1.695283869691367,48.992393642137436],[1.681568901124411,48.99440419328071],[1.638518519394482,48.99570255783656],[1.62680870197359,48.99865537886646],[1.620283546841195,49.00290854855142],[1.614628687840234,49.008841607168094],[1.593055377236636,49.03561982922757],[1.589207780871597,49.03805691836743],[1.581469011728276,49.038728221530796],[1.569371299876696,49.03403894217473],[1.560851917233308,49.033000387591215],[1.552651863065099,49.03359168647451],[1.541860408029477,49.03717910218917],[1.536688597869112,49.04041298314762],[1.532874086529751,49.04413507147247],[1.529173264993273,49.049921039495985],[1.523303521806878,49.062854462706376],[1.51626558145063,49.07131453009502],[1.50726384372139,49.07900615991315],[1.495426687011787,49.085600102111925],[1.479208341721458,49.0907121927679],[1.463155083171392,49.10167520053261],[1.417018186761377,49.14184875204887],[1.409257245607791,49.149501290532804],[1.403686352455512,49.15355183173421],[1.343033387714538,49.179140785410915],[1.338146328704355,49.18287486676278],[1.333200169667877,49.18939556204144],[1.315044572685932,49.205207054399594],[1.309895860681398,49.20691819898313],[1.304995964905041,49.20708884135572],[1.300714714118651,49.20630011837321],[1.29228645629135,49.20302979112603],[1.283926731121313,49.20137410165471],[1.271466598795035,49.200542494012524],[1.263174435920705,49.20098959878478],[1.246970260940427,49.20450887464965],[1.239216027394006,49.20805927779878],[1.233167045928174,49.21204748191337],[1.227617649022807,49.217774769602656],[1.223730301653162,49.2286524851939],[1.224370614128008,49.23372887113144],[1.233651821069188,49.2577783483385],[1.233199927653487,49.26396987640752],[1.231161707785243,49.26760316132702],[1.201562505540521,49.3053603705225],[1.197055593836489,49.31099861251349],[1.193804945143456,49.313741524199415],[1.186394168614117,49.316719811837125],[1.179535518564763,49.317531413960246],[1.114158877555587,49.31558433051257],[1.109943327332784,49.31636789927767],[1.106696027727294,49.31801134411583],[1.104235060326251,49.32120101416081],[1.102112243690612,49.34175120954556],[1.109355403046681,49.371500729254564],[1.109737105216651,49.37564491278282],[1.101521150237717,49.418944589363925],[1.1038323757751,49.422952391615844],[1.12133923401119,49.43492434650404],[1.121801219536416,49.43719690679223],[1.12056809899706,49.44000283900318],[1.116172964040751,49.44317003404556],[1.098516231097282,49.44860459599957],[1.064677984504962,49.452046843124464],[1.059898699542765,49.453896966445825],[1.057409899188086,49.4569085870393],[1.051266256794843,49.47499689948292],[1.050923496936297,49.49023081883635],[1.049581771072436,49.496876407191166],[1.041432088812275,49.5087404225092],[1.038380919739587,49.51672560907778],[1.030185645698573,49.526762280113665],[1.026858012319852,49.528586080928335],[0.999943509757206,49.53843323277795],[0.990496698643239,49.540981633250624],[0.982276851942051,49.54460996014177],[0.961114532871511,49.54619695726533],[0.95529994606246,49.54810832161256],[0.953078903638696,49.54997917633985],[0.951735865372215,49.55249031467599],[0.95044827071412,49.565029663393645],[0.949506142982485,49.56752055732155],[0.941958599688044,49.573152174886324],[0.936201422827103,49.579577477454265],[0.926361754223285,49.584396426551784],[0.917042071748011,49.58657297438729],[0.901018966875031,49.59380841028125],[0.890069402217949,49.609333067155255],[0.879961311619321,49.61571592530837],[0.86964026640433,49.62765924416953],[0.865864935987599,49.630805921570044],[0.856955949361317,49.63546488411531],[0.851879527462203,49.63644443621894],[0.84191092327093,49.63631277821587],[0.796907257667437,49.63121069625424],[0.774544296561853,49.62505293822828],[0.763878962246538,49.623185948434795],[0.708717957692559,49.61956162253371],[0.682859837854269,49.61518959831143],[0.629876295360568,49.612298523107754],[0.572516797601962,49.60526224202772],[0.558698194030181,49.602765781840745],[0.520980559828587,49.59388738883318],[0.48611826877947,49.59158910174441],[0.481135536388241,49.59199805919719],[0.465677629505097,49.59681657379387],[0.457035273300806,49.60466062961381],[0.450069827959763,49.60697157927001],[0.445908859687867,49.60706912131269],[0.416501636692266,49.60340082085725],[0.409467212536854,49.60113917862392],[0.401727039355367,49.596444647872595],[0.396166393857876,49.594321547595804],[0.389088433466941,49.592956381164534],[0.371409330669398,49.5918290657925],[0.361216043229854,49.58869627646192],[0.343164140660075,49.5742471293828],[0.323791337412028,49.55378922837325],[0.318617903339258,49.551065538833704],[0.306328634855716,49.54696785075025],[0.2987421164896,49.542305445650804],[0.286518741484468,49.536559218889884],[0.280329658029907,49.5350365040133],[0.263280787145157,49.532926683886444],[0.246598048525772,49.52617739526496],[0.222670758392866,49.52207248280707],[0.206570606739128,49.51799392088732],[0.199632281891349,49.51413637236917],[0.191638329781428,49.504558775200415],[0.185292347668572,49.50148138231855],[0.153895055870284,49.49898820679642],[0.12760012627231404,49.4930815263245]]}},{"type":"Feature","properties":{"name":"Paris-Montparnasse - Brest","codes":"420000"},"geometry":{"type":"LineString","coordinates":[[2.319820501309337,48.8406428434467],[2.294889025550807,48.820036596346824],[2.290155663314703,48.81737968462527],[2.284121910687755,48.81533788459139],[2.25336295199925,48.812546436114275],[2.240758378412909,48.814831875744744],[2.224916359047859,48.820440106704645],[2.214191725874269,48.82106988470794],[2.204747939056245,48.81919611918991],[2.199739579576673,48.81691967382324],[2.196857492366533,48.81439090358786],[2.19366623813844,48.80930783596256],[2.190357441135272,48.80580843990757],[2.183074607695156,48.80154533203071],[2.167959437382449,48.80032094691598],[2.151876351387621,48.79634769781962],[2.135675052583685,48.79544883990643],[2.127125489861687,48.792298271443116],[2.116029521628628,48.79297639636772],[2.105467742737456,48.79563423524135],[2.090089370420429,48.7945044963042],[2.085692557600089,48.79527569755213],[2.077571243938416,48.79821945883378],[2.071149584345749,48.798480453710944],[2.063617509418648,48.796694144914085],[2.03281254619775,48.78205460092595],[1.996825326793828,48.77205235473624],[1.974158002949506,48.76299930130654],[1.942707887531197,48.755170420893],[1.935223685794867,48.7524576599506],[1.927201207109307,48.747707924047084],[1.886395788039124,48.71937612263643],[1.861239002124308,48.700367339021724],[1.857302593013185,48.695190507127336],[1.841958361249955,48.651469374729416],[1.839253686826985,48.64851479117101],[1.834141089878155,48.64493899066298],[1.817078936378248,48.63477703824847],[1.81080827662331,48.63252559379696],[1.783410541605256,48.62649467522126],[1.755866618400706,48.62548576049374],[1.751874692138653,48.624746993562155],[1.736024122014456,48.616575707948016],[1.72468780447471,48.61255312457609],[1.710667098403571,48.60990911641251],[1.70595509212554,48.60937988431704],[1.695477785077012,48.61185248816248],[1.690003487265192,48.61141795296205],[1.686385444009928,48.60989129264608],[1.679610291499609,48.60337030766487],[1.668083093866538,48.59548950690586],[1.662482529842252,48.59353128751479],[1.657584687504185,48.59329685163186],[1.631474977876513,48.59677260146037],[1.605520963014344,48.595842115751836],[1.597742179369331,48.59348628729466],[1.59470483425092,48.59059875062169],[1.592674257445189,48.5861776382118],[1.593887098686891,48.57743184453873],[1.592884206911041,48.556325132930745],[1.593794636085372,48.55039748963484],[1.585014892573436,48.53337130086925],[1.574480631520235,48.52314435161211],[1.557454147943165,48.50987477642163],[1.547973523917127,48.50511422965882],[1.544057467297667,48.50176180203452],[1.542312325110661,48.499366617812626],[1.538000100819151,48.48904993461995],[1.534652291460754,48.4856528922216],[1.527832858451206,48.4828617168171],[1.514745091585276,48.483296486844196],[1.509420454604702,48.48218802105051],[1.506227008417227,48.48054508972564],[1.496743946451822,48.47274629846805],[1.486534694119227,48.467399208086576],[1.482458504775236,48.46315445169035],[1.481493432363161,48.46100731706093],[1.481719081923792,48.45850521482798],[1.483977002725615,48.45436198018173],[1.483348144090869,48.450709864131035],[1.478610918733488,48.44655970274878],[1.474080812539248,48.444662897843344],[1.467555264193632,48.44373799865362],[1.457358408619756,48.44420194318215],[1.447137080108664,48.4409992722435],[1.403022287294253,48.43645996910204],[1.279523381015352,48.45611689570627],[1.274537113438259,48.456266545779506],[1.236973037313899,48.45162396792118],[1.230354350804406,48.45184143512616],[1.16270578296083,48.47000264405064],[1.138754752614552,48.47905760984053],[1.115000933378031,48.48167187280152],[1.107704312616756,48.48168392270901],[1.072541694479521,48.48740382415572],[1.026284293226491,48.48181036225872],[1.022036081981863,48.480347631903335],[1.008707967411015,48.47275466476645],[1.004881091505445,48.47134569058889],[0.9515287354004,48.4638392591182],[0.946438017727284,48.46228345673772],[0.942658125142379,48.4595414594386],[0.934228836507556,48.44670960799326],[0.927656167869119,48.442351347412085],[0.920530024668005,48.43601687326678],[0.912426302410074,48.433392718671826],[0.898473282140769,48.43383068436268],[0.892177562104017,48.43268812662749],[0.888105717717474,48.430887878461625],[0.880582622756921,48.42498354475233],[0.872964919088689,48.41337316037222],[0.872818207579674,48.40368498142177],[0.871085335227664,48.399596856991124],[0.867368754083521,48.396171348248885],[0.860160541911608,48.3925843174844],[0.846736323974277,48.381545058854954],[0.845902545487463,48.37899881332176],[0.846138918236063,48.36738178413709],[0.844214261156601,48.36388641130274],[0.835771933479351,48.35167241660967],[0.817609219477482,48.33477691390833],[0.805496848704913,48.32047552816301],[0.762636869243953,48.3016416381476],[0.751568137064964,48.29431978040772],[0.735187120664421,48.28504604120766],[0.7029639015248,48.26988242476236],[0.690861299863663,48.266332210291715],[0.687184893506975,48.264389541881094],[0.671782026672813,48.24726680614832],[0.657742141109368,48.22443644402148],[0.655221933274249,48.21800071008664],[0.642334780834211,48.19865026137281],[0.639216145424533,48.189605142472175],[0.638867041922593,48.183985319079724],[0.637141202234617,48.18120834014046],[0.617423321916478,48.16064986806717],[0.591908809705192,48.14414699866696],[0.577004056397492,48.13845927935843],[0.575059665309937,48.13632612460944],[0.572607429154247,48.13057368697196],[0.572533568196761,48.119554583054345],[0.571531599411553,48.11672260575977],[0.568858560322179,48.11408728738353],[0.540429467754743,48.09475549287089],[0.518350087646188,48.08712068017511],[0.474497788676695,48.068630223911875],[0.456210163854025,48.05634089020276],[0.449994451263941,48.05333829452567],[0.296495681333982,48.008408298875054],[0.26709976383075,48.00681194193552],[0.216153482683544,47.99298763494487],[0.21013667166059,47.99207990844129],[0.20139083849402,47.99305979216018],[0.189509537237533,47.996310247544535],[0.181064581751048,47.99982524162205],[0.177720103054119,48.002523709068484],[0.176344317864992,48.00558462422637],[0.171866845498913,48.029231398835336],[0.169089785154178,48.03817336614333],[0.15069162307998,48.07589565950727],[0.147152254128626,48.079835283255164],[0.142348517138065,48.081650122977514],[0.126730318640386,48.083919303382196],[0.102607848208066,48.09457204572017],[0.086674751318688,48.094430572770534],[0.072355644027593,48.1006033606405],[0.05098558349138,48.10300629944927],[0.035089661707548,48.103782076046556],[0.029906982670451,48.10518980972549],[0.015512396343968,48.11652540365183],[0.010298831561758,48.11952378334688],[-0.027192788959425,48.13283587455047],[-0.048820957783448,48.142602103847935],[-0.059888641995796,48.151711872341394],[-0.061304507025313,48.15552492654654],[-0.061452286008411,48.16380206812264],[-0.063490015863054,48.16633857031944],[-0.07063906946221,48.17152807603354],[-0.077758255126832,48.17442765126396],[-0.086974650358601,48.176434921534906],[-0.095534610276405,48.180594283361394],[-0.111109309193006,48.18250921308807],[-0.129406354953077,48.181606676368055],[-0.148978164547511,48.176804412268055],[-0.163127899132292,48.17475088704266],[-0.166975052578241,48.17306663036885],[-0.178312910525577,48.16529225357265],[-0.182238397910097,48.16344296494825],[-0.194123410558913,48.1622500157424],[-0.20962229897447,48.15796167351435],[-0.224989955075758,48.15247041026608],[-0.240349183640419,48.1497791627212],[-0.280416679712496,48.13499267409519],[-0.290928419641646,48.1339223736247],[-0.307104098751093,48.136136422927656],[-0.312550080520581,48.13603481554361],[-0.317151525177983,48.13448279860221],[-0.325084023185001,48.129219795093995],[-0.330954773828345,48.12760150865887],[-0.335846977000542,48.127437520869826],[-0.341730334228441,48.12861280471975],[-0.354777558360411,48.13844773195093],[-0.360298375936071,48.14092308939645],[-0.378623801860972,48.14331405391318],[-0.38384225377428,48.144831154050756],[-0.388853195003395,48.14768739207073],[-0.400548189364913,48.15892394812706],[-0.404203095109216,48.16052799899361],[-0.408964764109833,48.16106572073201],[-0.474688016157629,48.15801953335415],[-0.499280932546908,48.15067546288814],[-0.518210841668834,48.14914715768601],[-0.538767006725567,48.14517112254727],[-0.567297295829987,48.136243278760304],[-0.573102964089115,48.13322144544788],[-0.586140165542316,48.13077393426095],[-0.605582666040947,48.131163271088774],[-0.620795851504708,48.12917527531752],[-0.629971076188474,48.13168847873244],[-0.636358690686936,48.13191048038074],[-0.655178672877294,48.12521597539562],[-0.670330263940806,48.123562977553775],[-0.678756102117528,48.12163557752851],[-0.688995809651413,48.12094153242076],[-0.702677080439618,48.11534658965374],[-0.712189645118337,48.1102768362815],[-0.718393052061971,48.105550114743586],[-0.732689142411494,48.08928165051328],[-0.738638604277845,48.07995642434325],[-0.742791297109732,48.07750467819148],[-0.751288471893116,48.07605129998035],[-0.774703188729911,48.07684501164186],[-0.794337477833437,48.075089601136014],[-0.802767654940698,48.0760872603239],[-0.819605228479112,48.08098852846421],[-0.846123005675676,48.08693647543485],[-0.859579439312555,48.09355326034415],[-0.873528120238569,48.09737038340445],[-0.881432405854206,48.09741797250637],[-0.899521629277578,48.09408717705617],[-0.909343627897777,48.09322862780308],[-0.931453183716507,48.09568194454859],[-0.939605332230145,48.097854971365216],[-0.95667942008052,48.10478144824297],[-0.968241459839496,48.10739690329932],[-0.972211228120705,48.1093035663473],[-0.983647788510538,48.11823756150746],[-0.991468084965246,48.120503884038655],[-0.998577451390112,48.12011747779777],[-1.030329736649024,48.11281916686945],[-1.060003008679003,48.11445965132869],[-1.079528151855833,48.111921029552406],[-1.126462292216858,48.11208210884815],[-1.13390323328267,48.11383082192291],[-1.145403284326224,48.11994296313643],[-1.154249676554165,48.12183767264342],[-1.17114424698095,48.12471274298792],[-1.183498469704744,48.12425547831373],[-1.196776641997322,48.12567545595554],[-1.206470484399569,48.12283810075823],[-1.220668700090315,48.121758936463685],[-1.228280179872802,48.11617469509358],[-1.231183432944043,48.114871421675716],[-1.24065832872476,48.113610896416716],[-1.244869600125088,48.112142197178635],[-1.24805610068197,48.109684042820206],[-1.252908912764518,48.103659235172486],[-1.256166057990977,48.10145483170791],[-1.261071646745216,48.099746589786776],[-1.266973367607704,48.099310544836946],[-1.272046392433641,48.100469342829676],[-1.280354699553092,48.10625694838654],[-1.288541149302655,48.108789995379595],[-1.293661568667955,48.111613898470196],[-1.302345634929421,48.11349501251974],[-1.31284938274349,48.112589444020365],[-1.321567596881132,48.109293386986074],[-1.340357273540381,48.104993250317534],[-1.347019042088868,48.105876518383155],[-1.355186350938679,48.11045842502516],[-1.361676194836186,48.112031476869994],[-1.367990200361008,48.11131854577271],[-1.376455227507171,48.10699514986167],[-1.383331609682559,48.10550567298949],[-1.400152172200895,48.10676010989615],[-1.414811635208889,48.105065388223345],[-1.443680228847307,48.105459381689535],[-1.451041552248344,48.10719143770498],[-1.460925764866554,48.11187253380173],[-1.464258005495456,48.11231711631689],[-1.483223012199341,48.111231219324345],[-1.498082763371809,48.11669495789747],[-1.537470881311501,48.11958948251934],[-1.554568667577966,48.11786895481414],[-1.568469204824297,48.12054696711004],[-1.586648343943094,48.117453925857],[-1.598995724632996,48.113131625269105],[-1.617145923879567,48.11008716432165],[-1.640755032102956,48.106353880473016],[-1.649225798172784,48.10626738977595],[-1.689983510995768,48.101064650658316],[-1.693769790976588,48.101494454008126],[-1.697168560043563,48.10287038956027],[-1.699570578092934,48.10493501089546],[-1.702456995460573,48.109431047789464],[-1.707378329106533,48.11200119636352],[-1.712516944747769,48.11242760657238],[-1.744303382858901,48.109258257131536],[-1.753238596199689,48.109608028142766],[-1.78642681890195,48.116793542244025],[-1.797818752960131,48.12124087984866],[-1.816745260443937,48.1229495392476],[-1.845578001831623,48.12759342192634],[-1.875700018134172,48.13949241004172],[-1.880552079664892,48.14067758557073],[-1.899229048056889,48.14040727289652],[-1.916194384433041,48.13479791809245],[-1.940496321857279,48.13564657014987],[-1.945913101852154,48.137387257779345],[-1.954880542118591,48.14235822776228],[-1.964733137598347,48.14489547016715],[-1.97140866013363,48.14979925105987],[-1.981392831548605,48.15357032880908],[-2.000271445028941,48.170483022512286],[-2.003959364442524,48.17281650517379],[-2.017052135143118,48.17651270949675],[-2.026851228619206,48.17650603841231],[-2.033290607238435,48.17789131841381],[-2.03756587300451,48.180592360321455],[-2.041502543117925,48.18603734677873],[-2.044205452090259,48.18794115562176],[-2.059134198656529,48.19175975693806],[-2.068762470511138,48.19686552477885],[-2.117735373531903,48.216908502508076],[-2.122142668998581,48.22080215304136],[-2.128502513042697,48.23031890110786],[-2.139229060907964,48.23829661506152],[-2.142389890864028,48.24482495780865],[-2.146822322371238,48.25085282452937],[-2.151618080508227,48.260321758629374],[-2.154447060135671,48.26879817146045],[-2.155612584200425,48.27638017636699],[-2.15491295660251,48.28311083196879],[-2.159512204547223,48.289353463875216],[-2.167611617984869,48.29623016334516],[-2.195731719723178,48.315936349770496],[-2.210097779840497,48.32769476084615],[-2.214871945792889,48.32951233038488],[-2.247741667714473,48.33573399849234],[-2.284739303183572,48.351646392183895],[-2.306721281199788,48.35446185104318],[-2.31996840851117,48.3625443312067],[-2.325655161297171,48.368604056740146],[-2.329042731095295,48.37059951801992],[-2.366038383566706,48.379573649338866],[-2.369898007735373,48.38277040394663],[-2.371488114259486,48.389775620478304],[-2.374460459755482,48.39345751654386],[-2.413773471370522,48.41381449267535],[-2.457263693932711,48.43211003655179],[-2.466076336083289,48.438807109532526],[-2.469279267881243,48.447568432120455],[-2.471921406325908,48.4506985837684],[-2.499089074306115,48.46563571956865],[-2.502792649629612,48.46623046323644],[-2.528150564851658,48.46532590996695],[-2.581349507443762,48.45800562744521],[-2.599916999762191,48.459680392943405],[-2.616710622700289,48.4642438125406],[-2.674926011590467,48.474019250188576],[-2.686225020973286,48.47861364124507],[-2.699583303169991,48.478682668864806],[-2.711993691461189,48.48458232845748],[-2.72047718686524,48.48657011517138],[-2.730727343747863,48.4931142632924],[-2.752856351739827,48.50528020025079],[-2.784869415989603,48.50972619775191],[-2.792970856350657,48.50901274039369],[-2.802548069301998,48.50579813353388],[-2.821087667626422,48.49468549941472],[-2.830751040496132,48.49448470068612],[-2.838389970219997,48.49662267036027],[-2.847721877320573,48.50136234354532],[-2.860257557012668,48.503448837568634],[-2.869436786965812,48.50695865576247],[-2.885923509884264,48.50704509576557],[-2.90356775059422,48.51154868665002],[-2.915555570202496,48.5169445381207],[-2.929016589372572,48.517821012188634],[-2.946524200059574,48.52102186068825],[-2.950803545873626,48.522802236652865],[-2.966195575631918,48.53217365181443],[-2.970196527374179,48.53311967757824],[-2.984849864724968,48.53373639297988],[-2.99968778364084,48.53926938797681],[-3.12220000540565,48.55741592443293],[-3.13252077622009,48.557208597480574],[-3.15984172540385,48.55284116009625],[-3.164441221770928,48.55300348858997],[-3.176147593388496,48.557764048082845],[-3.177719684591179,48.559934350688614],[-3.179671985681276,48.56575842304767],[-3.182621620358633,48.568336496415746],[-3.185687839068341,48.56960683788185],[-3.190646500772409,48.57007627659146],[-3.204419661416512,48.56881788481804],[-3.22344710489417,48.57322559602445],[-3.237391006321484,48.57285361663276],[-3.254765466060578,48.57393808813174],[-3.268841615435887,48.57803979453938],[-3.288327607448144,48.58993245392561],[-3.29909551377966,48.59390933759643],[-3.319084351651546,48.593404307432515],[-3.357097418088472,48.59513569225958],[-3.36135543034076,48.59649215854753],[-3.366081675836419,48.59957054551783],[-3.373940154133508,48.60157266631001],[-3.380413559855894,48.60421445079628],[-3.400267321416574,48.60583583734585],[-3.420206399133436,48.60487989403527],[-3.43885551347202,48.60928370925634],[-3.448024621096892,48.60885495614816],[-3.460247376380995,48.60596399220394],[-3.483193922653263,48.607045464644365],[-3.496105066438487,48.601091346392806],[-3.506007208690406,48.59548344855038],[-3.552604458460468,48.58608622715107],[-3.586586535069362,48.57628454380353],[-3.594130989723769,48.576025641750306],[-3.606988363106236,48.57949137460934],[-3.628901721341184,48.57748170231295],[-3.632861056961914,48.57571849299835],[-3.635006569239351,48.573499668242206],[-3.638307798429722,48.5628974678926],[-3.645355201580699,48.55528087083586],[-3.64848676811764,48.54610974018372],[-3.652064939314336,48.543604536194],[-3.657744988365999,48.54230922003916],[-3.664889669339797,48.542182202353985],[-3.671020173891282,48.54371393109956],[-3.694293921869739,48.56052373381197],[-3.699707271238955,48.56278000086182],[-3.744501024914561,48.57022297769338],[-3.759039149270915,48.569706035184325],[-3.798842362086327,48.5728635956379],[-3.818081262367953,48.579507642476635],[-3.82573698829724,48.5797874569365],[-3.838039046638579,48.576491621895876],[-3.841852557845644,48.57435241871974],[-3.866621171600167,48.54120917022925],[-3.868338444042881,48.535151726451595],[-3.86625771414831,48.525100190662975],[-3.866944348328921,48.52176510121216],[-3.868510623886558,48.51897099419303],[-3.895144109672674,48.4984202142538],[-3.900727044820613,48.49586170451162],[-3.918134596858132,48.495440069867385],[-3.931082466862814,48.497400254671255],[-3.943351907478744,48.49657057790894],[-3.94615534657364,48.49554066030615],[-3.964221156522099,48.484218188525226],[-3.967473434429682,48.48306138915088],[-3.972315155238981,48.48263082556715],[-3.983480929794379,48.48553864454081],[-3.997217540972377,48.485096668607085],[-4.002146511008656,48.48579969207736],[-4.014166878415117,48.49294841633536],[-4.0159291735012,48.49532115360941],[-4.017007273942267,48.498745786342575],[-4.01901679885764,48.500555291249064],[-4.029897640007395,48.50321025106208],[-4.03653545229062,48.50354090560439],[-4.042687640769183,48.50250228261342],[-4.056919526044135,48.496992704266134],[-4.071458361251645,48.49740310874973],[-4.083953471294252,48.49576527353482],[-4.095464415352125,48.49762237210217],[-4.104768221478975,48.49433038375022],[-4.114342199408353,48.49331870506633],[-4.12150793326791,48.490059359655326],[-4.145556262026514,48.485310865268936],[-4.150255982518932,48.48516443414873],[-4.158572857405557,48.48761110104281],[-4.168689812808729,48.48615059454377],[-4.173947170089703,48.4843320735215],[-4.181022398800152,48.47941115600054],[-4.210075694157172,48.472731742373824],[-4.214110176101829,48.46935286282322],[-4.220271210035902,48.46663508610199],[-4.23786029352346,48.45644636679329],[-4.248889514512154,48.45617158539327],[-4.2649648186288,48.450941813193765],[-4.279725027484377,48.44270716222461],[-4.284916883667245,48.43867109349486],[-4.29483965431054,48.4337165722159],[-4.300993593106415,48.42896404595466],[-4.309857226315638,48.425081230016744],[-4.314647042918636,48.42164685543706],[-4.330743021721392,48.4174978283024],[-4.339042129884914,48.414716477577024],[-4.345973779528215,48.411327775739565],[-4.350021848921191,48.41055092642903],[-4.359136601463663,48.41122973902602],[-4.372612188877333,48.41042363451874],[-4.379590995131195,48.4108641194663],[-4.386898543305144,48.4098671280749],[-4.392666488486135,48.40800093124311],[-4.399445483215574,48.40359212011394],[-4.412468648092369,48.3989430275187],[-4.430052064337972,48.39831859641088],[-4.439863888876853,48.395010243524645],[-4.449417707380827,48.39418739208596],[-4.463005952559842,48.38939964797527],[-4.471612148123326,48.38937494679549],[-4.477370553785519,48.38831053291037]]}},{"type":"Feature","properties":{"name":"Les Aubrais (Orleans) - Montauban (POLT, Paris-Toulouse)","codes":"590000"},"geometry":{"type":"LineString","coordinates":[[1.901917061720401,47.93682706147703],[1.907044765372027,47.92535085553338],[1.90682065549426,47.92048011317869],[1.907634247077697,47.91818323669289],[1.915656847212566,47.91187932370403],[1.928748293145484,47.877745181229045],[1.944395525984881,47.84982913197393],[1.948160522995362,47.837475601194626],[1.94845753501533,47.824300968712556],[1.930462987336574,47.72999312836401],[1.931437687600458,47.7233544548953],[1.938162644596293,47.7016792459509],[1.943007176827535,47.693320456148356],[2.01731786581294,47.611080788494775],[2.019626253062321,47.60571388848309],[2.029872585728654,47.55904286289794],[2.042219423105941,47.44978092039121],[2.050071493817855,47.41350147607319],[2.051017481669683,47.40421659831438],[2.041232227433765,47.27193502053082],[2.040868048280997,47.26312200906668],[2.042164864240633,47.2547170567113],[2.045864192233338,47.244515339667366],[2.047785318336454,47.23629137842037],[2.052508997564367,47.22978362751689],[2.056298123972632,47.22764552954037],[2.068433085542087,47.22493581472584],[2.076242080489084,47.22192226970022],[2.084927206468256,47.221115678493206],[2.090093424565916,47.21956708825619],[2.092998412764474,47.217566745963985],[2.099773581507578,47.20908551597655],[2.100662638624441,47.20683860128581],[2.100537598984125,47.20423286124652],[2.099249726376933,47.201659473362184],[2.095940124556398,47.19888889923386],[2.07664397131272,47.19176426453577],[2.071596251239562,47.18895618036348],[2.066106280359091,47.184168980183564],[2.063577959432645,47.17993866035512],[2.056465352370563,47.16002814297193],[2.045044337690686,47.13370046443636],[2.045583233817141,47.12807316017032],[2.049957829980234,47.120115196479325],[2.050973417163393,47.115347435436604],[2.049836376922537,47.109059528006505],[2.046803712357819,47.102850635351295],[2.046210772004935,47.0965355916812],[2.048421423336075,47.07533581664706],[2.039443365580447,47.058216031491305],[2.034269973078996,47.049969560725174],[2.033334330992707,47.04615190407566],[2.034428639895839,47.03981132812329],[2.042084014483765,47.02989221951831],[2.04233927887899,47.02576577491044],[2.040931573345051,47.02319052321965],[2.034505855936998,47.016787194208376],[2.030476449691897,47.0035332193953],[2.029064927431913,47.00123384188837],[2.018453733618712,46.98746628367629],[2.010591392765457,46.981214908940494],[2.005685011889643,46.97600604775538],[2.001349946263485,46.9686169079984],[1.989074803491736,46.95460321216752],[1.980211291235232,46.9407918629296],[1.966301919508477,46.93410500205833],[1.955702906601453,46.92645251617651],[1.941798106190462,46.91857150661218],[1.922587079684153,46.913187198216164],[1.911193871202172,46.90501820353012],[1.897171602989968,46.89727252797873],[1.875671349602058,46.89020962208788],[1.842654875216347,46.871123936023665],[1.774671221040596,46.84211565387533],[1.741754763147716,46.82681909105989],[1.658709899613591,46.79255881978912],[1.651518354479011,46.78845814665429],[1.631769472157889,46.77464076861618],[1.608455718449019,46.76483769111665],[1.604857156557522,46.76235630600022],[1.598244585221873,46.75568836444792],[1.592627746225996,46.740428815794495],[1.584435012947555,46.725784528405626],[1.558071579746481,46.68774541888515],[1.541373541621353,46.6687338557859],[1.531190797925869,46.6621582108813],[1.523131996286688,46.65889102556362],[1.519845297261733,46.655874307721675],[1.509787475331962,46.62903793359365],[1.506171834907146,46.62516441941996],[1.49815329973139,46.61986037017554],[1.496281434353147,46.616743094915584],[1.4964178890544,46.61263439706613],[1.498300202407227,46.60499826385113],[1.500100302191539,46.602402491877235],[1.504112031429681,46.59970936247438],[1.515597032171745,46.59491108216052],[1.523280529920529,46.58736353004282],[1.527123723252322,46.57470477890002],[1.52596080702237,46.56935727404864],[1.527052660707039,46.56113455110662],[1.529949662676235,46.557203306994225],[1.539679629672149,46.551773568335264],[1.541489119854356,46.54911417008651],[1.541967335200114,46.546201100556864],[1.540959551594586,46.5432690897772],[1.53336718619957,46.53137698320406],[1.529132766208735,46.52858489970544],[1.51795990345491,46.52578127642401],[1.503448862615124,46.5172692580908],[1.500495816484852,46.51461804207723],[1.4990425975818,46.50909111328819],[1.501097775811935,46.5050916840456],[1.505186419275446,46.502254112308286],[1.514042172984061,46.50012885786651],[1.531493588247723,46.49400309399606],[1.535000716458806,46.49203038472102],[1.53678838419901,46.49006356017313],[1.539289029635591,46.48531383763714],[1.539768234931598,46.48230178640852],[1.538320794996588,46.47887263997443],[1.533337292759651,46.47387639756968],[1.532318718463358,46.470822683000684],[1.532617102017372,46.46826054689425],[1.535810469319798,46.46384868159702],[1.543628263632447,46.46012207233754],[1.549342145717767,46.45433173973895],[1.551840162917081,46.44678015199169],[1.552284760398077,46.437651645038734],[1.553707842335806,46.43476624593177],[1.55741319336317,46.43057631625206],[1.558226083323351,46.427880396604564],[1.55799660070041,46.4253369960531],[1.555467313476308,46.42184019493069],[1.549184698604106,46.417319803271745],[1.547490086002965,46.41455260700977],[1.547182930272516,46.4089469427114],[1.544885925893146,46.4037905713341],[1.54452248880151,46.40092067241719],[1.545320812953906,46.39835088195426],[1.548611159003354,46.393832465612945],[1.549037887710555,46.390216467403924],[1.547281896578967,46.386577225801254],[1.539978268443045,46.379238276095464],[1.537263213421395,46.37048352317012],[1.537608643682762,46.36737145767224],[1.540441846392149,46.362855300913644],[1.541077766183231,46.35995207879619],[1.540669018975756,46.35776135627425],[1.536447540582961,46.351994983616144],[1.535228113942742,46.3481764009084],[1.535577743927956,46.34490658928855],[1.538411414257837,46.33905709798152],[1.537821370217753,46.33471009076759],[1.531073168373262,46.327900642495976],[1.521663154741807,46.31471371869793],[1.507604089307923,46.30874709490071],[1.505352000117116,46.30626641087112],[1.503346779514521,46.30080915256593],[1.501893684729686,46.29899902356152],[1.499001844605213,46.29694111440398],[1.490626222612632,46.29438453054707],[1.48766835352132,46.29268049994763],[1.48310350005669,46.287365031278945],[1.47528034470054,46.28208718771097],[1.473539080220287,46.27897969625542],[1.474278130975752,46.271624815981944],[1.47394160340734,46.26328838905147],[1.474840923018997,46.25918182218702],[1.477362329469222,46.254820807371104],[1.486674385848528,46.2463180570315],[1.494208480736354,46.23741066530488],[1.495875285348325,46.2341501276471],[1.496372297840081,46.23107200709059],[1.495471217732232,46.2267241600528],[1.493368573020538,46.22436915016805],[1.483795599119031,46.21728830905026],[1.475509804497515,46.20123802168775],[1.473122912245363,46.19840500142093],[1.453513486868926,46.18301452561862],[1.436598476188678,46.174277488463744],[1.422197681728648,46.16359234248323],[1.420749766724917,46.16103156826301],[1.418116401137381,46.151187211363805],[1.419477587419623,46.14722438827668],[1.431723768610749,46.13662127878089],[1.434379361765886,46.13145825466783],[1.433732759181402,46.12667574487499],[1.429525083350446,46.1194532822657],[1.428680603985582,46.11645119231273],[1.431068993114116,46.108704438406996],[1.435133693894724,46.102211643892744],[1.435670796310177,46.09928387676136],[1.435268675454994,46.096380002872955],[1.432678499131713,46.090468631325955],[1.43198909703236,46.08164568917687],[1.430026654277053,46.07540783379208],[1.430725662398145,46.07189163582562],[1.434253110243991,46.068247738648694],[1.453579141558733,46.05741921110171],[1.469956566490746,46.05174844621979],[1.475825986901602,46.04681615530482],[1.486285637999114,46.044723359622964],[1.489680438804304,46.04240947443772],[1.498795605224289,46.03141332307394],[1.500650660225099,46.02735867267063],[1.499594641390988,46.0228867674271],[1.4947292859865,46.01774099357881],[1.493621469935563,46.015178807892894],[1.493323570562078,46.01283041547443],[1.494610975524798,46.00542395769026],[1.49157482845457,46.00061684938577],[1.475895794834046,45.99198027447543],[1.471487887214704,45.988472860208056],[1.467762999884286,45.98362528305198],[1.463302291316968,45.974349068125214],[1.457038004329848,45.968519793310506],[1.450971467718215,45.96576216505882],[1.411782682755953,45.95499334203284],[1.399149010531827,45.948684573553265],[1.39296220585775,45.94207945812563],[1.379328484951589,45.907664409404006],[1.375563841001001,45.90252864607923],[1.349946595919239,45.88708734180615],[1.343369677224323,45.884489882107445],[1.331045400787765,45.881807323545054],[1.327431316504717,45.880278385182926],[1.320353010424229,45.874015708126976],[1.31948985530417,45.87193845620311],[1.319087290660171,45.866409345665915],[1.317246543269167,45.86343878995666],[1.305008127470879,45.85411075026647],[1.2909955572556,45.847153231144134],[1.283738036885487,45.84551612223602],[1.272760563908316,45.84067388681255],[1.269196799982566,45.83767613838942],[1.257897605539019,45.822983661620505],[1.258448519880604,45.82057724528231],[1.263427698728291,45.81509142556937],[1.263546987198748,45.812733965432535],[1.262587533561581,45.810951705745396],[1.25719253961466,45.80671018856386],[1.24764352120039,45.803634931356775],[1.245762607760134,45.80175930354828],[1.24504848110684,45.79938100651203],[1.245539845725976,45.797053011910954],[1.247691789386179,45.79464823192401],[1.260057326697039,45.78919774855465],[1.265343095764035,45.785736238173065],[1.267030223840713,45.78372638504232],[1.27098751221637,45.772830345173695],[1.270670768308443,45.77010784369664],[1.267339494408931,45.76517068287831],[1.26764398440416,45.76294622898398],[1.26871680728524,45.761579708849126],[1.272423338049698,45.75985326762599],[1.28009659432387,45.75960756716278],[1.286437589876249,45.755790367075186],[1.29269573213999,45.75389686028138],[1.297949514807032,45.75093052975723],[1.304723437218696,45.75092998462725],[1.308697053311595,45.749253738107626],[1.309778100018025,45.747810204651316],[1.31029872317721,45.7435951326535],[1.31371411276997,45.73960447770156],[1.314891364856245,45.73498579404632],[1.317299987360297,45.73322274130773],[1.323791950897695,45.730928642274336],[1.329366768564337,45.72354703581378],[1.33170253782279,45.7170720225322],[1.330445056066201,45.71283202026198],[1.330770403845021,45.71063540935159],[1.339489971003735,45.70343403562107],[1.34972780494349,45.69828738369553],[1.362289791091163,45.69520668007615],[1.368377007136098,45.69458487049109],[1.377043961032928,45.689122454634315],[1.382707299989962,45.68758937119308],[1.387282518953239,45.6848916307377],[1.399284908767989,45.68092832727725],[1.405370214217317,45.67444205984832],[1.416461345591282,45.66993517202319],[1.434419901337637,45.65454027760034],[1.438551498482217,45.644080055848804],[1.438899689961351,45.64010824119288],[1.443510222412692,45.62944499022085],[1.446130297293354,45.62534326110894],[1.449807184265527,45.62374493845954],[1.456315835447734,45.62381863967699],[1.458268548381267,45.62311986345905],[1.464647470638475,45.61705173649015],[1.476205463778275,45.61327245336113],[1.482535166652982,45.606951065135036],[1.49237799462382,45.60355678700188],[1.504116525595992,45.59593396162701],[1.511804951410994,45.592548585718475],[1.516815433769087,45.587154914911096],[1.525687943419975,45.5856462618445],[1.528862808133447,45.58372324636893],[1.531255688431722,45.57907579209588],[1.538029372629273,45.57443800945064],[1.542069158849973,45.56991432033943],[1.546571622692333,45.56699813051365],[1.547750177405816,45.56531703459104],[1.547278547089909,45.56273883318526],[1.540459837419508,45.54762073777835],[1.539666890413063,45.54135327176644],[1.541857923221582,45.53565364093399],[1.551554799696814,45.51856341266144],[1.551652122166135,45.510532806353424],[1.553460330925315,45.50487543323835],[1.558109385612946,45.50084041390705],[1.569705036534649,45.49538697808296],[1.570994244882154,45.492593824426265],[1.567411251575106,45.48645804621755],[1.568030903272119,45.484611853747204],[1.571416514887243,45.480586106568865],[1.571253377072319,45.478515747364945],[1.569419881493127,45.475974480930816],[1.568894390798717,45.47330103841176],[1.572605402325248,45.45936208519262],[1.569866850388352,45.454035277357875],[1.572216088183993,45.44834073300633],[1.569209564618794,45.43693715525229],[1.565811855165663,45.43459400380896],[1.55133962848443,45.43048677544513],[1.546131695123098,45.42610367438719],[1.539381953587311,45.42329398056396],[1.530264836860743,45.41724961328743],[1.527262204282798,45.410069960283366],[1.527760286285622,45.404372201235084],[1.523329473566736,45.39872006657059],[1.522696169185003,45.390940305081074],[1.519359601227037,45.38546022250132],[1.513431664524609,45.38103042491881],[1.511075918103904,45.369499918735094],[1.503280955350863,45.363423482775175],[1.502600630528071,45.35709469637036],[1.498889594077989,45.34780611630653],[1.496302051854021,45.344599718136806],[1.495105701757771,45.341042218617304],[1.489547548390687,45.335086120650445],[1.481896620534393,45.330799309326885],[1.475929037260255,45.32168061280756],[1.467568422275367,45.31500216308163],[1.466151983636619,45.31202409776667],[1.470098562352213,45.29656659079703],[1.469017145849632,45.286662125325066],[1.464749171564036,45.2809666433143],[1.464667176033483,45.27298902589953],[1.469565375464978,45.2659238996312],[1.474444850399453,45.256231075027976],[1.480584950462737,45.25135466534957],[1.4837726853447,45.24471289617692],[1.486822660749503,45.242616147929176],[1.493273512797862,45.240289088721426],[1.501504819892207,45.234017101607236],[1.503034533640167,45.231397208041685],[1.500699968324378,45.22071918949009],[1.498652161905002,45.21724023822987],[1.493553046221663,45.212158660012065],[1.492527555515745,45.2096280604265],[1.496161377272013,45.190750091399515],[1.494269242581545,45.17775426358592],[1.49270040628562,45.175039349509944],[1.488646731621284,45.171177345279595],[1.483748720830938,45.16014453856826],[1.483943705934932,45.15789079982703],[1.485905996067416,45.1554322620142],[1.490553256331255,45.15345974570424],[1.507787157914193,45.150685682724905],[1.513976265029046,45.15074147424091],[1.521744804276611,45.1534108961623],[1.525749464210908,45.15325657848279],[1.53416221259404,45.149575767301926],[1.535980809270566,45.14782454056904],[1.536600439494722,45.14545008701983],[1.53568357939675,45.14342627447994],[1.519451469572417,45.132445593250644],[1.518082631717097,45.13046539702008],[1.518243463799157,45.122589008708424],[1.520273705357246,45.117038212205415],[1.51968996098391,45.112573000485696],[1.521533580447251,45.1052130745089],[1.518732139955754,45.097420714417794],[1.518166322580907,45.09284532943636],[1.508062042089875,45.08736946326178],[1.496958909288659,45.0836306477974],[1.486363845691276,45.083802822904005],[1.481138873708295,45.08265089755727],[1.477767562539303,45.080908692556065],[1.476555284046803,45.07880934350056],[1.477027626375116,45.07209409928687],[1.470839941972504,45.06303351343923],[1.468497782284254,45.0566876924187],[1.468500259043255,45.052530068673185],[1.466564942390558,45.04882703288226],[1.465549129649544,45.0436613413435],[1.461656407203825,45.039939122399666],[1.459468548015286,45.0329110919102],[1.459466052315418,45.03057583546729],[1.461371990335822,45.02437757158257],[1.463103004826908,45.0221057135736],[1.466283580264905,45.02091885836633],[1.47534511326404,45.02107488997177],[1.479249214169912,45.019447891892355],[1.485387581848084,45.01169762575391],[1.489388284656678,45.00892767588792],[1.497074021893813,45.006404642504684],[1.501594050828833,44.99886969602406],[1.501297303604251,44.99611107275966],[1.499312759245037,44.994238274948344],[1.491041505165272,44.99214624516093],[1.487872348819142,44.99010727339441],[1.486290223479049,44.987283866283946],[1.487053814678567,44.98130767803441],[1.485370488669521,44.97943083310734],[1.480983569230372,44.977078029322115],[1.475940565290929,44.97181527414819],[1.475590660288345,44.96930006924333],[1.478556803864335,44.965949810566784],[1.479609674468668,44.9631559419128],[1.477266906599263,44.95817744035234],[1.47539421148846,44.949410702751834],[1.473824041604873,44.94669110566331],[1.472628184720368,44.94214672074972],[1.473082637717297,44.93733773796186],[1.472019236737118,44.934651314958884],[1.469493446486279,44.93279126452754],[1.467132783200003,44.93229867710018],[1.459170540472783,44.93280032170548],[1.45688219672909,44.93185777596369],[1.454998647812465,44.929603716380555],[1.455694748468521,44.92610276931718],[1.462731503931329,44.92178247849147],[1.46570974970461,44.91734593319306],[1.470060994593556,44.914996647206756],[1.47734725611951,44.90879281139731],[1.478657401199581,44.90673407759771],[1.478590727994201,44.90489747077559],[1.477172030859982,44.90291108288617],[1.473584532137405,44.901625889189205],[1.463253478217365,44.90272991070198],[1.45667258410269,44.90428747674269],[1.454104535978866,44.90402299096018],[1.449009513466924,44.90160894542541],[1.44042369734574,44.893418299949666],[1.438899628137839,44.890181780069256],[1.438990830528378,44.88372393329649],[1.436619587727044,44.880907122020986],[1.433418171513523,44.8791905506867],[1.419759278327764,44.87840534079092],[1.416650743931588,44.87728815702122],[1.411311693386689,44.87148448803294],[1.409391752058368,44.86723403602475],[1.404388439794997,44.863693442399175],[1.401777249269032,44.86042342571638],[1.401415156639513,44.84929274286625],[1.410007551933595,44.83957868512386],[1.410361701122826,44.83764308814801],[1.408908519775456,44.83336225434086],[1.411349489091572,44.82819845653075],[1.413255867817986,44.82036054178116],[1.41166323169271,44.81105159734385],[1.407936882011162,44.80336554117882],[1.40458838115312,44.79883980498708],[1.401353804472266,44.79206620417161],[1.396974336093355,44.78807408882674],[1.394384683793854,44.782553900806064],[1.394361299107264,44.779737603871055],[1.399544025924965,44.77040909570253],[1.400220056296217,44.76549600048773],[1.394706621860051,44.75759710866491],[1.387787985521515,44.75417693934786],[1.385762371056987,44.75215749309264],[1.385811185176751,44.74924815689515],[1.389154602609808,44.7449009191006],[1.389740230969024,44.736396905314926],[1.388133464355851,44.734404243015476],[1.382382207486802,44.73118146503689],[1.378978003150096,44.72667952734191],[1.376427527782775,44.71433093332051],[1.377740970731116,44.70976774058724],[1.375429165160464,44.700420144791366],[1.373382165679373,44.698351225429604],[1.370652824745846,44.697534421017956],[1.363556227919566,44.69888482044337],[1.356862524013057,44.69858055778602],[1.353655071232283,44.697444268159],[1.351984450464437,44.69540090866009],[1.352307058110776,44.69210727421469],[1.355836761579445,44.68711894380666],[1.355557352064475,44.68508005751949],[1.348887002480315,44.679000658422645],[1.34626745220145,44.6749679766047],[1.339316464855976,44.6676004181176],[1.339582248047613,44.65465205070696],[1.34273407062946,44.64887916112588],[1.339520369423232,44.63217612073171],[1.337714761202017,44.62971934074594],[1.33054685354385,44.624474571703274],[1.329320688288548,44.62183845001895],[1.330292546395835,44.61960492406738],[1.337029122444645,44.61364027262274],[1.34239611791177,44.60538285845149],[1.343038374584213,44.60419345636345],[1.342929655654215,44.600160841464366],[1.344609869254054,44.597691530153355],[1.347713112035821,44.596517084164184],[1.354702752123231,44.59642403607056],[1.360293129743583,44.594180325821554],[1.376370282533819,44.59280053378272],[1.381397761067105,44.58879606884754],[1.385216799355762,44.58372435027749],[1.385430648967457,44.58056455135441],[1.381832624844026,44.57017046929158],[1.385464910173368,44.56288842045868],[1.38574196106864,44.560809206705635],[1.38188618827176,44.5517524051331],[1.383710199982405,44.54583937060334],[1.38364020977411,44.54023235305072],[1.384995287733785,44.53523292593251],[1.392362561195875,44.526308667396144],[1.392869400007305,44.523996971652295],[1.392178096132227,44.5223304194661],[1.388205345086083,44.51936179065812],[1.38462442820297,44.51296939889165],[1.383941842367993,44.51058235719541],[1.38468639804032,44.50709183128616],[1.393214695288416,44.49596816295059],[1.404972588916594,44.49288110816597],[1.406817130934144,44.49155893850033],[1.410787035041601,44.481661738365155],[1.412531759693792,44.47949287196113],[1.415961310640926,44.47794782394297],[1.425330131166137,44.47729755845563],[1.428120429031673,44.474834813970254],[1.428242571407748,44.472422896171715],[1.426119589205324,44.46795968849564],[1.42698321499,44.46363209911365],[1.430328946930195,44.45996631744958],[1.431203339541624,44.45782541738855],[1.434278492739823,44.443349153957],[1.442376321573046,44.43362679500598],[1.44196612360903,44.431333590534955],[1.43909520970685,44.427857135315506],[1.437173935484346,44.42230541760356],[1.436853858719645,44.418116998240734],[1.434792691916611,44.41409220405993],[1.435261433106873,44.410273404126144],[1.436883565542221,44.407717213940025],[1.439132281848356,44.405974413271586],[1.447063553076219,44.40403578121534],[1.452216735001481,44.40049546832932],[1.453468693766095,44.39793424715937],[1.452280974312177,44.392688180346084],[1.453189203876294,44.38682480755913],[1.454888474295749,44.38299961216128],[1.454647126697764,44.37888046409999],[1.458985710975085,44.37147048809991],[1.461643067860486,44.36958314756908],[1.46495597001741,44.36906160993797],[1.476090933891998,44.37001286016439],[1.486107780491906,44.372493615206686],[1.492438931229471,44.37052981313792],[1.494871527014827,44.368780579521726],[1.495592167795354,44.36731551243071],[1.495306012437783,44.36484288778459],[1.494152425669018,44.361088552590964],[1.490594579083245,44.35680436277294],[1.490730257807705,44.35418766279822],[1.495182473530364,44.34756028717237],[1.504322722358812,44.34440385360428],[1.509097873131636,44.34013202139166],[1.512207669234038,44.33544055911972],[1.510887945808841,44.329625677881616],[1.511930969298897,44.32470326316003],[1.501880224538427,44.311280660043465],[1.501833615424302,44.30469790073205],[1.498510993387768,44.299108003553336],[1.500577267477643,44.2924007173892],[1.505052513469513,44.28758753189143],[1.504667777598296,44.28510579800911],[1.501640225893382,44.28192866079918],[1.501097089623637,44.27979657424256],[1.503816309268998,44.2744365131461],[1.506407818074698,44.256137288050915],[1.510444466860433,44.25173598297249],[1.513470972914157,44.2500025215404],[1.523172074398103,44.24868221470648],[1.528471748690535,44.24190765202919],[1.532100480216356,44.23946400967133],[1.536524814396215,44.23465696718521],[1.546627475015504,44.23209390052162],[1.556391356013862,44.225025054954465],[1.557633576089251,44.22242807001223],[1.557041344003249,44.21336649755554],[1.555978255435208,44.21075784167659],[1.551387958165748,44.2063045524606],[1.549193007753846,44.202295327227084],[1.545794548221587,44.198667401878815],[1.542329743298558,44.18545098265038],[1.539517213120053,44.18147017099576],[1.538480579869463,44.17659060128443],[1.53544378704949,44.171116347047395],[1.534432040963174,44.16403660771746],[1.53010266581126,44.155634873188056],[1.527788573575419,44.15278051154616],[1.48875902354535,44.1229658608322],[1.477748976080845,44.11559638971443],[1.455149443123272,44.097023888953196],[1.444934281715409,44.091981538748634],[1.356230490010877,44.03869450393809],[1.33700131697194,44.02519458620384],[1.335438972835926,44.02320764959358],[1.335261447714688,44.02152471017488],[1.336519404318437,44.01849189479004],[1.338788821973944,44.01628849518789]]}}]}