{"type":"FeatureCollection","features":[{"type":"Feature","properties":{"name":"LGV Sud-Est (Paris - Lyon)","opened":"1981 (Paris-Lyon full 1983)","codes":"752000 + 752330 (Lyon-St-Clair)"},"geometry":{"type":"LineString","coordinates":[[2.566802650158626,48.63554538081882],[2.56751513211966,48.634603524568824],[2.568389653584861,48.633028726848785],[2.569169046378748,48.63070721670856],[2.570444977526266,48.62710392390012],[2.571441701250868,48.624827733869495],[2.572432606953289,48.62345002781068],[2.5736396585575663,48.62204555871012],[2.573688323189057,48.621988932883596],[2.577144544211664,48.617966921370986],[2.579069988590922,48.615861270690694],[2.579976445910463,48.61493372764355],[2.582611603416472,48.61279914298067],[2.584545853145379,48.611519595408275],[2.589264566257568,48.60909929070989],[2.605058940763903,48.601706727847215],[2.610517172523505,48.5992461869525],[2.61600458342729,48.59703647690847],[2.620004114289888,48.59557474273749],[2.624302661839915,48.59415564905276],[2.628126100562996,48.593006822701334],[2.631443388250949,48.59211634686513],[2.634365077101017,48.591331961385414],[2.639133574331013,48.59023796930874],[2.64361670131002,48.58935209123056],[2.647688909132563,48.588600782227125],[2.654489586498602,48.58762720993909],[2.660152629153838,48.587026493597165],[2.667076049133364,48.58651270401329],[2.671206878268664,48.586377775428936],[2.678237874499588,48.58628195328539],[2.691997097073037,48.58663209460018],[2.702795901520346,48.58690089828253],[2.706482312791043,48.586856941776475],[2.710440366455919,48.586594730000506],[2.714795435046088,48.5861185836514],[2.71781110123863,48.58569736728133],[2.723458323812131,48.58453845969581],[2.726912835048487,48.58360085510275],[2.730512476773696,48.58246914028661],[2.732628566916339,48.58168956391199],[2.735314275533435,48.5804615237925],[2.739643250784681,48.57837947142738],[2.74351554371693,48.57631275755921],[2.746582268981473,48.57443909404887],[2.748420789496744,48.573171230714664],[2.753576995933852,48.569120482853656],[2.753587849583509,48.56911195524857],[2.7675827485128957,48.55761233903479],[2.7676010299828455,48.55759731256203],[2.769165855863036,48.556311061992076],[2.776021098502246,48.55064842258035],[2.78050063173827,48.54698286270667],[2.783217926002196,48.54503214959568],[2.786197892376994,48.543099899149254],[2.800379038912605,48.53450974888613],[2.806407932257255,48.530901119508236],[2.808775191484421,48.5294512333388],[2.810514377359131,48.52823358258998],[2.812732758112008,48.52660648847403],[2.814947950422663,48.52490113028225],[2.817569482906053,48.52262524050306],[2.819417677517113,48.520839665071485],[2.82167719332178,48.51842716701071],[2.823530963009864,48.516224071302624],[2.825645041596621,48.51348617792722],[2.831647596786904,48.505637452105404],[2.835934673417744,48.500030171315146],[2.837530017817996,48.49812888971513],[2.839305332880499,48.49619113318315],[2.841255427801971,48.49430605252078],[2.843416860297052,48.49240543890011],[2.845473901767975,48.4906807575303],[2.865123869684656,48.47682759851353],[2.866883746244142,48.47559468972678],[2.876625836851674,48.468768176277],[2.880469825955357,48.465977275921674],[2.883652208542379,48.463480755684024],[2.888221378927048,48.45945845220299],[2.893247348903917,48.45469378407532],[2.901643077278388,48.446658044739216],[2.91098071040069,48.43782748050502],[2.914696074811426,48.43426364135094],[2.917749733160893,48.431410444110604],[2.920645302131048,48.428954506302446],[2.923776175967388,48.42660323698948],[2.926576078891219,48.42474326066976],[2.930004624911615,48.422674403360155],[2.932693608397247,48.42120120453434],[2.93481465883619,48.420150963038814],[2.935964005158027,48.419581828652035],[2.939249755845668,48.4180983392868],[2.951462982731364,48.412993682532345],[2.955158075352142,48.411400998030935],[2.958770005536663,48.40982158644047],[2.961729133573515,48.408373818406005],[2.96457044238177,48.406802071517234],[2.96776817764278,48.40484297873844],[2.970055049245286,48.403163716724976],[2.979009989263391,48.39620500925097],[2.982483466701295,48.3934180068227],[2.986861199196026,48.39015784799758],[2.989489024063707,48.38837735728419],[2.991795441938662,48.38686831888256],[2.996367555561291,48.38427763068795],[3.00065432131853,48.382070717862554],[3.001336278644128,48.38175191856257],[3.00512915323729,48.37997869378117],[3.006573591657143,48.37936150694807],[3.00968218435518,48.37816890025748],[3.013010461827428,48.377059863900335],[3.015553692159155,48.37627508677882],[3.018850435072443,48.37546921793149],[3.021409294699987,48.37491442344012],[3.025004237705466,48.37428614201586],[3.028269514891915,48.373856563339764],[3.031283599717059,48.37351063819918],[3.035632135329764,48.37324791971278],[3.056181674083191,48.37251824477249],[3.094975182082407,48.37124312398507],[3.120385706064938,48.37031572810233],[3.125628031620847,48.36992327897813],[3.13077523228894,48.369185533320646],[3.133461954885877,48.36865634812089],[3.136329509680309,48.36809146647605],[3.141783444135261,48.36686042149003],[3.146917996759728,48.3654115877377],[3.150242509845537,48.36427776952672],[3.152876489831448,48.363228427686565],[3.158660827934874,48.360710485051364],[3.163424845339105,48.35831918361821],[3.193092589253752,48.342438342769455],[3.201456688243244,48.33793888240123],[3.213046609878869,48.331701820581806],[3.221678037654588,48.327074888405626],[3.229627708774207,48.32281295685138],[3.232396277981914,48.32110256235627],[3.233821696404532,48.32008665449302],[3.236616289346328,48.31785157326155],[3.239005578289341,48.315608308040815],[3.246964890426437,48.30738074283555],[3.248869096563989,48.305535758733534],[3.249204441073807,48.305241401825974],[3.251055032283178,48.30361692239635],[3.254819413927981,48.30069047111916],[3.257958512735653,48.29821504927578],[3.260268965199195,48.296243458283996],[3.262171938632187,48.29432502398298],[3.263465485396375,48.292815866847164],[3.267848065765123,48.28663414740479],[3.275539068232496,48.27550781559793],[3.286189439136382,48.26008465533795],[3.292156861603678,48.25138776162751],[3.294376563495405,48.247783792066755],[3.296013223810055,48.244720946295196],[3.296684325248439,48.24346493588622],[3.299075933139313,48.23963357553049],[3.301774355497811,48.236176666446866],[3.304271161731436,48.233553080798266],[3.306731613576926,48.23123488779601],[3.308268796914662,48.22993908978368],[3.314878569595332,48.22424655528902],[3.316479208516728,48.22276249784732],[3.317073698983908,48.22221127952467],[3.318800315757809,48.22038644219889],[3.32022991214445,48.21864606949106],[3.321782721456189,48.21659151441908],[3.322682123648877,48.21520822096775],[3.324228309636384,48.21210755259112],[3.325168996986077,48.20977009041122],[3.327179249914129,48.20337496391222],[3.327917579739712,48.20131209662761],[3.328935874802827,48.198986916286444],[3.33014236264514,48.19674488571475],[3.331103136430615,48.1952567252673],[3.331862631446785,48.1941143366612],[3.334566782758451,48.191031603391735],[3.33595302303868,48.18967096857574],[3.339459642551376,48.18667361059182],[3.342082157886914,48.18485847314656],[3.344574948399297,48.1833029738823],[3.347006604456583,48.18198820657664],[3.352933101870195,48.17934488249634],[3.35676680162322,48.17792772742953],[3.3600490507825,48.17689639596769],[3.363357899718337,48.17587151991244],[3.36668189718408,48.17479419677249],[3.369162089297485,48.17384495545222],[3.371422871190873,48.172844045401625],[3.375055770203169,48.171032267388604],[3.376691328676054,48.170084121528895],[3.377182355989453,48.169799458021636],[3.3807835163378,48.167447586896074],[3.382975793004088,48.16569345637089],[3.385305603656849,48.163520380574106],[3.38927931148094,48.159532030194036],[3.394123651480287,48.15496525210198],[3.399018239005251,48.15110823774421],[3.399656581142968,48.150605156564964],[3.405111161542241,48.146339207822585],[3.416390141448393,48.13747043397948],[3.422431103674111,48.132605256302675],[3.42594252758216,48.13006092540502],[3.431967532650906,48.126262644273886],[3.439811368961461,48.12156748904126],[3.444157355305653,48.11910606457438],[3.459762251537986,48.110087641057696],[3.460162249703891,48.10985640474026],[3.477288988835941,48.10011114567682],[3.481981373464372,48.097434742374844],[3.486458676381897,48.09517358506442],[3.49057997040814,48.093334485349956],[3.501364568188165,48.08931585968078],[3.505254056240115,48.087869250878164],[3.508822756572219,48.08667849712139],[3.515293919950778,48.08494989639521],[3.520704321122574,48.08381620862463],[3.533733166993978,48.081435131683115],[3.536599145117399,48.080763008294184],[3.541051579818951,48.07950812890658],[3.544267469434612,48.07831485747732],[3.547526763704246,48.07706714666985],[3.550382371875049,48.07577855504056],[3.553190727356731,48.074325352051],[3.555483213805712,48.07293770057073],[3.55806071142339,48.07124710222046],[3.560755164652336,48.069257318655204],[3.561793287920409,48.06835565382135],[3.564049482556742,48.06639589040838],[3.570772090102268,48.06016990191377],[3.576115733690065,48.054996474543664],[3.579372268985678,48.05216615452324],[3.583414346364466,48.04890986970842],[3.592783215916354,48.04178615045123],[3.605649488317233,48.03209967932694],[3.610845409904874,48.02818080578653],[3.625470174906554,48.018018154290345],[3.634977376431579,48.011494402339785],[3.651470596243076,48.00020224448849],[3.659698573342258,47.99461237821892],[3.679144760629141,47.98139410723621],[3.682584314420201,47.97903051656617],[3.693890347405464,47.97383014983529],[3.705154659760743,47.96889043144035],[3.715938570646365,47.963861985610954],[3.727060261434998,47.95870294573997],[3.733250296035947,47.955748792718445],[3.739026358031791,47.95328910367151],[3.747806974975981,47.94971404458193],[3.758567684747195,47.94562723701457],[3.769398729875699,47.94220860770142],[3.779257581143132,47.93913023845466],[3.78424515195556,47.93763061550675],[3.804782297195157,47.931452532050855],[3.808683676341126,47.93000273169958],[3.813342972126249,47.92790580247885],[3.817484106196909,47.925882045861115],[3.821022412684375,47.92382049973355],[3.830908289216247,47.91757059812074],[3.835161038108656,47.91481993906232],[3.838199931336395,47.91276140186946],[3.838950220704674,47.91218993050696],[3.841398609132995,47.9103249512179],[3.843129837067126,47.908775677189524],[3.844955886922377,47.907133075073794],[3.847033849781757,47.90494750040447],[3.850055948558702,47.90151508837311],[3.854584216197245,47.895399383875855],[3.858877986967942,47.88939408158349],[3.863387407442429,47.883085515161035],[3.865218822257324,47.88092348118249],[3.867622726519557,47.878268876497074],[3.872609204817,47.873781323569894],[3.880629713981432,47.86668490501915],[3.882592017465686,47.865219747399905],[3.885581862866994,47.86334826394114],[3.888649625959859,47.86167822095828],[3.889261788541495,47.86134494671659],[3.893169634332145,47.85959113938434],[3.896419455580693,47.8583649681528],[3.917277390396801,47.8517125895943],[3.927595371094861,47.848385669457635],[3.930542805562209,47.84744149080151],[3.933981368820867,47.84614452593833],[3.949436821189647,47.838962081405235],[3.950631198587784,47.838406864538946],[3.953198210256935,47.83710243027083],[3.9568654456726,47.83482557645617],[3.959341664451075,47.83323498765703],[3.961169123683514,47.832112245929736],[3.962825784400067,47.83091271571714],[3.964624856819266,47.82957246671536],[3.966319243483009,47.828177242062964],[3.968684449274275,47.82607883684257],[3.970597823154772,47.8242073580188],[3.97301231725568,47.82142478567814],[3.976272405447825,47.81741761768829],[3.976577962443211,47.81704200336772],[3.981233053434658,47.81111521521444],[3.983874189088543,47.80833049108568],[3.98670426025685,47.805697587604286],[3.989620250314007,47.80324526668215],[4.002265052645156,47.79398491955601],[4.007284499363815,47.79006304385957],[4.010870660941599,47.78701838051919],[4.014635785744016,47.78360927802157],[4.016299703836308,47.781919953049595],[4.018128694203726,47.7800628824015],[4.022583447428378,47.774889453355655],[4.025408482253971,47.77111144444603],[4.027420772066916,47.76813580274567],[4.029765701348915,47.764180491577385],[4.0410995467409,47.745843698789436],[4.045586196669633,47.73833879347325],[4.053935198360042,47.72436650738456],[4.064062631061855,47.70753082076956],[4.068694198113393,47.70035837990803],[4.073184111869023,47.69316286189558],[4.074841206868684,47.69050666662922],[4.078585944011371,47.68458376426939],[4.085208588509629,47.67391768424618],[4.091392516762403,47.66414828598241],[4.100107607900202,47.6500429261818],[4.10601305977767,47.64005193802491],[4.118695284544663,47.617121025373805],[4.131135385965591,47.59452310977196],[4.132779583520948,47.59004432500794],[4.133427076906863,47.587560209178754],[4.133659628971913,47.585202896417954],[4.133773739582994,47.58404611300531],[4.133952046378551,47.58096668592792],[4.13359853735324,47.57791407935906],[4.132963821558283,47.57521306218271],[4.132563602003386,47.57380850106608],[4.130566479265311,47.56781150608835],[4.129726581222033,47.56458562237258],[4.129339502991823,47.56179597183355],[4.129246712126973,47.56033163266893],[4.129223122213394,47.558632579380664],[4.129207580994892,47.5575131700689],[4.129654633144046,47.55427135636568],[4.130300478124535,47.5516695248991],[4.130518664945622,47.55062826989737],[4.13198261526382,47.546420185813396],[4.132622425722849,47.54451612637652],[4.133330611556684,47.54097868682474],[4.133864384573779,47.53407981875602],[4.134313784593805,47.52903774388672],[4.135124452267092,47.519666109933134],[4.135471349434062,47.51756948893098],[4.135976160307973,47.515150361121535],[4.136819153401551,47.51216972981909],[4.137539268567764,47.510195047680426],[4.138304670030045,47.50841528667782],[4.13958904246152,47.50586291723894],[4.141193800920904,47.50288873995157],[4.142888185172231,47.50026253273545],[4.144551076329231,47.498097123956],[4.146758915406295,47.49542394052268],[4.150185780783566,47.49199905696479],[4.164464795390009,47.478278747278836],[4.182036153750347,47.46119879297305],[4.19283507717008,47.450778493096024],[4.193832750548506,47.44979355205701],[4.201088349197137,47.44262918908738],[4.203399163128121,47.44021700928218],[4.205112455946973,47.43824559451793],[4.207065143455735,47.43585278839764],[4.208780722096248,47.43349042474979],[4.21066796347948,47.43054010556789],[4.211932457422286,47.42825215779573],[4.213036874160665,47.42601590166583],[4.215017680176144,47.42202488808287],[4.217234636594789,47.41722021654898],[4.221306490111795,47.40865131785979],[4.227710239412785,47.39487052493992],[4.229447070782688,47.39120345864262],[4.231038499001188,47.38784292151205],[4.234307674656749,47.381041101663754],[4.236008916301987,47.37718521601601],[4.237379443153915,47.373360609088394],[4.239560909412296,47.36552190462932],[4.242635069991967,47.354575290873726],[4.244099610523961,47.351307802483745],[4.245676338504301,47.34845777595495],[4.248750678397006,47.34379126417483],[4.25106038299934,47.34069600968684],[4.255707678205894,47.334853951390535],[4.259727588985856,47.32943718323419],[4.26211353635378,47.32614545844473],[4.263811690620768,47.32329381704872],[4.264536850233167,47.32202270297945],[4.264534079879965,47.32202755917909],[4.265053504696721,47.32111703216965],[4.266148518344115,47.31901644144219],[4.266977808491106,47.317425476947115],[4.268371053442678,47.31385133704436],[4.269627825825737,47.30972040101342],[4.270681296205267,47.30481009553977],[4.271095345460734,47.301497833667945],[4.271828369029583,47.29433002035445],[4.272379461754451,47.28915854676654],[4.273135381974355,47.28629056367644],[4.274036960362937,47.283656794706225],[4.275531709938574,47.28009534632484],[4.276428142626108,47.27811757686045],[4.278184529459527,47.27522313227221],[4.280279906060554,47.27198718467853],[4.283175059979487,47.26779880982638],[4.286360840383483,47.262976300360805],[4.289783694748196,47.256950751593976],[4.29001579237609,47.25649017154543],[4.290957756783194,47.25462082833536],[4.294194472740218,47.24686651664749],[4.296778252111298,47.24057433495225],[4.301747081712946,47.228651672831575],[4.307505621123955,47.21434133986773],[4.309360864347813,47.209793422677876],[4.313136128368459,47.20250684739785],[4.316221525513908,47.19719594954081],[4.321279053207954,47.189671155377845],[4.330862995757082,47.174836260537056],[4.333023448255862,47.17115452820263],[4.335227340318904,47.16676040869059],[4.33617585528174,47.16453325149691],[4.33791530184323,47.160448446450374],[4.343291190424629,47.14543749779581],[4.344226142839877,47.14273279726755],[4.345794328787621,47.13914914129695],[4.345802672309746,47.139130073104255],[4.34714816472757,47.136054916590716],[4.350267812938615,47.12994690224057],[4.352940203212356,47.12564418102818],[4.35934786234044,47.11532435727824],[4.360290275579325,47.113777903836606],[4.361268932507528,47.11204956122],[4.362704897320775,47.10900377156091],[4.363168409678151,47.10772814157176],[4.364214988723235,47.104854402623964],[4.36501638796125,47.10178814118985],[4.365559118059866,47.09900408576648],[4.365799917484995,47.09643720455582],[4.365848814837659,47.095915936835596],[4.365842463764121,47.09163088763532],[4.364942281427307,47.08502309028659],[4.364220331528329,47.079861414729095],[4.363196585785798,47.07542496446248],[4.360603088157646,47.06777650123553],[4.359362382000357,47.06455869267178],[4.358239886888326,47.060978833305846],[4.357726631615439,47.05783820687019],[4.357510260025252,47.05383745466248],[4.357807691410389,47.05093984009469],[4.358152335607902,47.04815679205322],[4.359453695477534,47.04420586037115],[4.360779284298281,47.04124267519517],[4.362495409049877,47.03843385575081],[4.364213019670728,47.03611045617021],[4.366436487735267,47.03361354285717],[4.369220682964472,47.03099842253057],[4.372050306061101,47.0287732155721],[4.374740182305439,47.02698246392339],[4.377454202751877,47.02534490102374],[4.380719374313787,47.0237146402868],[4.383404394755145,47.02255186583024],[4.383708660828296,47.02243727899573],[4.387002863720644,47.021196596936456],[4.390830991756503,47.02004782394419],[4.405999363432769,47.01624883186951],[4.42782640933778,47.010753845360504],[4.431429082269933,47.009653822839795],[4.433101789165416,47.00911247548523],[4.435282630397447,47.00840662497246],[4.438915935379256,47.006909684133426],[4.442060960711123,47.00547456226855],[4.446567874209226,47.0030566454113],[4.450867340213231,47.00032278921476],[4.45316083225948,46.998621177419494],[4.469580870787116,46.985710680210836],[4.472536383991681,46.98338373577024],[4.474431188109437,46.98181009521647],[4.476165819342929,46.980350142518965],[4.476906772840295,46.979587575621125],[4.47741561085887,46.979063879616895],[4.47929522359266,46.976945948306145],[4.481339428889304,46.97414187941079],[4.48270524095778,46.97189089256813],[4.483787848009278,46.969727284205],[4.484738863228448,46.96723034063009],[4.48551752124586,46.96440058942694],[4.486029648055125,46.960778598108014],[4.486220475575098,46.95711741075456],[4.486309942267977,46.955400744301286],[4.48641576645441,46.95405930814863],[4.486899222171045,46.9516241925913],[4.487783378629095,46.9487229670364],[4.490860392360791,46.93928900000408],[4.49127205209031,46.93795755415075],[4.491414033366124,46.93730094241383],[4.49137787715912,46.93746815325401],[4.491904648617392,46.935031899843885],[4.492150516427788,46.9321252050918],[4.492149433690794,46.931948282393456],[4.492138899516921,46.93022690386778],[4.491496428297355,46.9231858139208],[4.490648898610081,46.913872000509116],[4.489427888647474,46.90133838757731],[4.48914743531549,46.89845631696082],[4.488347221625578,46.88944504022013],[4.488367635672679,46.88738283928762],[4.488379560551286,46.8861781300025],[4.488812789395543,46.88342253158605],[4.489889921212227,46.87965352200134],[4.491158889739479,46.876203078765386],[4.49234668727205,46.87276762769987],[4.493059853721392,46.86984085615199],[4.493564370627941,46.86525560683516],[4.494031904517454,46.86007056999728],[4.49445551988982,46.85403456212173],[4.494457249347678,46.85188477259487],[4.493762472422728,46.84513737470395],[4.493250919585593,46.84005394515776],[4.492725800749608,46.834834704846614],[4.492516537617463,46.83166859166162],[4.492463420089493,46.82826313653401],[4.492664693651439,46.8259711474984],[4.493842762824805,46.816323699089686],[4.495076306998903,46.80575414663123],[4.496171724690115,46.79829936572402],[4.496357898355559,46.797066679692925],[4.49794166090992,46.78657803615663],[4.499023312074922,46.779388596849735],[4.499409122039112,46.776438041749365],[4.499744448990915,46.76996406758943],[4.499856217506841,46.76851920381009],[4.500204664275808,46.764014234065954],[4.500761959443735,46.76103487077937],[4.50150083346556,46.758230899925486],[4.502553982825116,46.754996479047385],[4.503697990655004,46.75260930561813],[4.506399949800617,46.74652807772732],[4.509091577136563,46.74102062423364],[4.512546135218959,46.73527949754865],[4.514654394726949,46.73206109421095],[4.523794824445771,46.7193698546435],[4.524163086404262,46.718863832034614],[4.52606188557245,46.716254554419244],[4.528013494366269,46.713478446696655],[4.52987211428476,46.71101066415322],[4.530897199326636,46.70979019230872],[4.53373105422833,46.70679903365057],[4.537081204744526,46.70399009712643],[4.539745991399432,46.7020697476356],[4.542378740022503,46.70045688856681],[4.544856608395001,46.699111296157135],[4.549916174745571,46.69651626414793],[4.553011237771971,46.69477126330716],[4.555742245608975,46.69307299314252],[4.559480935357138,46.690439582363474],[4.562709080044876,46.68770131561149],[4.565886691569927,46.68462859297365],[4.568374542635773,46.6815652074932],[4.572429711350517,46.675897612912266],[4.575504403410291,46.6714160057602],[4.57687088209746,46.6688843469153],[4.578026827712241,46.66609031689904],[4.581938614104311,46.651529809164394],[4.582210839779092,46.650516229845486],[4.583065155203376,46.64760696935771],[4.584009229706728,46.64522063693204],[4.585915851572577,46.641089872181304],[4.591881144220073,46.628833539395835],[4.593126708794011,46.62638708167102],[4.595519110728266,46.62297532138008],[4.59782880114612,46.62020684879868],[4.599726496903605,46.61790478021434],[4.601157293299054,46.61626535514604],[4.603165937261164,46.61361265562373],[4.603940910591794,46.612329772921555],[4.604693554620931,46.61100711512861],[4.605325342897951,46.60989678926614],[4.606099965623348,46.60800123355835],[4.607013852203946,46.60533587669185],[4.60889926459364,46.59509772739864],[4.610106405978941,46.591190912494035],[4.61202597920132,46.58717227332444],[4.616971606082587,46.57710658238913],[4.618970468797839,46.57351831351685],[4.621277574353724,46.57009316927853],[4.636463949908318,46.549304586969804],[4.639685920973994,46.544114833462245],[4.639812929122615,46.54386960330006],[4.642114961036325,46.53942437981852],[4.643578994696846,46.53566838673126],[4.647220496557572,46.52362343579357],[4.649533445708254,46.515841678381605],[4.65079271297059,46.51268225103675],[4.652165160751676,46.50992604440218],[4.654422714498043,46.50569109164994],[4.655560339270764,46.50320349593027],[4.656117878833776,46.50158988453517],[4.656492860843897,46.500103626776884],[4.657850016552889,46.49472378941688],[4.658481266275379,46.49221557464891],[4.659134361025159,46.48976288236146],[4.660491363119138,46.48653209249489],[4.66496394663117,46.47744804845609],[4.667187751355441,46.4715239608298],[4.668635005040347,46.46768887453053],[4.669676954957325,46.46465224787374],[4.671150446174786,46.46038077923174],[4.671272410131163,46.459763576398764],[4.673161605033245,46.45020143236726],[4.673964060725896,46.44607106773601],[4.67453442763873,46.44227916976413],[4.674600331455361,46.43831380830919],[4.674111959756995,46.435434588924814],[4.673388343662264,46.43256487113789],[4.672718563523022,46.43088181672172],[4.672412553708421,46.43016287200314],[4.671560257163164,46.428160367310994],[4.669730059069122,46.42519095597462],[4.66823283420058,46.423104669746714],[4.666953706509843,46.421545714198764],[4.663237629003237,46.4175231845384],[4.661915021953825,46.415853117538376],[4.660430129408839,46.41350629856859],[4.658688500126561,46.409980413692864],[4.657953658900713,46.407715381470545],[4.657666242777186,46.40622568582435],[4.65759744499324,46.405709171506935],[4.657352586473619,46.403870763048396],[4.657336610782666,46.402014127261225],[4.657544484952609,46.39955389887371],[4.65820016256421,46.396556628504285],[4.659210512022908,46.393945115558985],[4.660313738048491,46.391737121794286],[4.66115678346389,46.39034523481036],[4.663002406550858,46.3878772275699],[4.665207312761216,46.38546691716996],[4.666575083234583,46.38376567328292],[4.667092739767335,46.38312177592332],[4.669162913704858,46.37987514274465],[4.671478658019073,46.37613269175467],[4.672388159588529,46.374723367900046],[4.673914842483921,46.37269035475614],[4.675409650318015,46.370997483236124],[4.678131776526761,46.368532840123116],[4.681300576104707,46.366243175000236],[4.684171157242825,46.36449750727889],[4.687584949131977,46.362715803770854],[4.691393884167046,46.360676825138185],[4.6921035558999,46.3602250780798],[4.696199315193119,46.357617657972376],[4.71113727377679,46.34781674253376],[4.714509301534448,46.34540654955349],[4.717908617158647,46.34259094966893],[4.726919449242501,46.33491543399942],[4.729074742888312,46.33295602913807],[4.730856389100967,46.331295454015816],[4.732962780683294,46.32884799799454],[4.733169708085688,46.32860755119808],[4.73721639871362,46.32339401478451],[4.738815143002727,46.32166098293082],[4.741146941928815,46.31962016833103],[4.744273333279637,46.31718486988878],[4.755103988630555,46.30918673131675],[4.761455995366649,46.30449438016576],[4.764476344553199,46.30194843980468],[4.766548458791962,46.29998956676322],[4.769713867743964,46.29633822872598],[4.770957422562787,46.294702721739235],[4.771336992937462,46.29416814023723],[4.771995825973767,46.29324022131621],[4.773191503916429,46.291266088529774],[4.774587811986858,46.2887738926066],[4.775916073759912,46.28654000776586],[4.777027519240472,46.28460791844861],[4.778747742354114,46.28238901403702],[4.780435288781374,46.28040794750641],[4.78052562855802,46.28031914117278],[4.782874322300322,46.27801018801005],[4.784932480255869,46.27626417605148],[4.785810833175599,46.27560525628927],[4.787997724661717,46.273964603053436],[4.791600115927986,46.27152713457785],[4.793410383342863,46.2704373375982],[4.795015327251662,46.269564966156416],[4.795970998360162,46.26914367672058],[4.799225618459125,46.267616434215164],[4.801887364627028,46.266535235912684],[4.803685465281866,46.2658804055412],[4.803678963639924,46.26588277337799],[4.804121873949485,46.26572146807138],[4.810460519509064,46.26382794603592],[4.816321218490635,46.262248726496196],[4.824420137834996,46.26002485959819],[4.82794393788269,46.25885133769991],[4.831459186239656,46.257426519792006],[4.834687464044862,46.255852630743426],[4.837295679178554,46.254400357531736],[4.841334714442257,46.25180789076989],[4.844606179401371,46.24914394389107],[4.847066772556989,46.2469119342944],[4.848270052432142,46.24559389192614],[4.849157671580882,46.244567988996636],[4.851000235694603,46.242321696895644],[4.851394850293773,46.24177643412893],[4.852460547919649,46.240373610227806],[4.853358109935854,46.23894878636809],[4.854020909955067,46.23772325463984],[4.854836926788392,46.23601192268839],[4.855449421141119,46.23460251539458],[4.855953154119665,46.233291672663384],[4.856325333590729,46.23216572408164],[4.856702829701669,46.230835686858],[4.857014133492928,46.229540728547235],[4.857242941424111,46.22825136592224],[4.857496377691321,46.226183540423364],[4.857578699463502,46.22478850145845],[4.857589320524848,46.22376082040451],[4.857595151517863,46.22319660414118],[4.857470245110878,46.21896988338715],[4.857401473291307,46.217130757164135],[4.857328874505414,46.214437429263384],[4.857223329680508,46.21105189233531],[4.857141040888696,46.208352352160965],[4.857047426622087,46.205408620535046],[4.856984977421638,46.20320388216579],[4.856926662211579,46.201753453928205],[4.856832869465807,46.20033973009521],[4.856687630114096,46.198671845228006],[4.856397158144568,46.196239203438225],[4.856129413374583,46.19457564701879],[4.855696049737538,46.19224925104942],[4.855257202272986,46.190314162546514],[4.854642224572421,46.18796331269915],[4.854092654414309,46.186002569455525],[4.853981145147869,46.18560471189672],[4.853462545224551,46.184110788169185],[4.852625011416644,46.18177843285564],[4.851743212017813,46.17931079280026],[4.85065657619652,46.17630035535121],[4.849702203364363,46.17376163291795],[4.848862574731531,46.17144841248653],[4.848142817832254,46.16951361348481],[4.847618129163192,46.168011265428376],[4.845106008969244,46.161178259623654],[4.84402849192946,46.15799468533828],[4.843543066733723,46.15619808459389],[4.843070514348052,46.15402253898982],[4.842875703114294,46.15289849987777],[4.842696241664083,46.15165190700027],[4.84261963783599,46.15103879630144],[4.842461692908043,46.149037702779],[4.84243568346203,46.14855362866855],[4.842386815419634,46.14680765955843],[4.842391826484723,46.144680445615776],[4.842365212218373,46.140525701507904],[4.84231677702199,46.117856275641635],[4.84235756219829,46.115704370457806],[4.842524451554891,46.113211148269016],[4.842732653782354,46.11153739827793],[4.842897383103856,46.110485078936236],[4.843183806501777,46.10900566964645],[4.84361051492258,46.10716692791777],[4.844283054441735,46.10452953578234],[4.844843154678544,46.1022870430669],[4.84538994209463,46.100104263488795],[4.845917616189545,46.09808116739575],[4.846150212665224,46.09715354073217],[4.846386282498933,46.09621202927504],[4.846964599815248,46.09397135101019],[4.84736013219177,46.092381774943604],[4.8479442005641,46.08986049403026],[4.8481959359318,46.088628133665125],[4.848450885362638,46.08721934362058],[4.848794868410474,46.08473596757384],[4.84899413801373,46.08303483023424],[4.849197937936162,46.08074286303345],[4.849277084634972,46.07901180715837],[4.84931052609539,46.07701161861782],[4.849319139969299,46.07536246288759],[4.849304599998913,46.07393256156527],[4.849282267397455,46.072069322350856],[4.849284559928163,46.06970834834761],[4.849287983179742,46.06772352352861],[4.849273632229058,46.06530123411654],[4.849266159981674,46.06344621288667],[4.849254906046134,46.06120662441137],[4.849247352369026,46.05871409791059],[4.849231252114461,46.05696546801669],[4.849257721158573,46.05606205417294],[4.849248697599085,46.053401522638524],[4.849250988738715,46.05083870918827],[4.849288563249933,46.0486896993058],[4.849379683574958,46.04622743754843],[4.849482603031255,46.04447899040983],[4.849718770472863,46.04175140873196],[4.849808382479624,46.040533232726496],[4.850152334290698,46.03735773609988],[4.850416238754277,46.03522628008558],[4.850699539850602,46.033309133701756],[4.851143593218809,46.03060869476428],[4.851574613024791,46.02821815922752],[4.851807860233391,46.02708171030766],[4.852918588191991,46.02214686067906],[4.853324220172714,46.020569220111454],[4.85370577729,46.01910109621055],[4.854536755674791,46.016001825624585],[4.855150660121493,46.013675496510196],[4.855674847365583,46.01176501297854],[4.856100499364496,46.010130988449404],[4.85671784256273,46.00787824886797],[4.857030966808637,46.00664033535521],[4.857808162267239,46.00377181829934],[4.85864842840468,46.00072189801834],[4.858883803635651,45.999867493014165],[4.859447300733573,45.99768433814357],[4.860017493756515,45.995520194982255],[4.860176813876932,45.99494623166631],[4.860592329325097,45.993147064853616],[4.861011591120517,45.99110717501297],[4.861308363546703,45.989425647704785],[4.861640633973566,45.98717190194591],[4.861816690813387,45.98561773376003],[4.861982117633661,45.983479355747676],[4.86211758252596,45.9806359588279],[4.862262206465682,45.97608175876677],[4.862326133559588,45.97391742312394],[4.862408793897386,45.97212678511345],[4.862533144978347,45.97057771495693],[4.862777645145029,45.968636010983666],[4.863188148957966,45.965978988811784],[4.864573856518394,45.95740715773782],[4.865332156666785,45.952989464726734],[4.865767484239863,45.95019211694207],[4.868560206967624,45.93341292249724],[4.868847386523637,45.931997371830825],[4.869154507854414,45.93075694277156],[4.86977140008338,45.92835537246935],[4.86988829598344,45.92792301998038],[4.870222320442674,45.92668755530562],[4.870796677867666,45.924470851193824],[4.871223959079502,45.9228260870498],[4.871695978073728,45.92094540955865],[4.872323361757926,45.91790330269239],[4.872768657136372,45.915119211220066],[4.873021209720768,45.91311465761132],[4.873415811893458,45.91039373652415],[4.873855559893128,45.90711100094872],[4.874347420873806,45.904249681295205],[4.874736596502318,45.90244686160233],[4.875365684051069,45.89994304776648],[4.87546517581199,45.89956093844993],[4.876033248029888,45.89737908998533],[4.876746614333743,45.894851201130244],[4.87697645919164,45.89399369018693],[4.877079522758015,45.89360917805628],[4.877700036712517,45.89146842570577],[4.878262070539046,45.889670575139824],[4.878733293991572,45.8882071985942],[4.879299714970596,45.88683974932391],[4.880127618541247,45.885165772893785],[4.880659213951437,45.884063016833515],[4.881097112254732,45.883023528698196],[4.881386303664268,45.88221721331242],[4.881667135035508,45.8812659571042],[4.881867899409748,45.88036360000353],[4.881998977493753,45.879614616911525],[4.882127600437625,45.87839476190969],[4.882217223467477,45.87673080537048],[4.882347104349157,45.874949639285546],[4.882520509555064,45.87364579565826],[4.883019414760943,45.87169297974937],[4.883514959916955,45.86996419452188],[4.884031125823708,45.868031507808666],[4.88456280582803,45.86605574923446],[4.885067229184913,45.86408044229926],[4.885537513181935,45.86210332391955],[4.885818056108545,45.8608500094667],[4.88627085674629,45.85896273806529],[4.886655093540203,45.85725662194038],[4.887110842233287,45.85525595463571],[4.88754551153293,45.85333650108054],[4.887950771858071,45.85155310280531],[4.888375503934206,45.84964332472752],[4.888808473996478,45.847776217213124],[4.88887181836078,45.84749921524157],[4.888869423088511,45.84750968969943],[4.889243595076242,45.84587339642288],[4.889689603977846,45.84389190586664],[4.890079430729514,45.84215870163642],[4.890444570088866,45.840599528490955],[4.890886216776758,45.83869183394965],[4.891296596497436,45.83686552477452],[4.89138425557579,45.83634557642955],[4.891462869531322,45.835561782550855],[4.89149260939038,45.8345433504171],[4.891425690893078,45.833583617507166],[4.891286654663335,45.83270357791591],[4.891078822428871,45.83190079744691],[4.890828014154745,45.83113441150945],[4.890494385813238,45.83033373634434],[4.890158932622344,45.829678170225236],[4.889719610837093,45.828969639368644],[4.889062252713698,45.82805308151284],[4.88845894209247,45.82732350588528],[4.887767816327604,45.826612043788714],[4.887702497409719,45.826551982143506],[4.887697715993014,45.826547585555375],[4.887079390264604,45.82597901810621],[4.886296188068346,45.82535946344616],[4.885665289453843,45.824915736384796],[4.88502128853509,45.82448649476758],[4.884080690960875,45.82393852486854],[4.883384425387058,45.823571983306216],[4.882336930664378,45.82308048423504],[4.881274400104549,45.82264630649163],[4.879422660587386,45.82201120699368],[4.878437226738378,45.821604854485756],[4.877835495939628,45.821290618090636],[4.876822823398737,45.82073764651625],[4.874857945411633,45.81950000574453],[4.871685303263066,45.81766451837594],[4.870569398158531,45.816828369697625],[4.87025024284727,45.816443610101196],[4.870036070057909,45.81604521923096],[4.869810512540174,45.8155114515453],[4.869650208495591,45.814895739581615],[4.869611198643383,45.81444688058174],[4.869628787397891,45.813861519328505],[4.869665007850313,45.81362546451495],[4.869887128566966,45.812953474186635],[4.87036921304504,45.81217588162272],[4.870709372390303,45.81180878663035],[4.871245017617694,45.81137316682001],[4.871748689713968,45.81108179543707],[4.872743655119304,45.81053188363443],[4.873095691116351,45.810386385559084],[4.873660515621604,45.81019388079688],[4.873936007365391,45.81009417470476],[4.874265801405759,45.80999118805551],[4.874907736419392,45.80986636843894],[4.875522799665197,45.8097515049126],[4.87584433005385,45.80970573095526],[4.876248000799581,45.80967523929277],[4.878493671979156,45.80960697544931],[4.879105405732595,45.809594416243755],[4.879671415019247,45.809537426597146],[4.880077267227235,45.809471209762016],[4.880734315468978,45.80929140316775],[4.881919316947099,45.808836418443875],[4.882451878801039,45.80849694957164],[4.882766587268078,45.80825148870358],[4.883129438398202,45.807921981849425],[4.88345076932013,45.80757176142802],[4.883714316247461,45.807222504280126],[4.883901066284008,45.8069149599587],[4.884123164990071,45.806447476329545],[4.884224049046447,45.80611520277308],[4.884290863472884,45.80578111947846],[4.884313493874842,45.805447773697026],[4.884323583811346,45.80514555570764],[4.884286895123435,45.80476801161708],[4.88414621179367,45.80423285444707],[4.884019871155388,45.80391864363521],[4.88386998507794,45.80361196069873],[4.883686277067548,45.803310598699746],[4.883476436631279,45.80304059093771],[4.883278496388296,45.802820329458065],[4.882744181434297,45.802333610183446],[4.88251443555754,45.802152869100546],[4.881586298175321,45.80155948935754],[4.87949963954598,45.80029568099302],[4.879036894926475,45.79998706645558],[4.878642607879547,45.7996915807384],[4.87835181157173,45.79943955992379],[4.878026350977104,45.799109924167745],[4.877795690440086,45.79881175107888],[4.877581880157906,45.798496278593],[4.877139821170295,45.79759510667541],[4.876875759114043,45.79702869727567],[4.876706107782621,45.79673898292781],[4.876495437960016,45.79644281533666],[4.876261790982433,45.79617081273582],[4.875991089868788,45.79590893895228],[4.875676700234645,45.79566206065516],[4.875352522707467,45.79542723584923],[4.875005126256071,45.79520944425405],[4.874661856824948,45.79501298810159],[4.873159344049546,45.79431967850647],[4.872083457737699,45.793773865171744],[4.871096745259455,45.79325034686787],[4.870321494861991,45.79294687917255],[4.869658527651314,45.792746192765165],[4.869049188883151,45.7926230993157],[4.868618234046846,45.79254699410532],[4.868198760701742,45.79250875049047],[4.867738834359608,45.79248068814009],[4.865589521163078,45.792361646902],[4.864718235123705,45.79223334686872],[4.863691669782879,45.79193636502555],[4.863195716393816,45.791747153021745],[4.862639276820387,45.79147807413786],[4.86185630411427,45.79095515069685],[4.861346148235783,45.79047500746528],[4.860225220322215,45.78887808665939]]}},{"type":"Feature","properties":{"name":"LGV Nord (Paris - Lille)","opened":"1993","codes":"226000"},"geometry":{"type":"LineString","coordinates":[[2.426926084387215,49.00074815106869],[2.429590187496709,49.00212110265689],[2.433524363733191,49.004291500367565],[2.437135342936477,49.00623937565123],[2.437364686004904,49.00636308176198],[2.441116537120049,49.00817742183347],[2.443636091061661,49.009279820190535],[2.447017528600764,49.01071165717343],[2.450626895977935,49.01209723254111],[2.452997864453042,49.0129292416965],[2.455526886309423,49.01365465278537],[2.457793303254336,49.014206918209666],[2.459508824584061,49.014572731981985],[2.4684506031343627,49.01647897847959],[2.4684430684792003,49.016477372570506],[2.471363808375318,49.01709984678803],[2.476234056548703,49.018112532008],[2.479993617571169,49.01896285717935],[2.483251210099435,49.01977943291042],[2.485696799992125,49.02045869201001],[2.489369932202129,49.02161519129008],[2.492885945750155,49.022951870097444],[2.495995854386403,49.024239533270986],[2.498746561121154,49.02557282079545],[2.499897711862817,49.02617652530433],[2.508029334336107,49.03044031421871],[2.511341691741433,49.03222570318123],[2.516531769633852,49.03498384805181],[2.523977997071722,49.03895684668802],[2.527809969361192,49.0410010056665],[2.53224246194747,49.04315045391479],[2.536303889014742,49.04490737418614],[2.54730179314972,49.049723540377016],[2.547611527555893,49.04986252108785],[2.549429792980955,49.0506783622192],[2.550128044022814,49.05099164756907],[2.557654639612119,49.054365790084574],[2.560038555398321,49.05541303789199],[2.569593479090377,49.059609580791815],[2.571063619133722,49.060275546016804],[2.572894491166803,49.061089761520314],[2.575991617865896,49.06246697581427],[2.578689703286152,49.063712625117155],[2.584634244537654,49.06663189297453],[2.588366056150006,49.06846699360355],[2.592483062007147,49.07046502700391],[2.594797627929207,49.07158818300893],[2.598042984891896,49.07303339776865],[2.598490050453082,49.07323247062109],[2.600049311939696,49.07390485239187],[2.602717570072886,49.07492349115718],[2.604770895417912,49.07571442987914],[2.608235094712613,49.07685865414277],[2.612106968428433,49.077956889720326],[2.619448582637804,49.07999977278212],[2.630441536297714,49.083057533607125],[2.641702801533612,49.08615573384341],[2.648397482922657,49.08799689538626],[2.651985357788168,49.08882551631651],[2.652662817885815,49.08896487154728],[2.654700714659978,49.089384044351846],[2.65793135418373,49.08992037640615],[2.666213274786169,49.091045049569296],[2.67162242146344,49.09187812297686],[2.675762116751883,49.092683934000576],[2.679739292393986,49.09360213334059],[2.681264278081802,49.09402818217044],[2.684182243745547,49.094854057152986],[2.686331481656871,49.095535079439294],[2.687386676425546,49.095869414928195],[2.69004067368638,49.09679673082406],[2.693411738871716,49.09803704667002],[2.694700261712244,49.098606513012534],[2.695084644594962,49.098776386965866],[2.697832939379054,49.100018447494],[2.700855430483541,49.101520737093956],[2.703280197994536,49.10281693287113],[2.705214957770143,49.10391520301913],[2.707280622667493,49.10518683288406],[2.709859201314326,49.10689234702762],[2.712521130380536,49.108723873073004],[2.713761902589798,49.10971020046369],[2.715002462510788,49.11074371508176],[2.716123711620811,49.1116903980433],[2.717196585768214,49.11270431982436],[2.718806491295505,49.114182644667494],[2.720701388691791,49.116145916606975],[2.722726495821625,49.11843986337613],[2.724452646790799,49.1206386838681],[2.728107048895954,49.12604303674581],[2.728496428578166,49.12661880050199],[2.729554924671691,49.12821814447459],[2.731195940572226,49.13077065904439],[2.732980857446408,49.133347064089264],[2.735995849676404,49.13690161459752],[2.738413139498854,49.13956949529685],[2.738545294393359,49.13971583743215],[2.739036226408737,49.14025946383666],[2.740084947071615,49.14145080990302],[2.74220693868563,49.14401083680254],[2.744445896798841,49.14712293907635],[2.746402569452023,49.15057646439938],[2.748183663581281,49.1540566621261],[2.748800535181029,49.155824645292086],[2.749053005097692,49.15656057014972],[2.749799779190217,49.1591457567748],[2.749910627061629,49.159611280427455],[2.750442781182927,49.1618460271946],[2.750874108354455,49.16444286954477],[2.750987649644037,49.16610929201447],[2.751333554520956,49.17118538889163],[2.75201659041613,49.181373796700925],[2.752268044083547,49.183993811391574],[2.753200407620495,49.19734482730919],[2.753227133206744,49.19789175768045],[2.753517590450315,49.20383510466903],[2.753456677479186,49.206540945755705],[2.752933218592128,49.21056734392515],[2.752377873732019,49.213712653935836],[2.751859051527853,49.21586114976691],[2.750656313398334,49.21980063746405],[2.749279529333785,49.22429774934184],[2.747380090021829,49.23037791823273],[2.746250114395417,49.234166964681386],[2.743624438135619,49.242969169340675],[2.742339581839117,49.247097422496374],[2.742286625243917,49.2472710678074],[2.74063430371947,49.25268843671936],[2.737332169753175,49.263511388776244],[2.734280859299722,49.273385804213596],[2.733432534153836,49.275553822113125],[2.732705716616231,49.2774608852805],[2.731417337064761,49.28000836877922],[2.729609731131141,49.28311123370178],[2.728436032980206,49.28479702989956],[2.725600147792385,49.28873391013021],[2.722692526477116,49.292777997950324],[2.722573906350305,49.29294828734684],[2.720498857643413,49.29592699291148],[2.7186323897631,49.29857331342231],[2.717855586400767,49.29986929693566],[2.716700933318018,49.30206891030419],[2.715473623270238,49.30433912515986],[2.711716847098959,49.31151129088961],[2.710598839776787,49.31355794580379],[2.709515048860608,49.31569948717052],[2.708056613017304,49.318447563547004],[2.706803710034611,49.32085130079048],[2.706085315984163,49.32234395284482],[2.70541523539826,49.32379739004594],[2.705337823893388,49.324005218287795],[2.704926421018229,49.32510969028001],[2.704775207014627,49.32554134546248],[2.704614139347041,49.326001120529476],[2.704318120004615,49.32689142448918],[2.703845859894132,49.32888234612408],[2.702905267319947,49.333085568444176],[2.701885022384254,49.33846993186851],[2.70153937520631,49.340132967283076],[2.700994733531075,49.342820741771746],[2.700714721328201,49.344052352827426],[2.70045168789577,49.34574207679308],[2.700066025556283,49.34771783982714],[2.699753672579955,49.349675456735106],[2.699743647311293,49.35139787003986],[2.699986358730542,49.3531366377555],[2.700424080641198,49.35654325911432],[2.70074886504938,49.3585787385659],[2.700936706223318,49.35950175031914],[2.701708077537628,49.36195363868238],[2.701928602025227,49.362886117785386],[2.702589968458098,49.365137108296196],[2.702836874080601,49.36617588053456],[2.703129696862808,49.36760800747538],[2.703384280094968,49.36940968597838],[2.703541446342634,49.371399877803555],[2.703531543377109,49.373122251692685],[2.7034504128808,49.37466355712057],[2.703395847550411,49.37519589682646],[2.703220710113172,49.37690446229073],[2.702897115736723,49.378712568407586],[2.702477721751564,49.38041819266856],[2.701889607130564,49.382131261437905],[2.70111760747326,49.38438653664019],[2.700948903068809,49.38479570364332],[2.70042111495388,49.3860757292254],[2.698629168930613,49.38966544681607],[2.696133828356871,49.39398477284096],[2.69529959036503,49.39560660417115],[2.694787116754933,49.397117307056774],[2.694631297324025,49.3974414301891],[2.6941770068575,49.398863778476596],[2.693880889273156,49.400026991419296],[2.693609809775251,49.401840736898244],[2.693291022300823,49.403973519452244],[2.692585180897936,49.409162329323244],[2.692175539200529,49.411542988872],[2.691805218781457,49.41373595067707],[2.691595367943097,49.41524572245154],[2.691510417851111,49.41689885252061],[2.691303897702802,49.41889369226621],[2.69119548871423,49.42113976312455],[2.691127140887913,49.42320605148819],[2.691095989776642,49.42435267630508],[2.691197611086708,49.4255011367904],[2.691253803262304,49.42619560686222],[2.691321087897826,49.4270271415059],[2.691554169149258,49.42837254254488],[2.692132272216269,49.43049738941655],[2.693273284038218,49.435297522686405],[2.693630607647182,49.43692880673047],[2.694662075081395,49.44105768405418],[2.695025716167366,49.4431275634006],[2.695281910237095,49.44430354836515],[2.695347494581979,49.444511915277744],[2.696063423964695,49.44678636733796],[2.697097309599082,49.44941559763811],[2.698779000119672,49.45267555647852],[2.699996934881427,49.45481762594361],[2.701597591984377,49.45755042968006],[2.703808641882221,49.461165474698674],[2.70479995740458,49.462921581789765],[2.705897818536009,49.46504754600764],[2.706135084122849,49.46557754195061],[2.706993934636826,49.467495915815746],[2.708555015005237,49.4709598435727],[2.709683415695302,49.47414746302972],[2.711049306726844,49.47848220390676],[2.71158054175286,49.480167904595575],[2.711865358154389,49.48103361179274],[2.71306415800201,49.48682426955026],[2.714652970119774,49.49417282785512],[2.715323474904474,49.4973592325897],[2.715395597640156,49.49800226946294],[2.715599621996443,49.49982123414124],[2.715608156939568,49.504842545076194],[2.715612088014551,49.507154951185434],[2.715727645940637,49.51160920099932],[2.715941375475943,49.514366640647694],[2.71627444586476,49.51649437025009],[2.716344734602381,49.516742851281556],[2.716659365256171,49.51785508616724],[2.717203968602125,49.51985370443497],[2.718181647984807,49.52292117351401],[2.720008640851415,49.52694674621736],[2.720723279410219,49.52839957094577],[2.722547922464025,49.53232184072489],[2.724904619340579,49.53752091922126],[2.726260106268692,49.54080703285746],[2.726531252234959,49.541484850299476],[2.727607696001602,49.54417558378908],[2.730375219059088,49.551046437994174],[2.732841657450276,49.55727327897436],[2.733150832821841,49.557972845319874],[2.736899603689041,49.56560770950244],[2.74020894487289,49.57231127430085],[2.740855025326455,49.57367432817304],[2.74203397595223,49.57595871170176],[2.745336743325848,49.582932325578554],[2.747463664867073,49.58827407954125],[2.750344260237856,49.59520104630101],[2.751348767392433,49.5975934203766],[2.753031758174139,49.602306695824616],[2.753674253705181,49.604556763998154],[2.754466643557835,49.608363954962556],[2.754862922294052,49.61152558131324],[2.754864391681628,49.613750736204864],[2.754506236410925,49.617791440810684],[2.754108475906312,49.62250823289875],[2.754224880041261,49.62599947309204],[2.754503624243866,49.62845316646614],[2.754590557103703,49.62898516431825],[2.754738826465741,49.62989249316138],[2.755259604541318,49.63237024944414],[2.756839417913567,49.63873419869607],[2.758527077733818,49.64542065394334],[2.758920671831288,49.64670901328673],[2.759147171519319,49.64745038840052],[2.759851820183178,49.649535318596506],[2.761073317782171,49.652462529626014],[2.762727911707225,49.656043137750245],[2.766556009090745,49.6637791828017],[2.767624572317052,49.66586472533889],[2.768603481419187,49.66788523574417],[2.768680683224934,49.66804457627141],[2.769530345108978,49.67035767886939],[2.770495102618923,49.67403900440566],[2.771040843423398,49.67703305598068],[2.771090846920713,49.67802973497645],[2.771143987604221,49.679394609883474],[2.770977293540009,49.68257436516347],[2.770696286100846,49.685934759341],[2.770211529682461,49.6886462506905],[2.769734750011154,49.69079427774088],[2.768850841790208,49.694776038170716],[2.768468340536766,49.69627694754409],[2.76815409141863,49.698760726265284],[2.768145260581519,49.69893562834719],[2.768007622887656,49.701661498387416],[2.768072091518229,49.70348558329129],[2.768125047611791,49.70517599035348],[2.768525512975394,49.707763307412904],[2.768595514606726,49.70836880328279],[2.768831799378305,49.709737213227825],[2.769271790055229,49.71164061067808],[2.769640361096676,49.71282589981697],[2.769690075735818,49.712985772919495],[2.770192442772776,49.71451191155551],[2.772117432614285,49.71886043019829],[2.773539931573028,49.72161226940795],[2.774115451060883,49.722499244009384],[2.775337122301431,49.72442559188751],[2.77718277113145,49.726930720687434],[2.779667143631138,49.73015852133562],[2.78209605640548,49.73383020114554],[2.783053235861213,49.735337546154156],[2.783835736730843,49.736738300334935],[2.784184217037521,49.737517214665786],[2.784522583168405,49.73825213962675],[2.78524201704374,49.73981466126506],[2.787614090644376,49.74554339767123],[2.78872408284204,49.74840595062285],[2.790207167566065,49.752230139122574],[2.791431475498858,49.75549473115143],[2.79375907602943,49.762055080189356],[2.794418390281523,49.76408441868919],[2.794993398583102,49.76596424202397],[2.795266852811695,49.76706502027456],[2.795518957765896,49.76807981413781],[2.796007081267623,49.770462599049544],[2.796429739539355,49.774055896588735],[2.796544025700918,49.77584058527578],[2.797004028420707,49.77922166795255],[2.798092641537459,49.783303419740186],[2.798753206349053,49.78512829530765],[2.79953566643732,49.78684330809185],[2.800272038378472,49.7885890262449],[2.801016695547289,49.790029477443966],[2.801950068865652,49.79174854658969],[2.802101780933072,49.792027955043544],[2.803459793743627,49.79431033795034],[2.804757718619269,49.796088533143525],[2.806135854133214,49.79774154430154],[2.807393373212925,49.79919782128297],[2.810803971060783,49.803031452854],[2.811567968625232,49.80391610776471],[2.812884187066877,49.80544010996345],[2.814105562899373,49.80691983098724],[2.815991344839827,49.809438179498414],[2.817921813477341,49.813104243807885],[2.81804946058164,49.8133700590109],[2.820683511961855,49.81885460073447],[2.823505526074697,49.824911510622336],[2.82659379499813,49.831487493546774],[2.827364817434904,49.83347733645699],[2.828230851959816,49.83614331839924],[2.828785265215012,49.8384429472194],[2.829997732233068,49.84570427034007],[2.830034605130206,49.84592417069719],[2.831148382045658,49.85256552065684],[2.831750189052245,49.85615329533133],[2.832311344804595,49.85928251808505],[2.833874944263194,49.86826119856267],[2.834269697949052,49.870281836481496],[2.835057063383204,49.875014793856025],[2.835115637964547,49.875242350961756],[2.835609631314864,49.87716138738067],[2.836522370393432,49.88080189565875],[2.837519993311179,49.88456825626394],[2.837941295777,49.88597578483407],[2.838700996050288,49.88809902920222],[2.839462614690126,49.889632756917344],[2.840285332976403,49.89109581583256],[2.843314752855657,49.89634207476752],[2.844048773181725,49.89775029746653],[2.84542904668093,49.90002359908603],[2.846771967640074,49.902619091543215],[2.847581432149241,49.90458509921778],[2.848510675924296,49.907219340987254],[2.849209279262347,49.90968036446303],[2.849388546207884,49.91079669380979],[2.850163805008977,49.916197388232455],[2.850245526262191,49.91738432633115],[2.850605842834975,49.92102032605161],[2.850777587591093,49.92275323526878],[2.851392994577064,49.928806004591536],[2.851360484418069,49.931604026471746],[2.851155613345344,49.935046322661854],[2.850989270231017,49.937797001913566],[2.851306622836369,49.94171934307645],[2.851699777512822,49.94472218563627],[2.852028034999127,49.947030938279774],[2.852666640911617,49.951521861735635],[2.853265997441811,49.95488644647654],[2.853915583050732,49.95775592864581],[2.854483148515844,49.95950926055945],[2.855087503941734,49.96119189474113],[2.855300875765809,49.96171577076037],[2.855740856305065,49.9627959860763],[2.856661434606971,49.964706899831775],[2.858250441611277,49.967512228694126],[2.859802305502632,49.97008633656498],[2.860299834531863,49.97084140052464],[2.860897603033338,49.97181020493963],[2.861294658575609,49.97245369088574],[2.864774811924793,49.9778714672627],[2.867109228277351,49.981443453098144],[2.868383255341216,49.983283704338135],[2.87030046865375,49.98664947884449],[2.871646684798988,49.98934658540782],[2.871997862249614,49.990252893612215],[2.872134553780468,49.990605653726654],[2.873063463150664,49.99313615636931],[2.873727806168906,49.995096428087685],[2.874065701440836,49.99675579021407],[2.874295402265752,49.9978057172547],[2.874595554507524,49.99969219498051],[2.875028113869989,50.002286113497235],[2.876097721086089,50.008684405257796],[2.876356406422889,50.010795374216],[2.876587997697655,50.01268509166272],[2.876996542022307,50.015265455569796],[2.877428623061514,50.0181085594012],[2.87808843304706,50.022706630218664],[2.878833306352689,50.02749336463033],[2.878902141756525,50.02932452017194],[2.878849094760265,50.03110839868298],[2.878855866735275,50.03338743015911],[2.878433442445724,50.036569776883326],[2.877915103572705,50.03902116076212],[2.877349591846283,50.040773070700375],[2.876230558970594,50.044316176098704],[2.875222150865744,50.04747429893486],[2.874532702823507,50.049917601753016],[2.874076427535711,50.051818895755204],[2.87374283545882,50.053453121086164],[2.872653197520557,50.05966803795315],[2.871526628487541,50.06589857374588],[2.870493448296352,50.071497337479265],[2.869928670820952,50.07491824373661],[2.869591022558354,50.07802189831903],[2.869464065553128,50.079907739820975],[2.869482494019382,50.082241648965386],[2.869574584200258,50.08442632395825],[2.869681677193951,50.08552658211716],[2.869974805661732,50.08846549951781],[2.870360956341863,50.092135992933684],[2.870525011031078,50.09486292235097],[2.870589465862308,50.09757121822987],[2.870613285706954,50.098572017066196],[2.870689176164467,50.102351802745204],[2.870765919173036,50.10663621697969],[2.870774756500483,50.10712953998984],[2.870798956210054,50.11202505131589],[2.870892168053802,50.11861789709594],[2.870898185588177,50.12449268952318],[2.870899186683504,50.12546990151839],[2.871090449496516,50.13197629956495],[2.871398654869577,50.137777780256265],[2.871778944535158,50.14493424474971],[2.872127982816008,50.151990663374306],[2.872415075309605,50.15940053448527],[2.87221379924162,50.16647196032256],[2.872231118845877,50.1693084710901],[2.872428212971355,50.17363018165376],[2.872482508636989,50.176364559828734],[2.8723907348755,50.17880020274993],[2.872227456437487,50.18047361645243],[2.872185673276253,50.180769301812404],[2.872003203944363,50.182060533882726],[2.871606649309264,50.18403226838151],[2.871174090860341,50.185713244815],[2.870680315936065,50.187394151648164],[2.869447070855257,50.191077827976315],[2.869423311169663,50.19114004381762],[2.868991161931069,50.192271618340335],[2.868522095841476,50.19381110140018],[2.866808287496243,50.19859418653982],[2.866253308495017,50.2001728399924],[2.866092415699759,50.2008405083725],[2.864710477028305,50.204948184618075],[2.863844444428694,50.20736823623754],[2.862107662415847,50.212220781783465],[2.859432372624945,50.21886462832564],[2.857110102853921,50.22452549302218],[2.856362101014468,50.22634856666419],[2.854832512491538,50.230172980924586],[2.853943233684859,50.23274891276326],[2.853506758555292,50.23438300535141],[2.853435542883257,50.23464961486547],[2.853000786067631,50.23673109904355],[2.852825640428182,50.23798794511167],[2.852607868891688,50.23945770638676],[2.852497398151498,50.24133445173549],[2.852468593899361,50.242811447863815],[2.852512792352198,50.24446137198597],[2.852606549526385,50.245922795650316],[2.852773801578623,50.24739216073812],[2.85305044574998,50.24916805568178],[2.853425155379107,50.25093620603059],[2.853691695600828,50.252078447141365],[2.853848768460796,50.25275154762865],[2.85446573981273,50.25551773729942],[2.854998638530606,50.25771029901878],[2.855460116736815,50.25917998295741],[2.856007162752412,50.26073618209826],[2.856651998459554,50.262394621623855],[2.857589961535122,50.264430496094235],[2.858528702768818,50.266214957423344],[2.859638760210635,50.26812530281487],[2.860546056516422,50.26949825852836],[2.861421022388466,50.27078273423324],[2.862837977971456,50.272606965123295],[2.8634334697575,50.27333713706494],[2.864255267524695,50.27434475725],[2.866418815297188,50.27670397828198],[2.868558596371912,50.278851012118494],[2.873229983323985,50.28356958220601],[2.877718559054409,50.288185634127764],[2.879296263118215,50.289899806405614],[2.88021335408743,50.29099268877903],[2.881607413402083,50.29265165412275],[2.882793358971512,50.29419256236877],[2.884358260531755,50.29629944154369],[2.88624882560873,50.299275820481526],[2.88637053932354,50.29946742498666],[2.88772618776227,50.301722839353275],[2.889588504738458,50.304875041767865],[2.891241457072261,50.307715802779114],[2.892900592737566,50.31054202345474],[2.893915158142839,50.31227117635028],[2.894697629628599,50.31355233966624],[2.896361701903076,50.31602435143231],[2.897193117361895,50.317097391681614],[2.898012998117053,50.31815859623271],[2.899016641530685,50.3193770586375],[2.899731686261664,50.32019223113241],[2.900106175390573,50.32061914749335],[2.901550984122864,50.3221757360228],[2.903363623412576,50.323928984576085],[2.906050482955392,50.32632678283298],[2.907705669253326,50.32765621058134],[2.908754555353,50.32844222680345],[2.91089939082366,50.32998349333999],[2.913816812196998,50.331941607005746],[2.916304550834919,50.33342124373504],[2.92089150306816,50.33614906693225],[2.93206400736058,50.34265221761584],[2.937645165986208,50.345930882497086],[2.943067583818203,50.34909137580977],[2.947435444367729,50.35164630971594],[2.9506747713122,50.353587917885115],[2.953288342944459,50.35532496222231],[2.953758481099598,50.35566374283968],[2.955447942868472,50.35688111202937],[2.957521663366163,50.35850788867867],[2.959251833160641,50.35996169797279],[2.960748873162355,50.36130543260887],[2.962270464858616,50.36276698263173],[2.964012928993386,50.36459777078813],[2.965890397675286,50.36674277484651],[2.967031609968795,50.36815701831943],[2.968933695179722,50.370639743563174],[2.971363748472208,50.3737745294417],[2.973499386118547,50.37674423417938],[2.974677617152293,50.37870039467731],[2.974864792040142,50.379042717082314],[2.975364904219228,50.379957342617665],[2.976174944929574,50.381481379412364],[2.976911288738239,50.383083944042376],[2.977794834494852,50.38529921675398],[2.978518742122639,50.38750659366018],[2.978972600608362,50.38925047211451],[2.979463255358286,50.39122999857189],[2.980169770502234,50.39430522267125],[2.980972078910137,50.39779692758781],[2.982481322399127,50.404285230059465],[2.9832591865068,50.407662797670326],[2.98401548275858,50.41094626191652],[2.984285410300129,50.412525091184044],[2.984444770192404,50.41394680900416],[2.984467711410018,50.41567273534359],[2.984465458412148,50.416587983882735],[2.984419224648394,50.41705725043411],[2.984308111258427,50.418581035108275],[2.98391453731966,50.42096237443349],[2.983606235237841,50.422084097789636],[2.98320975066918,50.42334400115439],[2.982670936089243,50.424754524279265],[2.982074690812925,50.4260834181394],[2.981920332436037,50.42642743524699],[2.981329732938522,50.427542690918244],[2.980246961905817,50.42942760620779],[2.978991978393896,50.43125749648789],[2.976949568454673,50.43377841751256],[2.975522191734889,50.43560037468829],[2.974799633361662,50.436547530087076],[2.974611554128752,50.43679406434729],[2.973688460294107,50.4382076660884],[2.972728269721262,50.43989615360949],[2.971595484659525,50.442189376367246],[2.970560606433327,50.44515022309437],[2.97016595692886,50.446917350662616],[2.96988196514668,50.44872377101542],[2.969720896588777,50.45064803031158],[2.969756453455922,50.45289435649237],[2.969890884301649,50.45438669415593],[2.970185142574416,50.45607542239858],[2.970491884680256,50.45748925216238],[2.970958503212474,50.45905234532364],[2.971462195770632,50.46037981701967],[2.974178281906432,50.466357404922356],[2.974310753479119,50.46663970306488],[2.977005751696542,50.47238202720398],[2.979858413639167,50.47865786386413],[2.981371176033189,50.48179182252841],[2.982183071711052,50.483213500430566],[2.982958139718419,50.484470233349526],[2.983819403978297,50.48576623984058],[2.984988429283479,50.48720364515403],[2.986797488363736,50.48937151356422],[2.987982274343907,50.49088377787325],[2.988668210927359,50.491759261168355],[2.989935917501023,50.49365213628635],[2.991043655004051,50.49556068935416],[2.992015991005869,50.49774409967067],[2.992889847883621,50.50032017568485],[2.994286135847425,50.50532087997083],[2.994335299873891,50.50549693833453],[2.994773111473767,50.50722364942837],[2.995265567002153,50.50888078439234],[2.995721132691445,50.510231621785586],[2.99642301912683,50.512014409368206],[2.997248126755138,50.513750069836014],[2.998578286332634,50.5159962073802],[2.999982472561805,50.51799101100875],[3.001251258244555,50.519608826734434],[3.002639648207512,50.52106861259458],[3.003850631344504,50.522341784412696],[3.006105251706942,50.5243757382773],[3.008717340421011,50.526448887608865],[3.010812053648907,50.527917310224396],[3.013079389184698,50.52942494314281],[3.015741154900485,50.53099530875161],[3.018144242123713,50.532306491205894],[3.019894090625696,50.533152959140764],[3.022742539160635,50.5344871003595],[3.025760588219699,50.53564280848341],[3.030125572182559,50.53708836958142],[3.034985521305528,50.53833498173587],[3.038713910748661,50.53908703498454],[3.053435148884761,50.54125714635736],[3.055771844857403,50.54160142855526],[3.059432501238474,50.542039508656494],[3.06707581961707,50.54269813989331],[3.075350148248462,50.54337567083258],[3.075691496265918,50.54340611615127],[3.079264164520042,50.543724708837416],[3.084245487387766,50.54427068213779],[3.087523338248785,50.54484216122803],[3.090211089231506,50.54540566501919],[3.093841401781108,50.54629503318756],[3.096517237217851,50.54706754804061],[3.098950085613805,50.547871181316445],[3.099668907351941,50.54813545135094],[3.101346697631996,50.548752252377845],[3.104777975561386,50.550228821792324],[3.108429056748622,50.55206140070982],[3.113431824543179,50.55472916437393],[3.117323067466498,50.55680385666409],[3.118435122960523,50.5573967157746],[3.122330653686807,50.55944118244084],[3.125703436950716,50.56119262918168],[3.127698910403029,50.56214097532601],[3.127882667148442,50.56222830199953],[3.12948389675043,50.56292131675011],[3.132009473514927,50.56396671831041],[3.134078826520647,50.5647467937079],[3.135977678761815,50.56541083845255],[3.138302489743613,50.56617507041995],[3.141517979424067,50.567102908715526],[3.147674073572263,50.56856303815506],[3.153404475769276,50.56952658349872],[3.156925682501039,50.57003210039971],[3.161106426408743,50.570632159263596],[3.166484748262554,50.57144607060229],[3.168360859516315,50.57171290968156],[3.171339839104123,50.57213654523835],[3.174381799106979,50.57252732103255],[3.176997708234099,50.57280244965509],[3.180695893482204,50.57301398721137],[3.182386283523478,50.57309346346499],[3.187885273544826,50.57335184560874],[3.191479142302778,50.57360872606581],[3.194563142454183,50.5738944827558],[3.197659941458907,50.57429008287114],[3.200240233553167,50.57463785502967],[3.202323871227882,50.57491864520608],[3.210862462151865,50.576090205403816],[3.215822495792649,50.57667063781633],[3.21796458927923,50.57684545000038],[3.219967641425928,50.57700888066639],[3.2258883919751,50.57727308732229],[3.231327082972877,50.57728661957657],[3.236412518836938,50.577115514661685],[3.237973087454689,50.577030604465],[3.240648261943283,50.57682911977239],[3.241062982787573,50.576786523346584],[3.247661842544599,50.57610855065061],[3.259480898502755,50.574647300477906],[3.261632942519939,50.574368083706446],[3.267417142002165,50.57361741218861],[3.26886051628486,50.57340942613664],[3.278596362805509,50.57200603336857]]}},{"type":"Feature","properties":{"name":"LGV Atlantique + LGV SEA (Paris - Tours - Bordeaux)","opened":"1989-90 / 2017","codes":"431000 + 566000"},"geometry":{"type":"LineString","coordinates":[[2.311963978120568,48.83408628350256],[2.311625538518386,48.83379408866265],[2.311268980568097,48.8334862463881],[2.306396977472028,48.829279403775935],[2.305232203281499,48.8283351065311],[2.305149895666119,48.82826837689903],[2.303288570664626,48.82675927327633],[2.301324818808902,48.82518850363935],[2.298069374681109,48.82250056860943],[2.296007667751747,48.820667315116005],[2.295352023929092,48.820113964507684],[2.294993032926892,48.81967510274551],[2.294824217215061,48.81896731072251],[2.294794579998347,48.8182276168343],[2.294963482329005,48.81746291562047],[2.295433100753094,48.81644475339846],[2.296678503717678,48.81521518822262],[2.3000458296305486,48.8120847863197],[2.300077173573335,48.81205564541451],[2.300582008296834,48.81158628780533],[2.301706649173938,48.810565680866546],[2.302319050334983,48.80959533654061],[2.302753422899193,48.80848934319372],[2.302899566365971,48.80742125719704],[2.302819018799746,48.80627266743381],[2.302566962349381,48.80540020871617],[2.302136500370383,48.80442377220785],[2.301101567194543,48.80293704231171],[2.299455612743444,48.80099450702881],[2.2994460325917365,48.800983200135065],[2.299402424993251,48.800931732591906],[2.294760629487803,48.79584474644285],[2.293153861649451,48.79413284983257],[2.292161569208057,48.792187024107875],[2.291509862645012,48.79075788866162],[2.290429655405092,48.787968096430745],[2.289843194155483,48.78684186946065],[2.289231995581658,48.78587092372711],[2.288380091269378,48.7847531215341],[2.287664675963869,48.78361655026371],[2.287072725759038,48.7823197782963],[2.286991939624573,48.781465882971325],[2.286370510667291,48.77714237624961],[2.286167579296702,48.77605473539339],[2.28589665352052,48.77497605214234],[2.285490951442148,48.77268391880707],[2.285424515069168,48.77111097496773],[2.285320123172718,48.76845484274166],[2.285222745963261,48.76419417873975],[2.285225896821104,48.762214600511015],[2.285138202763939,48.76060784827503],[2.285095790661337,48.75983072691525],[2.284825924317176,48.757799280504116],[2.284072115469607,48.75551662566507],[2.283435453238924,48.75391328053044],[2.282316926893571,48.75164980155153],[2.281489638979375,48.7503555304905],[2.279807110953651,48.74768522347332],[2.278026388345243,48.74490613412952],[2.277839814110031,48.74461493752261],[2.275330105487579,48.7407080783691],[2.274293113938039,48.73877037585922],[2.273395429148691,48.7371319295367],[2.27236166169804,48.735244967752784],[2.271329815929341,48.73378492016374],[2.270517409542236,48.73309641588272],[2.268661236391887,48.731437985644085],[2.267436084330131,48.73048443049274],[2.266683602700547,48.72991339405284],[2.266610935079423,48.729857305878035],[2.265132385389834,48.72871605763056],[2.258572374950105,48.72360232414698],[2.256541550591284,48.72174985116857],[2.255649881496976,48.72049313766893],[2.255509647237675,48.72003594660411],[2.2539861274089983,48.71506843976916],[2.253939288638686,48.71491570388431],[2.253442924521063,48.71329705914216],[2.25258990228407,48.710599374603504],[2.25208062100626,48.70898863287153],[2.251593287235028,48.707268148977676],[2.250918964061524,48.7048873231318],[2.250574943892776,48.70384779681873],[2.249813237895566,48.701902895230575],[2.247396006002754,48.697347945732],[2.246625327005896,48.6964821416809],[2.244616576002825,48.69393539257679],[2.242612409167012,48.69191128041436],[2.240145988435443,48.689567107974824],[2.239000896958643,48.68857026033555],[2.237971394052082,48.68781138696828],[2.235340884021658,48.68612365024915],[2.232044476485133,48.684186077305306],[2.22858842071967,48.682548297454694],[2.221612928988257,48.67955709715137],[2.215231550532176,48.67687031154168],[2.208141737339538,48.673632055154975],[2.20140940224647,48.670530382354826],[2.197558825510686,48.668473169723626],[2.196827066633929,48.66807680189023],[2.192053236324917,48.6647418124564],[2.191020382324287,48.66393119594383],[2.190139758200205,48.66324002690896],[2.188359226579106,48.661652002501825],[2.185599295399476,48.65924950369655],[2.184113274113912,48.65795643112556],[2.182082114288278,48.65636658743718],[2.178026642045954,48.6535352809103],[2.175587385939877,48.65207712988109],[2.169534498821717,48.64862981927694],[2.163210486489744,48.644998137989575],[2.162342655501501,48.644496598964665],[2.156497008914409,48.64111784780437],[2.153559807797451,48.63931879288262],[2.1535474037478792,48.63931119488321],[2.153181157414025,48.63908685223947],[2.15305553830428,48.639009904169974],[2.150621882345522,48.637179784774034],[2.146239287258599,48.633355071172296],[2.144855072872168,48.631785019315735],[2.144081251822726,48.63088456767354],[2.139340719845802,48.625360462478554],[2.137922293099829,48.6239647809826],[2.136532794091049,48.622776004846806],[2.135465219908769,48.621931756540604],[2.134198095699453,48.62092965355766],[2.132178944290385,48.61951320575608],[2.129601076481858,48.617942168182964],[2.126593441508708,48.6163383787679],[2.126022252306782,48.61603377826609],[2.123789594555554,48.614987042777564],[2.122267653684635,48.61434830942286],[2.119727853890705,48.61338713434962],[2.116401858541817,48.61230919834066],[2.113126105459209,48.61140311758161],[2.109596602187249,48.610603919811425],[2.106087145392843,48.609959288944665],[2.105090653252438,48.609773855707616],[2.10205142730741,48.60920823851625],[2.094994887456398,48.607737200666215],[2.08721562750646,48.605959254755454],[2.082430988853055,48.60484561305284],[2.077011351992813,48.603583882555284],[2.068567253661013,48.60165699186281],[2.068163237023595,48.60155516965039],[2.065226877700491,48.60081508093251],[2.061579315577806,48.59970566244614],[2.057201385428093,48.598096737853254],[2.053294203346064,48.596404531387186],[2.051317905152174,48.595430507227626],[2.048242521392074,48.593888821355485],[2.046133704765711,48.59294186803103],[2.043100194157826,48.591689952638774],[2.040687788837505,48.59078274896008],[2.036956020674675,48.58950997071857],[2.034638749632835,48.58873031826158],[2.031095013056501,48.58753788487724],[2.027677996603723,48.58639605737392],[2.025176832081638,48.585454157418155],[2.021623543355473,48.583959824667964],[2.020285970310253,48.58333712116568],[2.01949344591918,48.582968149360255],[2.016987016476712,48.58168029057217],[2.014092689055663,48.58008028738379],[2.009562842319669,48.5776725944598],[2.005452938592649,48.57557323341008],[2.003444336967955,48.57451874357434],[2.002616854691218,48.57408430362928],[1.995655636322796,48.57056761126785],[1.992412758010532,48.56911169983796],[1.989096931477814,48.567784690139206],[1.987404231578623,48.56722143774161],[1.985433124628219,48.56656549839501],[1.981172638361583,48.56535692264433],[1.97784694441166,48.56459716385102],[1.974897633762505,48.56405164849184],[1.971388541931122,48.56349071405194],[1.966072218374447,48.56260509828999],[1.961053382001791,48.56176936190439],[1.959884962021843,48.56157255402285],[1.956391653219131,48.56098406597049],[1.952885338040292,48.56030380357274],[1.949434728720012,48.55947533898566],[1.949049852158937,48.559382925239994],[1.946276884292333,48.55858653478726],[1.942109102452971,48.557129453734014],[1.940045323312804,48.55624585177785],[1.938284149995094,48.55543020810121],[1.93606313162681,48.55434905919158],[1.934328193974479,48.553422706789966],[1.932347510758466,48.552264436639966],[1.930428168272259,48.55102748134511],[1.928171123169565,48.549391439451725],[1.925789353169217,48.547445335934455],[1.92329614159586,48.5451259196542],[1.921220709216609,48.5428023154823],[1.919787126612458,48.540964588367856],[1.918912505342834,48.53962908265969],[1.917931086585698,48.5380598577516],[1.917001675556713,48.53628516795792],[1.915303122724582,48.532491689310966],[1.913490343620708,48.528362067225075],[1.912524572629218,48.52616169922657],[1.911203700268239,48.523084931680394],[1.909885951996636,48.52001505937359],[1.908057835026819,48.5158138278369],[1.9079516488999,48.515569777437605],[1.905129689126199,48.50912030665803],[1.904073604990969,48.50717796832859],[1.903084299968274,48.50546592859286],[1.902148015127388,48.50407118896611],[1.900595308554803,48.50194996805793],[1.899165162225938,48.50024172704366],[1.897580041393698,48.49853994827393],[1.896085513086511,48.49706868393909],[1.894355775625828,48.49545263872509],[1.892422597058103,48.493882192315915],[1.891097352242267,48.49287183143765],[1.889547971671944,48.491756391307106],[1.887408849273968,48.49035818476404],[1.88567551259145,48.48932339081449],[1.883796512209057,48.4882015607021],[1.880555541751477,48.48652356147],[1.878042001927388,48.485383029300564],[1.874701822379802,48.483989549852154],[1.872374557873508,48.48297691051189],[1.868229683633471,48.48125829293121],[1.862243942215922,48.47873775018137],[1.855645480388843,48.47593376528369],[1.854292762410557,48.47536712455083],[1.852316565826538,48.47453926440707],[1.846084346667533,48.47192044692296],[1.844029211247711,48.47112421730104],[1.841631244720589,48.47027142510185],[1.840424908536947,48.469821740491064],[1.837254210430958,48.468848152939955],[1.835840550440749,48.468467956997046],[1.834625615495456,48.468141189106035],[1.831308702538583,48.467324421489025],[1.828783903921165,48.46677676502946],[1.822953693685222,48.46544384667812],[1.820633103971696,48.46482675068178],[1.817439081281379,48.46386031281955],[1.81493463475912,48.46295530606456],[1.812690613940084,48.46211784298502],[1.812304418109102,48.46195016510077],[1.810225729324397,48.461047603004374],[1.807315331356657,48.459671838880645],[1.805467993154959,48.4586869083558],[1.803951206877014,48.45783201402305],[1.800793330067565,48.455835753084926],[1.798190864211898,48.453965752715156],[1.797392008228794,48.45339169650156],[1.79307568357129,48.4501811435858],[1.790251622281622,48.44820381780638],[1.786644654875808,48.44590707102404],[1.784884961225865,48.44486268845726],[1.780281485671672,48.44212229528833],[1.777279809556147,48.44014281343349],[1.775523862722143,48.43886524950074],[1.773695051451009,48.437439961731734],[1.771786792221936,48.435769068842895],[1.769063937030885,48.4330951858714],[1.766419078586781,48.430152722667465],[1.76466827928939,48.42816348575079],[1.762767457565971,48.42600359197228],[1.760635244007025,48.42355743899935],[1.756079796295207,48.4184163870153],[1.753843574649236,48.41586602365265],[1.751572258672438,48.41329939886658],[1.745223495938494,48.406103188929485],[1.742396384221046,48.40288960640085],[1.737360007799666,48.397163589258604],[1.735445039417008,48.39517866258653],[1.728168091291977,48.38867650263411],[1.69931420824675,48.362736966934534],[1.698062257551621,48.36144782187102],[1.696388978901426,48.35964431007231],[1.694996681049632,48.358039440526134],[1.693581843861488,48.35613847231938],[1.688950548000548,48.349765732642695],[1.68793101788684,48.34837385597508],[1.674967773486233,48.3306689435052],[1.673540048007009,48.32870957519171],[1.672407080046364,48.32715460536374],[1.668321383060228,48.321484118759905],[1.662021020398946,48.31279391253529],[1.659724437182597,48.30970209009899],[1.659365067438491,48.30920984480726],[1.657945794710461,48.30726569927149],[1.655434655510853,48.30424466515349],[1.651687743267277,48.30030232271931],[1.649239411147419,48.298079964422136],[1.645319000565732,48.29493757632884],[1.642217538557523,48.292757362067526],[1.63957831193633,48.29104528603595],[1.637030025329811,48.28951073430459],[1.633306666075296,48.287518909675974],[1.631842797986264,48.286812856612706],[1.622772729031606,48.282437346035785],[1.619814150483181,48.28088391928166],[1.618316911615956,48.280029039692494],[1.61758500153644,48.279611123271216],[1.614632733451975,48.27782935233032],[1.612111116019202,48.27618425831373],[1.607736826644182,48.27298079518079],[1.600565304171219,48.26766319503317],[1.598017852140657,48.26603503228714],[1.593731695449223,48.263534468278955],[1.593153786471592,48.2632362464359],[1.591241233684193,48.26224925567687],[1.587397731479095,48.26039510196573],[1.583329023691935,48.258677754488154],[1.577821893995792,48.256644863788175],[1.573546018744687,48.25528509183152],[1.570506329473187,48.25447887924166],[1.568794342984513,48.25402476597254],[1.561126838659467,48.252184413031955],[1.54409533091581,48.247650815702535],[1.543838168083313,48.247582336936574],[1.52934925966255,48.24371538967726],[1.521275464599936,48.241463445546714],[1.517430216960701,48.240308934523355],[1.516968117884957,48.240178825907435],[1.511587917471217,48.238663795590625],[1.503389933036585,48.2366724548043],[1.497909852220283,48.23525950613687],[1.490134100621998,48.23317993016371],[1.483327799376542,48.231359070627676],[1.465292528443469,48.2265251481675],[1.454365138593491,48.22362556780382],[1.44639649771095,48.22158051012248],[1.440885036341232,48.219997614669616],[1.437736109710261,48.21895500725559],[1.430493887445257,48.2159437849742],[1.424258469192102,48.21312115296172],[1.415114566217621,48.20917913815226],[1.412335796309235,48.20809689207187],[1.40699387579409,48.20619853334131],[1.40301112271326,48.20497688303554],[1.393695913369978,48.20244457166715],[1.389526721779412,48.20132529169489],[1.372119502779542,48.19674000834442],[1.369618077712775,48.19608204230024],[1.3669695101605,48.19549680683931],[1.363956838337348,48.194827076633025],[1.360915456384024,48.194222908239645],[1.356181092780065,48.19342898388903],[1.352291547298468,48.19285692834131],[1.348562946759645,48.19234725617282],[1.343267315190499,48.191605704117286],[1.335527059311188,48.19051335307916],[1.331727122953566,48.18982747767367],[1.325790689276406,48.18860189122958],[1.319981882628335,48.18708803605874],[1.314230395400821,48.18543420678273],[1.310787243592555,48.18428733131984],[1.306244110845194,48.18264160377775],[1.302342097227874,48.181075167632976],[1.298692781581686,48.179415644767275],[1.291832049935274,48.17623840709501],[1.282717993498069,48.17200991729013],[1.280376298977446,48.17092027052511],[1.265517988632559,48.164074595673895],[1.259553382824079,48.16135055273138],[1.255043691328441,48.15968746896553],[1.250657182492245,48.158182339899405],[1.246344387369433,48.156836207244254],[1.238502944522006,48.154664159059514],[1.233095919200148,48.15294981029837],[1.230494728474537,48.1520260591202],[1.226896368187479,48.15059822634384],[1.223877821079232,48.1493342998005],[1.220642595814085,48.14766126029053],[1.216768633720553,48.14534552489659],[1.213906850614165,48.14344049470802],[1.210766271603791,48.14125014343706],[1.206665685008285,48.13835487673057],[1.203278038350174,48.13612189377401],[1.201093075027354,48.134788873956076],[1.199008632562771,48.133589073953594],[1.195636469228876,48.131684552796266],[1.189971330599268,48.128559198574386],[1.187879090483173,48.12721855852532],[1.185187048960011,48.12539442346631],[1.18313981534009,48.12389630989221],[1.182966711275807,48.12375366510759],[1.181239316800271,48.12233016501796],[1.179432507299384,48.12071274077041],[1.178924862595766,48.120204408401655],[1.177695587043516,48.118973417386115],[1.175901228655885,48.11692119838358],[1.174704950268114,48.11556363878705],[1.17288954768751,48.11342904446494],[1.170590762705957,48.11111298915906],[1.168155934040582,48.10888545947214],[1.166838411039218,48.10774819285383],[1.165097493036914,48.106333818131105],[1.162632218023461,48.10445116898706],[1.159605463617701,48.10250700457793],[1.15732881512917,48.101241931205756],[1.153392778667963,48.09944145702791],[1.148750671556402,48.09759462753519],[1.145448169209944,48.09643614565123],[1.143553189673551,48.09577933281011],[1.123272554612923,48.08874697871361],[1.122567842706034,48.08850252138987],[1.116994845301756,48.08657397490546],[1.116024262117419,48.08622891798093],[1.1128906909331,48.08506609904374],[1.102879264752012,48.0811438195937],[1.095794680463834,48.07801800869141],[1.093953148279398,48.077085619171186],[1.093053207120144,48.076629945691835],[1.087958434136914,48.07364035595596],[1.08485277191196,48.07146453374704],[1.082427447693189,48.06968613245468],[1.080267061858796,48.0678329518191],[1.07767900478666,48.065581251003124],[1.076532821181489,48.06458395045287],[1.07259149422948,48.06019846822964],[1.070107512587595,48.05682038204319],[1.068673600232655,48.05482955613351],[1.065152422517514,48.049240003073045],[1.063085381865321,48.04569467173292],[1.062618280720916,48.04489344076003],[1.060502879589427,48.04114350222502],[1.05924361774386,48.03881131836951],[1.056713622266462,48.03412503230734],[1.053812852972199,48.02896548980707],[1.051076799562029,48.02415596900145],[1.049377637432949,48.02104894086004],[1.048562797086306,48.019357892665695],[1.047173149912039,48.01550547579956],[1.047091322047464,48.01517791800308],[1.046088776818429,48.01116438000293],[1.045079343892689,48.006179165579034],[1.04504883725852,48.00602848965566],[1.044924702637273,48.00265374609187],[1.044762480001617,47.99782915774154],[1.044776725891362,47.99460600859919],[1.045091479299247,47.99068520074798],[1.045303308820779,47.98884427021058],[1.045595841552847,47.98694319684818],[1.046091010173312,47.98415839197876],[1.046910439172362,47.98073779778233],[1.048256414241312,47.97686920952922],[1.051192258062767,47.96995284929263],[1.051685935689119,47.96881600754558],[1.052892477007617,47.966037364713486],[1.05366400335183,47.9642583660393],[1.054217993550309,47.96270412423274],[1.05429596068357,47.96246945062325],[1.055114715414906,47.960004946625716],[1.056380960362594,47.95578358450555],[1.056870006459024,47.953499239643165],[1.057683966709178,47.94805426023341],[1.057805161089789,47.94724343391141],[1.057937230114278,47.94577880502784],[1.05815819724535,47.942190902706194],[1.057964106178833,47.93826072083101],[1.057954846926011,47.938006073143626],[1.057742672892293,47.93217018862138],[1.057570525220825,47.92651961822521],[1.057318015132666,47.92128052007134],[1.057044665929252,47.91661198451608],[1.056911543007828,47.91484533738946],[1.056816043037228,47.91357790307282],[1.05624859380031,47.908737588442314],[1.05534595069113,47.90269153096074],[1.055220606882475,47.90185184557593],[1.054345756455977,47.89649694265464],[1.053239987482891,47.8916067681702],[1.053199425834199,47.89142736994125],[1.050914354706882,47.88287810340087],[1.050867958743156,47.88274025537111],[1.049916748628141,47.87991393062014],[1.048706173691425,47.87668415710776],[1.048653129303834,47.876542627044046],[1.046168007098511,47.87098509884951],[1.044335947271091,47.867203915771775],[1.042121535545745,47.86317914867721],[1.040568248707699,47.86065461141023],[1.039757175290797,47.859336279145694],[1.036188203765108,47.853704693912206],[1.034151238550366,47.850344425373024],[1.032387003602751,47.84724048072458],[1.030259751305503,47.843374986571924],[1.028673949726004,47.84004558038121],[1.025357260523202,47.83274299982375],[1.022271522826469,47.825918513592704],[1.018896380028779,47.81813155029396],[1.015341418442615,47.810297472606194],[1.014824455782445,47.80904953697679],[1.013032922663667,47.80472434076942],[1.010575352933605,47.79931550630875],[1.009309168665793,47.79649192933201],[1.007519175745738,47.7924997223954],[1.004432935800345,47.785463699879855],[1.002187995831121,47.78033932123065],[1.000292301522404,47.775642489857006],[0.99881585023618,47.770969719417],[0.998475626161029,47.76989283513238],[0.996564008745632,47.76245318403143],[0.995872844071826,47.75793253047485],[0.995636850186777,47.756388802041556],[0.995223466698245,47.75322477732207],[0.995069482868428,47.752046091830195],[0.993894606713625,47.73981290451479],[0.993217367002749,47.732758670576956],[0.993035729873751,47.7282490629556],[0.993148725429119,47.720982320183204],[0.993154674128223,47.72059970369198],[0.993717278033875,47.714286733632484],[0.99458262481394,47.708949381079044],[0.994871557138619,47.707640719188376],[0.996139157017683,47.70189859702214],[0.997439807750756,47.695656462532995],[0.99832649959047,47.69140015753253],[1.000092442577937,47.68247869246102],[1.000580559882248,47.68009574827291],[1.001159326217977,47.67726998122457],[1.001211981705475,47.67700621532828],[1.001944009045656,47.67333901139597],[1.002537218994198,47.66861412144366],[1.002730132295849,47.66589411262906],[1.002906897013101,47.66291027768356],[1.002867793489763,47.65874557327289],[1.002641491587717,47.653330201282365],[1.002291367350785,47.646015145892925],[1.001823749921666,47.63593956098409],[1.00148191162368,47.630838403198396],[1.001038376165494,47.62671941464626],[1.000521916117629,47.62316141006476],[0.999663655652798,47.61901772487356],[0.999058237443279,47.616450889244874],[0.998402751847496,47.6146253312653],[0.997545585058993,47.612213589177394],[0.997035916357631,47.61079537913366],[0.995321690991644,47.606275105643924],[0.993278112637013,47.601891333482996],[0.991789410681231,47.59891428865788],[0.98567021087452,47.58836280993114],[0.983585719825362,47.58472249009166],[0.979886466053841,47.578194873377534],[0.977405443519659,47.57376800384171],[0.975050022105517,47.56913170787905],[0.972554796966059,47.563721177099914],[0.970989439783711,47.559548253055105],[0.970092388921381,47.5569264169935],[0.969431935129144,47.554995918930224],[0.96866358880096,47.551802265094715],[0.966825740630902,47.543186196043514],[0.965821680533481,47.53987591516244],[0.964764097448114,47.536755375323025],[0.964327882508736,47.535468154730104],[0.963090716735541,47.53244880809039],[0.961956527630032,47.529861604803266],[0.960464296506062,47.5268132594122],[0.958894189927487,47.52420354909906],[0.957118154182072,47.52150157923596],[0.954636058755921,47.517767349048135],[0.9497865340472,47.51030215461907],[0.94746155967355,47.50668543520579],[0.943545013933264,47.50063327741478],[0.940966170757248,47.49689769965935],[0.937590429471233,47.49232207825281],[0.932346844972514,47.485112581492196],[0.929700019309068,47.481498495086825],[0.92737360327101,47.47832054868427],[0.925905297512491,47.47641422049524],[0.924518593935994,47.47479625827477],[0.923552374101757,47.47370491503612],[0.921780752419829,47.471833495365104],[0.920369707543178,47.47046405017379],[0.918407104184325,47.46861906939278],[0.916489592672463,47.466950578110904],[0.91386322828443,47.46485640986339],[0.91035882231138,47.46235983393027],[0.90683596167225,47.460012174527044],[0.904126340676873,47.45840828868401],[0.900401457476834,47.45637201464866],[0.896024010076929,47.45426445073011],[0.892852972437084,47.45288038383238],[0.882499185322893,47.448721134930565],[0.878427620291094,47.446872175481566],[0.876358686204329,47.44580645593836],[0.874545194663251,47.44483322539352],[0.868746601049742,47.441473303405175],[0.864164732196572,47.43881789112291],[0.861158079756239,47.4372514251712],[0.85925351121941,47.4363624390408],[0.857611284701137,47.435595856007964],[0.853456484420638,47.433909132504695],[0.849290898616419,47.43221777355819],[0.846659801363189,47.43099173636048],[0.843907920712811,47.429552525982],[0.841113988836089,47.42787523470376],[0.838932736679192,47.42642012846843],[0.8371775639664465,47.42502330315341],[0.8371869733709156,47.425030791737],[0.836988373554639,47.42487273304022],[0.835013472254446,47.42312264639162],[0.832898023164045,47.42100966100491],[0.831080050118567,47.419227277449224],[0.828052070303783,47.41664027861293],[0.824075422192648,47.41383335836249],[0.822043739387998,47.41241786925109],[0.817492328435418,47.40924646264135],[0.808210994562013,47.40279515569863],[0.805259821425178,47.400739297033525],[0.800343534129873,47.39692087256528],[0.797599087549134,47.39474255277992],[0.795166972423439,47.39252615280679],[0.793730412679152,47.39096123424551],[0.792715055455486,47.38964249835688],[0.791907058860915,47.38849144700846],[0.791644332415492,47.3881171616306],[0.790486110512201,47.38624417199335],[0.789629102817167,47.38448068965448],[0.788875126762749,47.382381829657646],[0.788323148950791,47.379783981909],[0.788149952208259,47.378968789655154],[0.787915394637469,47.37662896517511],[0.787991088793636,47.37448533222356],[0.78796973260776,47.37372028777858],[0.787821517320779,47.36841015062097],[0.787791164015731,47.368169634892666],[0.787696779556088,47.36742173044911],[0.787338304667812,47.3659271861892],[0.786847768546935,47.36423983425394],[0.786044375621963,47.362114039874356],[0.785188613087239,47.36033322071015],[0.783816196531549,47.35811870931911],[0.782198309517788,47.355994636816156],[0.780307033500815,47.35402100649957],[0.778361544526477,47.35222975444589],[0.776549550808718,47.35081076878584],[0.775057959400957,47.349755965098794],[0.773699235648279,47.348851824721095],[0.771125728524956,47.34738392833901],[0.769055037783244,47.34637541274207],[0.766992105134501,47.34548810282078],[0.763422255646689,47.344145460147416],[0.762556584555734,47.34381984908446],[0.759627319943142,47.34265621931659],[0.756906681460158,47.341375446286406],[0.754235121900215,47.33989085233663],[0.752907998173981,47.339014616760856],[0.75131590344548,47.33790745863999],[0.750648382421828,47.33740225568219],[0.7503824004548751,47.33720094759752],[0.7873829903027787,47.366593914601054],[0.787630840048774,47.36828081957423],[0.787925309067272,47.37075019328284],[0.788095483154775,47.3751281618903],[0.788263025993904,47.37820985862657],[0.788850721818368,47.38165219017476],[0.789932137225831,47.38469407006043],[0.790436228362607,47.3857425263505],[0.791665999800701,47.386890546929216],[0.792286443289343,47.387159667664754],[0.793838601631526,47.38763709043742],[0.794649593327963,47.38770966515797],[0.79625214928823,47.387644749141884],[0.798343221281031,47.38730313773747],[0.800722149308652,47.386785848762145],[0.802770700415506,47.38645288514628],[0.804306214915012,47.3863103445679],[0.805989736507672,47.38632307177323],[0.808382585636307,47.38649211396249],[0.809898245391764,47.38683519981478],[0.811422893590279,47.38730233593658],[0.813341240392046,47.3881819193933],[0.814530786932076,47.3888666839673],[0.815673455782226,47.389755467754235],[0.816789712020777,47.39086295228677],[0.820531368016816,47.396179870797084],[0.822285234523563,47.39861449372678],[0.823213009271235,47.39961830270732],[0.824544637972909,47.40052958714106],[0.825758182728508,47.401238501192104],[0.82702136984798,47.401762479916435],[0.829392797240944,47.40247869159494],[0.83085305110415,47.40264413803383],[0.832964089398793,47.40287242910323],[0.832964089398793,47.40287242910323],[0.84157677547354,47.40380340136139],[0.7874020293415672,47.36672350117949],[0.787083191231602,47.3645532890666],[0.785017445181927,47.36022495218177],[0.782379629928974,47.35617157771255],[0.777523681377922,47.351503843566995],[0.772064581611624,47.34787274073369],[0.7705554808273859,47.347213626757984],[0.7708510225365801,47.3473427102344],[0.764076186183166,47.34438332061014],[0.756640059713552,47.34125729613827],[0.753683317806458,47.33957258386343],[0.750924535096635,47.337688252366796],[0.748247671991333,47.33552034704995],[0.744966159783104,47.3326933860982],[0.739364605998877,47.32797256914486],[0.737350801339793,47.326180864194804],[0.734707200044619,47.32346763327147],[0.730680424103491,47.31877474168115],[0.726761124755217,47.31466641879838],[0.722765224069458,47.3115716871507],[0.718952301829574,47.309283511409404],[0.715571625068071,47.30765033165316],[0.707626040845625,47.3046768733156],[0.703944212256278,47.30328469126828],[0.700737589807104,47.30182071580779],[0.696658740151911,47.299502628683385],[0.69431426196878,47.29787815933293],[0.692189266925668,47.29619575834372],[0.690575831354062,47.294763694766054],[0.688450944752742,47.29261832280023],[0.686675824970603,47.29052574831817],[0.684885819425178,47.288011333451436],[0.683075065082046,47.28486773877418],[0.681410733773493,47.28177575382723],[0.678927274991562,47.277353720541775],[0.677360613422626,47.27501361218396],[0.675291393223027,47.27220064973985],[0.673163484677836,47.26930318264584],[0.670745888780551,47.26553574742543],[0.668933111962923,47.26196869118874],[0.667379121687742,47.25787976717356],[0.663209876599122,47.24373839562178],[0.66163746372306,47.23820029736308],[0.661012172748221,47.2352079331169],[0.660521227548221,47.23131520077781],[0.660033708102042,47.224598952565835],[0.659085393749406,47.21731474617379],[0.657033093919351,47.206638610282155],[0.656383520189462,47.20305444913015],[0.65596523808976,47.199104472655925],[0.655942427429089,47.19457294900697],[0.656396280356793,47.19011508171188],[0.656899804475782,47.1874320190853],[0.658603965848506,47.181612199988],[0.661257295624634,47.175663317145165],[0.665537179720635,47.16881316696066],[0.669003966674042,47.163830538423234],[0.672513898079302,47.158783626783595],[0.67648512587373,47.152275558878515],[0.677974389183922,47.149122691500416],[0.679183753382901,47.14600758038489],[0.680398912216468,47.141895979931945],[0.681386016153755,47.136280125966664],[0.681569953643089,47.129438345014385],[0.680874650922042,47.12374349600205],[0.679482059920078,47.118327521787606],[0.677282877741242,47.11278567565928],[0.675708208998769,47.10971908339399],[0.673427351013676,47.10599457788644],[0.669124632690974,47.100351497443256],[0.662812418843347,47.09396412940367],[0.658024247239466,47.09005822760244],[0.652710359755828,47.08638820161981],[0.647536188292793,47.08334050856289],[0.640656796004959,47.079867396815395],[0.63274896054234,47.07600744196321],[0.623414989561005,47.07128213099427],[0.617889568255036,47.06799649249643],[0.612460059376084,47.064290936424314],[0.603695298986676,47.05803597282742],[0.598641005529932,47.054338996778995],[0.588861242236885,47.04744197775932],[0.58367645155257,47.04341442080239],[0.582396639011306,47.04230440638013],[0.579507467667739,47.039589331430356],[0.57483395599355,47.03440758467095],[0.572279684651933,47.030988934925766],[0.571149778168508,47.02928802756663],[0.567327973057739,47.02313008091199],[0.563791744913771,47.017410275625274],[0.560819903021573,47.01260232887586],[0.557883138912634,47.00813689954626],[0.553320725734661,47.00270393130067],[0.548360344620811,46.99809139197172],[0.542862508542571,46.99393354273573],[0.534806653211409,46.98820349809551],[0.525973791783717,46.98277590741863],[0.518958973217685,46.97924627244504],[0.516385605559928,46.97808541119286],[0.509807356173534,46.975154908591655],[0.505068036896162,46.97304319962894],[0.495632920843979,46.96880769290002],[0.491971851781058,46.966988918413634],[0.486325125344721,46.96377587700483],[0.481200354375386,46.960347919954636],[0.477314007372343,46.95737723958829],[0.472098684967972,46.953268545664976],[0.467136253005108,46.94909925388445],[0.46354611028953,46.94556356010864],[0.458890206532288,46.940007102886],[0.456167671142359,46.93597609409969],[0.452903885325634,46.93026502973806],[0.451354738022277,46.92761467293214],[0.449373553570598,46.92462768715422],[0.446756639313304,46.92121804710728],[0.443371326833789,46.91742301642705],[0.440634058583401,46.91451641445411],[0.436577378155282,46.90995926823114],[0.43447757099555,46.90722348857499],[0.431303107354893,46.902503792745605],[0.4277321520934,46.89706146045399],[0.425532588165311,46.89370859984293],[0.420370461191684,46.88583800700649],[0.412709696651856,46.87415311185876],[0.408234969835887,46.86732526360162],[0.405015597877012,46.862411741903934],[0.402115990526871,46.85817665120606],[0.398581269510541,46.85349204975317],[0.394769859068926,46.84809291665425],[0.392957300667995,46.84496924500545],[0.39021791905152,46.83890049368387],[0.38860378931305,46.833574003897795],[0.387775004483253,46.8290053957847],[0.387455186763708,46.82222749314538],[0.38766760448357,46.8151060030339],[0.388029248301324,46.803137770539635],[0.388190876323919,46.79778748348078],[0.389164202350914,46.78719417384989],[0.391125654270453,46.778046175486836],[0.393672672523638,46.76684464627078],[0.394590561495699,46.75329433311673],[0.394302205435979,46.74940582389602],[0.393005356529499,46.74287412011349],[0.390936929805262,46.737004671656905],[0.387889064327413,46.73103476106933],[0.381640292862955,46.72189018010042],[0.376884981453244,46.71515546695666],[0.373833484665747,46.71070024407908],[0.371604137763485,46.70688019285066],[0.368156371593868,46.70065438190668],[0.364335725617311,46.693753427593975],[0.359881496498983,46.68550476696774],[0.35763782351421,46.67994702700259],[0.35611290987407,46.674042016975946],[0.355284737085785,46.668363617367135],[0.353986247812081,46.65794600690599],[0.352243266270868,46.65037221101998],[0.349918507708563,46.642321816502374],[0.346479854940689,46.634465305253045],[0.341714689440529,46.627185548397236],[0.337212992499612,46.621977170455615],[0.327715186949118,46.61362090268694],[0.319628130371466,46.60712187918806],[0.31246193077479,46.601361104741216],[0.30300844123207,46.593741942606655],[0.295871537957049,46.58694848668729],[0.290284038056102,46.580526960247454],[0.280781124404669,46.57053509414605],[0.27184106778188,46.56185698918024],[0.263859669856665,46.55410651408647],[0.259369958426056,46.54974548278202],[0.253377265457846,46.5437945332345],[0.24924593516323,46.53892929552997],[0.245658940910859,46.53374786593962],[0.241319017891079,46.52604630175488],[0.236827947968346,46.518306747576844],[0.232795132634241,46.51142791878122],[0.230096046354084,46.50646144490456],[0.22486000572453,46.49724437487677],[0.220485406825003,46.48969905046576],[0.216126795734153,46.481757054451705],[0.21295633655949,46.47478337241405],[0.2107795249645,46.468256701050386],[0.208958197367882,46.459240048739964],[0.208456866983919,46.45209497770983],[0.208243415642158,46.435642003686155],[0.206708687124738,46.424192762994544],[0.204734205939496,46.417292314371586],[0.201088644086227,46.40864329685249],[0.195643109719517,46.39741564989449],[0.190141682732812,46.38745036725127],[0.179464920885177,46.37514638012135],[0.167423484834337,46.36246963260672],[0.15259401961676,46.34240539388645],[0.144359051943877,46.32540379606463],[0.13657562088617,46.304755244006095],[0.134368901975765,46.290242828207795],[0.134487542374907,46.28368545169036],[0.136883907474451,46.270029108976445],[0.139988503105314,46.2569330072247],[0.141546723559841,46.24643357159837],[0.141901946248603,46.235224547145556],[0.140806055598673,46.223308364309666],[0.137486392869261,46.20913017425734],[0.133772608397271,46.19700522284283],[0.132882368855919,46.184731740270955],[0.133376681332443,46.17137772026297],[0.133194162084097,46.15614094726464],[0.13116288644583,46.13909100346855],[0.128916391198539,46.12337853253969],[0.126543972109577,46.102291472703804],[0.125086535543145,46.09272507785728],[0.125433492858435,46.08234375406019],[0.12632899731591,46.07559032084466],[0.126942250474232,46.07095491403543],[0.127676611236524,46.06166399317267],[0.127626267591254,46.0547538321002],[0.12736764823825,46.050768824132994],[0.126756358811008,46.043345494280416],[0.126340491204931,46.038294364722155],[0.125940855163557,46.03343950719288],[0.125484328666285,46.02789248158274],[0.125015730887811,46.02219761723166],[0.124497613879922,46.01589956999348],[0.123783626439879,46.0072182222125],[0.12323292929999,46.00052043937179],[0.122454067600431,45.990871674412304],[0.122289582681225,45.97241329631911],[0.123141106359051,45.959750279679184],[0.124931802002259,45.941344317331726],[0.126194116207355,45.928361998667064],[0.128275076904415,45.90692859591736],[0.128240885626278,45.89766554546244],[0.127339042687271,45.892424272953555],[0.125821743449422,45.887312434750214],[0.122649779847633,45.8802507480628],[0.118226855042514,45.871689685022524],[0.114916315239156,45.865279935020226],[0.11183535777304,45.85902845820571],[0.109040048863769,45.85375913343298],[0.106554077966078,45.84763343599926],[0.103112864182956,45.83867217441995],[0.101030229645633,45.83232415116559],[0.10013678050495,45.829562279634516],[0.098771173274902,45.82534030377125],[0.097267932199052,45.820692047398545],[0.0953974359631,45.81490706068402],[0.093213015424792,45.808254501030056],[0.091003646737496,45.803144442410215],[0.088610526656963,45.798966459278866],[0.085133654003938,45.79416491177643],[0.08079122535281,45.78939315871949],[0.076013654787468,45.78500631742977],[0.069711558222976,45.7791715507435],[0.064905921894298,45.773627306307944],[0.060804398593203,45.767359974344274],[0.058113057977665,45.76163144910613],[0.056463566796832,45.756461522719796],[0.055455061256983,45.75083962447206],[0.055224024517752,45.74569331211621],[0.055912230148755,45.73896101100385],[0.056808316260604,45.735150125517556],[0.058552540273253,45.72970577773663],[0.061157721818517,45.721787892421844],[0.063292222821974,45.7152988067526],[0.066534902951626,45.70543776515729],[0.068491104627146,45.699487182558734],[0.070941991213029,45.6920299635572],[0.072957641028288,45.685883877727086],[0.074622135624263,45.67888905477636],[0.075045868957286,45.67334858288696],[0.074747850509214,45.668258611504335],[0.073532365592512,45.66208393873989],[0.072043814182959,45.65598934980618],[0.070901725215073,45.650979250658445],[0.070419064670884,45.64732336731487],[0.070416634378475,45.639286130969],[0.070541262817929,45.63522614015501],[0.070652069332362,45.63011143639704],[0.070419782747202,45.6262817265894],[0.068808515226599,45.618224166952125],[0.066733071836416,45.60943230522579],[0.066257910241464,45.605955490652214],[0.066083825210943,45.60069957959368],[0.066097454083213,45.5938877342279],[0.065846579940759,45.58713328500073],[0.065275942697367,45.58028313387309],[0.064311957669614,45.57347234750122],[0.063769701644742,45.563518895583144],[0.063533490540935,45.55971126946994],[0.062915730880853,45.553785558197035],[0.062023075895108,45.54975613709379],[0.059395804831038,45.542382391406804],[0.056517652874638,45.53504210086414],[0.053890925027074,45.52604557791664],[0.053298540517459,45.51985544143306],[0.053405957702449,45.516163648390275],[0.053811651729727,45.51141343121178],[0.054334371393693,45.505448810718214],[0.054542767634794,45.49953967091049],[0.053913394575858,45.49376032967738],[0.052805155961079,45.48919494142799],[0.050637132400997,45.48351905076482],[0.047093558562205,45.477189062160754],[0.043242328457576,45.47206383360678],[0.039411739986597,45.467520726932506],[0.034186327003269,45.461009074531624],[0.030576423569012,45.455974299764804],[0.026190962122275,45.44984907396815],[0.021064201802862,45.44268654469573],[0.01449780936177,45.43350969616929],[0.008156324998876,45.42464393783276],[0.002355238671018,45.41687124495179],[-0.004796033089399,45.40794415987217],[-0.012137216566465,45.39877183368253],[-0.017337805661018,45.39128989618581],[-0.021821306537261,45.3822436856963],[-0.024473482445028,45.3736074976334],[-0.025647663860625,45.365166873341224],[-0.026287700384759,45.35333497600275],[-0.028015167950918,45.34318111523334],[-0.032431862446618,45.33254901914799],[-0.036144680961174,45.32670052946483],[-0.041388110687867,45.320357081936464],[-0.046784893251028,45.31503618838351],[-0.053018794269087,45.309044494268896],[-0.061643211232356,45.30156574195757],[-0.069170360783003,45.29627153562271],[-0.079703214232076,45.28964255721358],[-0.091846443726226,45.28200728883472],[-0.10281817562592,45.27494438737484],[-0.112608511852888,45.26861468618201],[-0.122238303900817,45.26219700418394],[-0.130448349950844,45.25488951965004],[-0.135443657542571,45.248682099533376],[-0.142370144818274,45.23877637786168],[-0.147147697639047,45.23193997616023],[-0.150256586861572,45.22749033112645],[-0.153894617476875,45.222464890165035],[-0.157466883761985,45.21836974810186],[-0.162852049418047,45.21337327380334],[-0.168412034182859,45.20921836075547],[-0.173445600220854,45.206095331014396],[-0.179941024210251,45.202761965343726],[-0.186374952622956,45.20009264045701],[-0.197273897048637,45.1964825998033],[-0.20817577610484,45.19298036172128],[-0.221984360472289,45.18854218718991],[-0.249429679444402,45.17963892529188],[-0.257765938147216,45.17614731202235],[-0.263262805340022,45.17326031260437],[-0.26795130023779,45.17034542289829],[-0.273182392755189,45.166474177050084],[-0.279389635415758,45.160713294222546],[-0.284805016824508,45.154961545355064],[-0.289590503795957,45.14989333068702],[-0.295352893673934,45.144634364355674],[-0.302002423856011,45.139859806274856],[-0.312480104319628,45.13421911778362],[-0.324518252842842,45.12925280626545],[-0.330476829996953,45.12682851842768],[-0.340961598537283,45.12172532800318],[-0.348356792101348,45.11689116181659],[-0.353228333041241,45.11291901380012],[-0.355688766815778,45.11059082738683],[-0.359107915306417,45.1068718447459],[-0.363040056654978,45.102306503550906],[-0.367718178829591,45.09535890850339],[-0.370507300169596,45.091627094766345],[-0.375644811786114,45.08523397524592],[-0.379216726683235,45.08093823183327],[-0.383806149557299,45.07576815091207],[-0.38636280578027,45.07290073284367],[-0.387850541019115,45.0711421523023],[-0.390575785232648,45.06745653049529],[-0.391826679725185,45.06550360329431],[-0.393309555393154,45.06307712629602],[-0.3951286515277,45.060093062419206],[-0.397102707107355,45.0568544104285],[-0.400421386971585,45.051408839154604],[-0.40337802765894,45.04655636307686],[-0.406627797055131,45.041460253067534],[-0.40828512720919763,45.03901787201638],[-0.4082179664610274,45.03911685025647],[-0.408554726899635,45.038620545217576],[-0.411198927362838,45.034726757354186],[-0.412997392983616,45.0320604913287],[-0.413985062426556,45.030473946236356],[-0.414857282431916,45.028879156952584],[-0.415504219400989,45.02752793821051],[-0.416219089290987,45.02578617678041],[-0.41681393162663,45.02401529498906],[-0.417377298643343,45.021962680484194],[-0.418027714414741,45.01945358091601],[-0.418682514265932,45.016927211333],[-0.41911872462846,45.01530086759298],[-0.419868806403887,45.013001377548804],[-0.420683203322852,45.011042334845214],[-0.421650885706691,45.009094965828524],[-0.423071568454168,45.00640200861706],[-0.423894120496061,45.00466306465795],[-0.424801550081316,45.00230149529761],[-0.425202872766604,45.00099564329978],[-0.425952355177343,44.997409034927436],[-0.426189033986077,44.99481302765576],[-0.426360788472491,44.990941773479165],[-0.426619800163251,44.98738640592184],[-0.427423610865921,44.983469159281135],[-0.4283454769781362,44.98085499750607],[-0.42830091811664334,44.9809813599767],[-0.428600958086455,44.980130478928174],[-0.430617760660314,44.97619632758904],[-0.433782186692691,44.971334689584694],[-0.435926517418457,44.968114845385465],[-0.439111477590414,44.96414578786927],[-0.445108271934531,44.95859729017626],[-0.447576953009707,44.95644937080648],[-0.452248675030252,44.952384060166686],[-0.4566073189603897,44.94859048363224],[-0.4564303148474871,44.94874455341898],[-0.457160021947848,44.94810938690668],[-0.461652799486975,44.944198266362704],[-0.466694021054917,44.93980884564447],[-0.468488880936959,44.93822354396923],[-0.470855494514855,44.936598914545165],[-0.472291593989563,44.935876604060006],[-0.474425109134307,44.93514684442377],[-0.476480459828509,44.93445661206969],[-0.478807891459089,44.933905732789285],[-0.48410471427224,44.932504256469215],[-0.48974267716448,44.93090710808193],[-0.494553873388215,44.929465599550305],[-0.497612683628972,44.92855178740667],[-0.502693902893427,44.92705909405306]]}},{"type":"Feature","properties":{"name":"LGV Est europeenne (Paris - Strasbourg)","opened":"2007 / 2016","codes":"005000"},"geometry":{"type":"LineString","coordinates":[[2.642498842106691,48.875336594579416],[2.647262184614903,48.87572792239916],[2.650174536302749,48.876004762204396],[2.652514520828879,48.8763556493346],[2.655665342405351,48.87705614267547],[2.658052131469475,48.87774887220981],[2.6605304142642923,48.87874059936021],[2.6605231673174243,48.8787376995103],[2.661731,48.87922100092084],[2.661752,48.87923400092085],[2.664455787429951,48.88066790404117],[2.667381075307065,48.8827167357602],[2.669691252057528,48.88479260921241],[2.670781912232286,48.88606963426534],[2.672169916194188,48.8879589101064],[2.674612238942288,48.89255402230679],[2.675819088320923,48.8946745398383],[2.677284634398948,48.8970125132294],[2.679092813265486,48.89958349694645],[2.680565551636457,48.90147810093485],[2.682773824809128,48.90437985701061],[2.68552933249357,48.90827665883372],[2.687070430501772,48.91079922119103],[2.68934736380621,48.91498786216883],[2.695275502111517,48.926057661093616],[2.697985630258659,48.931032264291474],[2.699652830694245,48.93344334215827],[2.702206008063318,48.937195830699785],[2.703880095225595,48.93943555661203],[2.709743106357262,48.94784565615889],[2.711273835809035,48.94975451387027],[2.713119053235405,48.951932385644525],[2.715187183277758,48.9541540887185],[2.718558476742817,48.9570891466531],[2.718950935516263,48.95740775547407],[2.719240011752726,48.95764243213036],[2.72186170480902,48.95977063309828],[2.72767035658757,48.96453884121124],[2.727824696797537,48.96467456910024],[2.72989979904881,48.96649933915068],[2.731961621769339,48.96817456708726],[2.732500023535719,48.968611993687674],[2.734228889104887,48.97001843780177],[2.735779493475417,48.97125321411329],[2.738235511525649,48.97330235190185],[2.740094478374978,48.97493997846089],[2.743223059230415,48.97713892660723],[2.744365538672259,48.97789301415736],[2.748450720446945,48.98030934589932],[2.752671336224839,48.98228213412117],[2.75580397144318,48.98363270947886],[2.759403509441731,48.98495277734687],[2.76263616061179,48.985928591665726],[2.76531911015005,48.986716208250364],[2.772235439285068,48.98829617011502],[2.77626971493763,48.98902391133388],[2.783151659516906,48.98982712113396],[2.7853860014053518,48.98999540010186],[2.785364400667622,48.98999377346222],[2.794562926459093,48.990686092458034],[2.801177311491642,48.99118325396484],[2.813278177888207,48.99199517277985],[2.816933281992567,48.992355583580064],[2.822128061021231,48.99298491547528],[2.825376188313115,48.99351466288179],[2.829689201700535,48.9943109362065],[2.833158310210722,48.99513232338367],[2.838036015653966,48.99644111209381],[2.842139849900879,48.997808185290815],[2.845624200714172,48.99905781637658],[2.85538065104457,49.00293447624923],[2.859835003361077,49.00436382559042],[2.867127243049693,49.00658901211181],[2.870925302947158,49.007495511008564],[2.87847439307187,49.008693726197194],[2.883554625965979,49.00932822098562],[2.895228305270827,49.010333285418525],[2.902096506223141,49.01107842092698],[2.90540761121726,49.01148473652281],[2.910239676976657,49.01223171334361],[2.914856479384092,49.01308298895448],[2.923750804465065,49.01534408314497],[2.929887818722531,49.017276733679836],[2.933267336645568,49.01831476841463],[2.947561168439415,49.02308479777638],[2.952845321223649,49.02461978992287],[2.957451008700628,49.02589075336774],[2.966008665294855,49.02819718976642],[2.970314761107791,49.029240720002576],[2.977412433512957,49.030907757308555],[2.991465799229127,49.03397517936116],[2.996034743486641,49.035001699048635],[3.006274747699231,49.037421395760994],[3.015925639298803,49.03952801706264],[3.023424,49.04130300092043],[3.033104246088256,49.043456925231325],[3.054420874706536,49.04821049272915],[3.064968337599155,49.05063408912966],[3.07098000000012,49.0520920009204],[3.072340000000203,49.05239400092045],[3.08052300000036,49.05397500092047],[3.086494257427939,49.054976520124185],[3.091341900471815,49.055574444005636],[3.09713374908928,49.05610322590783],[3.101588540765067,49.056379585669184],[3.109891408837875,49.05665307595881],[3.116319789562541,49.056475004557605],[3.125716792899281,49.05587690747339],[3.130294141851464,49.055405585227994],[3.139668296771562,49.05417025514928],[3.143129102633797,49.05367928742974],[3.149756022330672,49.052692725551736],[3.161782247913528,49.05097217731452],[3.171774700032857,49.04952613618377],[3.177816000000304,49.0486210009205],[3.186471652296648,49.04760454607667],[3.19101449465766,49.04724982919345],[3.195663337189359,49.04688374285195],[3.209185672566056,49.046290843949514],[3.212246411205698,49.04612266948033],[3.218482,49.04580500092041],[3.21862200000011,49.04579500092043],[3.221778468901813,49.04568105410648],[3.226278698308824,49.045458129756604],[3.229882562493296,49.04524928404434],[3.236934146064108,49.044923900352615],[3.240343139109034,49.044779224275054],[3.247165318972749,49.04458532892966],[3.252317112733848,49.04453060712825],[3.256108211629402,49.0445625164593],[3.259670632067387,49.04460369831723],[3.265314259473557,49.04471409925305],[3.272085961898556,49.04502435685419],[3.277673848899685,49.04538150027374],[3.284007237335602,49.045868675385364],[3.287497491476935,49.04619028376693],[3.293596999998232,49.046897275991434],[3.297097008977889,49.04736775574934],[3.302971040248154,49.0483942903159],[3.309023655874994,49.04964522951151],[3.315656930354723,49.051323536377936],[3.323076845007025,49.05326933714685],[3.331360707618276,49.055416448061116],[3.342370785397613,49.058429950839155],[3.351042523484721,49.06112695952589],[3.367588964791651,49.06672129109255],[3.370783686240648,49.06773106306352],[3.380579986208574,49.0711015446378],[3.386928988531252,49.07325118215442],[3.390987900325651,49.07461309896411],[3.395817686122646,49.07627286971248],[3.403669525876064,49.07945627436084],[3.406818278473555,49.080840049646426],[3.415265757558868,49.08484891106141],[3.427979942296229,49.090859129660856],[3.435937867811807,49.09439164346452],[3.443538325403137,49.09734915106959],[3.45068928037169,49.099791821857174],[3.457474241979546,49.10188910462252],[3.461612038943358,49.103062026123645],[3.469346044750652,49.10498498876844],[3.479072220866893,49.10734722690561],[3.485164281318444,49.108863991233235],[3.494129223977688,49.110974769219936],[3.50703718643987,49.114044607832625],[3.513702017095356,49.115763161030294],[3.522306718619624,49.118193485709526],[3.529084980385138,49.12002435550826],[3.534690649563149,49.1212591256786],[3.540244784908589,49.12227372682481],[3.550566697694872,49.123786536515134],[3.564185052063435,49.12583016838189],[3.567229125719426,49.1264445065041],[3.572264155499534,49.12751015295979],[3.579595548813602,49.12921306247363],[3.589934569355451,49.131678284173546],[3.5924092683519624,49.132240751803685],[3.5923946927715065,49.132237439157066],[3.597161348247477,49.1333206546284],[3.604359228113968,49.13498070402948],[3.607929059914309,49.13591032929319],[3.613554272445568,49.13761104766654],[3.619647885949702,49.13977104376377],[3.625428907123623,49.1420689461015],[3.630160000000204,49.14379700092016],[3.634681592286671,49.14535526182269],[3.639355310522673,49.14676018294504],[3.643693441016466,49.147850726365284],[3.649439444503047,49.14921990228425],[3.65588326832051,49.15074701966788],[3.662594336776626,49.152563926825124],[3.668334795644786,49.154339751597284],[3.671715674923256,49.15552597592599],[3.676926000000115,49.15759600092001],[3.679299897708453,49.158542413817784],[3.685342753854902,49.16136101051693],[3.690273470550009,49.163994022657334],[3.693366782534704,49.165776315214615],[3.694939925719306,49.166790460274434],[3.697858020058001,49.16863604751941],[3.703636000000221,49.172717000920045],[3.703658,49.172734000920066],[3.710039,49.17765500092009],[3.71006,49.17767100092012],[3.717159478865001,49.183064176184025],[3.722482084459986,49.18688886895275],[3.727290334696469,49.18973657723044],[3.731422851243704,49.19199606322428],[3.735424881203581,49.19400666787063],[3.740699948874172,49.19638625367169],[3.74626786315381,49.19864901960495],[3.754946851899799,49.201654669074514],[3.760474000000102,49.20337900091995],[3.77100700000011,49.206847000919986],[3.772725,49.20741200092006],[3.784965258560204,49.21136301297747],[3.793224000000272,49.21426900092004],[3.79776585983631,49.21599098678803],[3.805302455500412,49.21936234106854],[3.810875937720256,49.22189705385737],[3.826574315151983,49.22859655407524],[3.831713999999853,49.23052100091997],[3.838726904817142,49.23271400091881],[3.84830197949111,49.23511026100612],[3.852554705590648,49.23596675132362],[3.859958941709911,49.23719348849768],[3.875951529855068,49.24000132327088],[3.879073213198078,49.24046211874524],[3.883599299846615,49.24111937395885],[3.887511438342767,49.24152528072147],[3.889575960422645,49.24170371956078],[3.891965153337054,49.241896765683144],[3.897191967798368,49.242122014505426],[3.902508481694031,49.242199526252136],[3.908404914201453,49.24196597261264],[3.911884147802974,49.2417320216934],[3.914604959223929,49.24148733976176],[3.91893,49.24098200091984],[3.919426436507854,49.24090351835625],[3.919423921172749,49.2409039160134],[3.925033000000205,49.240017000919934],[3.929680175332254,49.23913049015719],[3.931972562089005,49.238591011535114],[3.934561094515356,49.23799042498441],[3.937476962374356,49.23717599063443],[3.940969657508006,49.23612729303977],[3.943791863475629,49.23519048241245],[3.947629223365897,49.23377737504821],[3.950575714199932,49.23258591365653],[3.953350628645066,49.23135364783016],[3.957232299624488,49.229535021848605],[3.961915,49.227327000920056],[3.963092888094179,49.22678501471992],[3.972695,49.22218200091997],[3.978031000000139,49.22007000091997],[3.984585,49.21766600092003],[3.996639000000248,49.21334100092003],[4.004688,49.210442000919876],[4.019068000000111,49.20526000091996],[4.021597,49.204474000919944],[4.024562,49.203552000920084],[4.032949,49.20123400091993],[4.034509000000111,49.200852000920015],[4.03875,49.19981400092003],[4.045829,49.198210000920014],[4.05222877787639,49.19695293200102],[4.060771343605987,49.19527123090466],[4.073985941053098,49.192690607949636],[4.08246800000027,49.19051400092016],[4.08930819059256,49.18879838753826],[4.093865401610746,49.18788622784811],[4.09752092991173,49.18724738992437],[4.101779694596698,49.1866516140911],[4.105105067942788,49.1863076051837],[4.109416640261134,49.185991067808374],[4.115103658260707,49.18568911464863],[4.122080252288388,49.18537384584304],[4.124982710602404,49.185152807512544],[4.128457782339686,49.184774779230146],[4.132734463810725,49.184139051729375],[4.135750389798812,49.18364855854765],[4.140471240379337,49.18262812686241],[4.143425183766642,49.181863708312065],[4.147922319132285,49.180570178084736],[4.151940476474805,49.17913767760832],[4.154377885801272,49.17824031323709],[4.156850988430876,49.17718409572453],[4.162373957908121,49.17457046112225],[4.173594798253642,49.16922718884236],[4.178941108397177,49.16657342232222],[4.184618,49.163280000920196],[4.18813913006942,49.16131045861737],[4.194266057368797,49.157542372697776],[4.198652625695457,49.15416466844009],[4.203431,49.150005000920146],[4.2189,49.135169000920285],[4.227088890776739,49.1280741523304],[4.230607203828253,49.125260267272544],[4.235229995475945,49.12216734536177],[4.241852405419008,49.11813401643934],[4.246214,49.11569100092022],[4.25259900000018,49.11231200092022],[4.26237565821252,49.107215296606704],[4.266623696990296,49.1050763132247],[4.274358196112929,49.1015475443325],[4.278849,49.09966800092039],[4.305034000000132,49.09040300092037],[4.329077482117152,49.08195786197164],[4.338530132569145,49.07860058506334],[4.345962,49.07590900092033],[4.351024000000216,49.07407300092029],[4.364394395896179,49.06953495535909],[4.369193825727746,49.06780216062166],[4.373595802166052,49.066267499227365],[4.380327381398592,49.06418084852468],[4.382725869328033,49.06350053678594],[4.396993214830542,49.05960273558916],[4.41909937921907,49.053541474549576],[4.43804280646441,49.04841213230857],[4.446543645005431,49.04623113141731],[4.458077763145582,49.043599792163526],[4.466460871898756,49.04186892092178],[4.47262914710967,49.04068221908791],[4.48173723075397,49.039101881628234],[4.488797181201011,49.037992509431525],[4.505028999999833,49.03579500092048],[4.517432766134057,49.034499611498994],[4.524887000000143,49.033844000920375],[4.590505715611845,49.029599023331414],[4.595600469866461,49.02924522875181],[4.60459032448134,49.028661054823424],[4.613481433948517,49.02811217594929],[4.624080509048219,49.027433566918816],[4.635447287354031,49.02669953520111],[4.643288426932836,49.02620023356568],[4.653146729921888,49.025555300767664],[4.662698560858368,49.024847518533925],[4.668610958899579,49.02449154835533],[4.674981677759822,49.02406696563337],[4.680890582309016,49.02369003941665],[4.69160833265516,49.02298652550048],[4.697047492614852,49.02262417791267],[4.70158273068831,49.02229743095619],[4.703531446989978,49.022247795663255],[4.707719324030743,49.02193904305909],[4.713904344988675,49.02152506726609],[4.720795081507196,49.0210620855671],[4.726364484973081,49.0206851956277],[4.73088,49.020440000920516],[4.735862,49.02000200092053],[4.737141,49.01993600092052],[4.747941811287854,49.01927565334515],[4.750922859051014,49.01907585928066],[4.759394426491684,49.018460609693555],[4.762883777719085,49.018265997374876],[4.769782677106739,49.0177952475495],[4.776429379492956,49.017412505875846],[4.783398221939122,49.01688822001715],[4.790330786569283,49.01647886384986],[4.799430098937493,49.015844737067155],[4.805567803289604,49.01542321604359],[4.809613622389753,49.01517488839073],[4.813379829130363,49.0149294103095],[4.81649238484689,49.01471479750038],[4.822058178582275,49.014326332814015],[4.832759740975865,49.01357490708026],[4.843689,49.01286800092057],[4.85134638073859,49.012373353811846],[4.857041,49.012034000920444],[4.862972916058607,49.011598476445876],[4.870346,49.01122600092061],[4.880611955228868,49.010965528871544],[4.884130438165661,49.01093853419118],[4.886965009467287,49.01091498956173],[4.899904000000235,49.01094700092059],[4.900439,49.01096100092051],[4.915155027057924,49.01121791776298],[4.92280477926101,49.01139779454508],[4.926328893285401,49.01147286439935],[4.936687047007158,49.01163538591133],[4.953446038038077,49.01193989652916],[4.964868127662694,49.012072844931666],[4.971519386324178,49.01202786973675],[4.981767707202129,49.01165589314482],[4.986831997344743,49.01141212187298],[4.995769343815923,49.010750069441976],[5.006136631790852,49.00968542052751],[5.015149960796798,49.008477485620844],[5.022115215722327,49.00735383684957],[5.026464145304288,49.00657256451658],[5.031911802282837,49.00553913689605],[5.040036487189322,49.003789517897765],[5.048481516410026,49.001751897363626],[5.061770127280541,48.998472743814084],[5.06843223104037,48.99700865521153],[5.074825334790228,48.99569854119244],[5.084920222780749,48.993984076513634],[5.093553826520988,48.992787456029326],[5.098348004216053,48.99218654651881],[5.10279015267719,48.991700695729314],[5.108356465777245,48.99116765615006],[5.117790814807873,48.990506536511056],[5.123182372601516,48.99020505676728],[5.125822572711993,48.99002799272189],[5.132778400277934,48.9896396077559],[5.140207202705859,48.989199263241844],[5.146095149284061,48.988915678090706],[5.162944051211777,48.98831746405531],[5.173524700237977,48.987881453089514],[5.179001817177157,48.987535601582],[5.181162424842248,48.987392006147424],[5.186132137793445,48.986986768328606],[5.196120382597413,48.98592992661199],[5.215765325709941,48.98367647714582],[5.226722233423787,48.9824601241052],[5.235325288811656,48.98167911430556],[5.243608,48.98100300092062],[5.252151928737628,48.98030034044938],[5.260236116126879,48.97962580283379],[5.265823399723559,48.97915077563212],[5.275692578934734,48.97834471578953],[5.278897829647387,48.97810692249623],[5.290173073719774,48.977171767008194],[5.307140062205689,48.975728507686554],[5.319046,48.97469800092065],[5.332539109505594,48.97305440020308],[5.341956,48.971891000920714],[5.343337,48.971695000920654],[5.344515557211573,48.97162281846079],[5.346978314412643,48.97139046504736],[5.35099846734916,48.97103463465283],[5.358184820792806,48.970617204019874],[5.364608621183056,48.97043223009338],[5.372501005397289,48.9703945067742],[5.379074198878138,48.9705773367589],[5.38501266935029,48.97083215067839],[5.390019075186118,48.97118147149108],[5.39240400000023,48.97132900092058],[5.403250171290924,48.97215813367627],[5.411232183288538,48.97273457235943],[5.416545317951799,48.973043381826756],[5.420928882183022,48.97315363676175],[5.429151711799697,48.97313059780508],[5.434173189194581,48.97298378872638],[5.441414607879845,48.97250231549087],[5.448726930741945,48.97177258329936],[5.452117584035757,48.97131418100191],[5.455454383954958,48.970865688123745],[5.459632746636345,48.9703253463762],[5.465308965857171,48.96956993291183],[5.46915814756666,48.96906231774558],[5.474865396806489,48.96827974815193],[5.482348218669587,48.96730369243284],[5.488837300706392,48.9664069425288],[5.497190203549234,48.96528416147416],[5.503335094319254,48.96447022081314],[5.509102475731265,48.96368396342064],[5.522564,48.96187200092061],[5.533585896940004,48.96037642632049],[5.536822428026382,48.95994057131094],[5.546495297447937,48.95827642751955],[5.553882819660349,48.95697722536584],[5.559088463757324,48.956091540358145],[5.56579850706937,48.95488501379349],[5.569327484549683,48.95423011452544],[5.573671760803695,48.95348982990218],[5.5799159703615,48.95243660469954],[5.584996536056288,48.95171517257567],[5.589443787890915,48.951249837179],[5.595764784010845,48.95075964265668],[5.60009228508358,48.95054775162272],[5.605918971834252,48.950423095574315],[5.610908516809304,48.95050580421885],[5.614027398000038,48.95064472804104],[5.617378000000214,48.95081500092063],[5.62608025229911,48.95155541361937],[5.629019000000104,48.95183100092065],[5.642214000000176,48.953101000920746],[5.649412,48.95376100092066],[5.652765999999867,48.954068000920586],[5.661671709537943,48.95486118943125],[5.666639230854266,48.95536720846966],[5.669940395590745,48.9557861790209],[5.67611405633369,48.95675357073832],[5.681652569699483,48.95785751269791],[5.685866859026932,48.958832205438085],[5.691771903025066,48.96035628592071],[5.697250426796233,48.96207911821761],[5.706984566148093,48.965225258355915],[5.711562972951931,48.96660821244116],[5.714997727322066,48.96757045618721],[5.719674968952748,48.96867806135797],[5.723712706815848,48.96957185139301],[5.727709,48.97030100092063],[5.731358870403191,48.97092103757285],[5.733224084272139,48.97120325246769],[5.736804054835269,48.971645744434525],[5.741965960266126,48.9721375228779],[5.746770000000132,48.972527000920586],[5.751139329067451,48.97271256918852],[5.753922117261287,48.9727875036568],[5.760338005676095,48.97274237998505],[5.768235011848954,48.972430578052986],[5.775739028874605,48.97206406369512],[5.780890272121457,48.97179052723765],[5.803245447151852,48.97062157802975],[5.811719705303743,48.97019391772408],[5.81705,48.9699140009206],[5.838409293254855,48.96885093963778],[5.843277467977834,48.968476503326464],[5.848737647027888,48.96790292287962],[5.85253364730679,48.96735353071667],[5.855282572401652,48.96685445199262],[5.857167816831925,48.966465390269676],[5.860417000000105,48.96578600092062],[5.868633380312327,48.96392867603903],[5.870413833487043,48.96353004169922],[5.872933072740402,48.9630230153676],[5.875105976617645,48.96267336698325],[5.879816684199566,48.9619613980106],[5.884027431430325,48.961474261037104],[5.888560919805003,48.961065466428465],[5.892775500718888,48.96085764220843],[5.897321639029589,48.96076206719382],[5.901517229479992,48.96085583302087],[5.907839989686418,48.961166270546734],[5.911307597914711,48.96146670803066],[5.917788356890554,48.96226060007718],[5.921698,48.96294100092061],[5.927943000000246,48.96422800092071],[5.934269970487265,48.96577883527585],[5.944870611632934,48.968511938136956],[5.948667808689462,48.96946359357293],[5.95306152077876,48.970435272186755],[5.957709678826616,48.97122634954599],[5.961709065197843,48.97177202910948],[5.966853384277304,48.97233527153766],[5.969587849044244,48.97253415101538],[5.972621000000243,48.9727500009206],[5.976223326562307,48.97281503473163],[5.981232434129079,48.9727604681194],[5.984733049881062,48.97259436712422],[5.988738,48.97232800092064],[5.993264037107405,48.97188529194112],[5.997240000000122,48.971316000920524],[5.997241,48.971316000920616],[6.001411532355397,48.970723655103775],[6.007356779328423,48.96991281168502],[6.014686,48.968543000920675],[6.017400290207772,48.967927426134466],[6.019331804386601,48.96747819621943],[6.021730161423744,48.96686912047177],[6.024852888737655,48.96598045907496],[6.027084015166967,48.96522744487592],[6.029603600359351,48.964432261891005],[6.03877478827426,48.96065917575305],[6.049584595504492,48.95534741138523],[6.054921392636242,48.952999438679335],[6.061409342917945,48.95044762886748],[6.066674367794363,48.94869313865217],[6.072695671616949,48.94698868567128],[6.074737547626539,48.94641376626059],[6.077561192430518,48.94564455281874],[6.082352097443811,48.94460695092919],[6.087993,48.94358500092069],[6.088004,48.943583000920675],[6.091725711704089,48.94304165611109],[6.097366391004097,48.94229503537733],[6.10355000000017,48.94172500092063],[6.107442812296635,48.94144188593786],[6.112849988859604,48.9409966948204],[6.122613,48.940617000920646],[6.124363068152361,48.940680202881246],[6.133781685486341,48.94112029161722],[6.138629001985854,48.941621801707775],[6.141733080972531,48.94199653673627],[6.146348785275281,48.94279564887895],[6.152642712936998,48.94400601864584],[6.162721522559512,48.946022250080844],[6.167238656205642,48.94680870704138],[6.1742380533009,48.948182470027696],[6.179625472710631,48.94935475405669],[6.184582965824184,48.95031863338658],[6.190338073141094,48.951437288867766],[6.1960793214048,48.95242693334503],[6.197501275190926,48.95275479771302],[6.201824152989807,48.95358870687191],[6.203665927871342,48.95409003203807],[6.20414420096001,48.95418082748902],[6.209086438525828,48.955118932047554],[6.214544902410132,48.9561310052464],[6.217725560332219,48.95666402334672],[6.22263678925919,48.95737688301902],[6.230532547630984,48.95822686926098],[6.238277559559032,48.9587755782456],[6.243530224047191,48.95901675604545],[6.249524696372815,48.959063399980494],[6.256873190746309,48.95893360179055],[6.268813882551498,48.95872172870793],[6.274902203230119,48.958589277433006],[6.282946806259053,48.958413792139915],[6.293582290712132,48.95822648673669],[6.29924386821743,48.95823624288482],[6.299603403242797,48.95825482488144],[6.304631558847442,48.95851458273102],[6.309460413715676,48.958947475121896],[6.313406920305978,48.95943941350755],[6.321557278561171,48.960720623818425],[6.331605975865052,48.96235317464881],[6.33263823486556,48.962520825861475],[6.341896074286514,48.963990072283316],[6.342452448219825,48.96405724258256],[6.345615,48.96443900092055],[6.349703537705031,48.96479746467268],[6.353184508390765,48.965031110838495],[6.359308727614719,48.96522544071153],[6.365984466784192,48.965151376670036],[6.372391804225519,48.964814476818766],[6.375028238550467,48.96455006087944],[6.377583318808915,48.964293746250846],[6.384406011071179,48.963430587281756],[6.39463661669626,48.96194258094921],[6.402583670607575,48.960786046788726],[6.414438729176626,48.959059704158236],[6.418183811508154,48.95868291460232],[6.420566598512739,48.958710739699235],[6.427586666956306,48.957329820838346],[6.436870080424062,48.95521547622849],[6.442003032955933,48.954011881780495],[6.44279513293881,48.953659130663176],[6.44279513293881,48.953659130663176],[6.449585671602525,48.9506346393444],[6.453520000756773,48.9493233793332],[6.458341308177055,48.94858442927121],[6.477997588569916,48.94663477318537],[6.526204180571258,48.9450935291201],[6.546675091261024,48.94250859668984],[6.562634832172201,48.938469837946954],[6.58335349201128,48.92974880362545],[6.626584920650705,48.90987648975917],[6.650250307632586,48.90453530482713],[6.666083347377433,48.90180645589912],[6.694883723164629,48.901184923744665],[6.711480918503057,48.89813087959719],[6.7226877704887,48.895040886125656],[6.733645260438175,48.88947504807939],[6.753657453826682,48.881653637111626],[6.769426822650659,48.87667329480972],[6.783749641660285,48.86988181087988],[6.79914837110366,48.860122704753294],[6.82080851144936,48.849172558459045],[6.846673639283178,48.837079101869385],[6.85988113680003,48.83211655937645],[6.882834638747248,48.82355992619361],[6.898664893792661,48.817555324189364],[6.905771414554077,48.814178366088456],[6.916160622240533,48.80726258993679],[6.925161286963505,48.80033424099984],[6.937824708062437,48.79036811516489],[6.944760983679204,48.78596489360873],[6.951066115523954,48.78238265611604],[6.96317554559726,48.77681962922849],[6.97567210558741,48.771852432000266],[6.982621301804731,48.76955429069535],[6.989359580572416,48.76829993732367],[7.029599013588607,48.767348405694676],[7.040143134161767,48.76722067368717],[7.056664761016371,48.76608835830133],[7.07320252245707,48.764204374402865],[7.085359646810016,48.76378880601514],[7.098754472950008,48.76447862953324],[7.13670558039872,48.769764514183244],[7.209372494436101,48.77698491014091],[7.229340493709647,48.778852724086484],[7.237770888568283,48.77929722852133],[7.249597277600774,48.778933963176925],[7.259886706846848,48.77776647099478],[7.275825755770487,48.774794357366034],[7.297171450106204,48.773398564223555],[7.306762321276776,48.77322443962776],[7.369697307616514,48.7801574403327],[7.418997248401686,48.7794126912015],[7.449777539682303,48.77497998123514],[7.464089149704885,48.77018857813939],[7.474911965564943,48.765316669022376],[7.522644088054174,48.725026881641305],[7.530811632244634,48.72108503565634],[7.538888193330808,48.718421357738805],[7.566206366476471,48.71383819599333],[7.585560744022387,48.7123442135201],[7.603845794622413,48.70892174923301],[7.628308580206769,48.69853194666986],[7.628418404880527,48.69848528067652],[7.632378267148747,48.69680255366926],[7.650680203430444,48.69365795094329],[7.6888634089735195,48.6906631874319],[7.689068836238316,48.69064704028654],[7.694258496041417,48.69023899386704],[7.694463919855134,48.6902228371008],[7.704427988606073,48.689438701968974],[7.706406563433268,48.68913516500089],[7.708192254100717,48.68838262228966],[7.713205112146091,48.68471343403253],[7.714363335383041,48.68315077230588],[7.715116080161432,48.67863056735477]]}},{"type":"Feature","properties":{"name":"LGV Rhone-Alpes + LGV Mediterranee (Lyon - Valence - Marseille)","opened":"1992-94 / 2001","codes":"752000 south of Montanay junction"},"geometry":{"type":"LineString","coordinates":[[4.87697645919164,45.89399369018693],[4.877079522758023,45.89360917805628],[4.877311876142978,45.8927422745108],[4.878661542480256,45.88754399449231],[4.879227147935373,45.88560147525825],[4.880062195846241,45.88335912735731],[4.880554021074576,45.88223647851026],[4.881529510424422,45.88022931438225],[4.882597866433093,45.87840948698259],[4.88318459710791,45.8775345831798],[4.883823430500473,45.87660213974476],[4.884615260116485,45.8755575833794],[4.885966584740292,45.873952118338295],[4.887263351934549,45.872568478150896],[4.887850870009519,45.87197952417964],[4.889755062415039,45.8702394178617],[4.891190896574869,45.869074099189845],[4.892085113528918,45.868374809244166],[4.894190630787118,45.86689884621568],[4.896157192500855,45.86564784729839],[4.897763579960129,45.86471419139698],[4.899375397230457,45.863862345375104],[4.901575280443501,45.862814063851864],[4.902602667372739,45.86234342429714],[4.904927723266774,45.86140133798981],[4.907288518120777,45.860556824325826],[4.908798483694112,45.86007584456901],[4.910311306433723,45.859625512256834],[4.911880384279116,45.8591871834223],[4.914438496407775,45.858580963337396],[4.916339107820972,45.85819362214582],[4.917714742707154,45.85794058439067],[4.919290131450453,45.85769396295009],[4.922488344792876,45.85730713511096],[4.924812179998801,45.85712023253243],[4.92658742451956,45.8570279323703],[4.927023483519603,45.85701504634068],[4.928877941290954,45.856960226185016],[4.931159809622359,45.85697076675542],[4.933498175658742,45.85703992845725],[4.934695551115817,45.85711010184436],[4.938072346503215,45.85734690752735],[4.943525551790878,45.85774058930994],[4.947606634763376,45.85801410777624],[4.953189529327486,45.85840131205275],[4.957818897815562,45.85873298713575],[4.962644066328881,45.8590950742152],[4.965857643940357,45.85929610927442],[4.968209078196911,45.859428959458036],[4.970146733712355,45.85948208338795],[4.97176962351609,45.859502887876296],[4.974022325154092,45.859444664216866],[4.975809486546348,45.85937186942893],[4.977222701287242,45.85927536689897],[4.978990119796673,45.85910463988729],[4.980557047633267,45.858922287681146],[4.981757192132473,45.85876523720552],[4.983746374921673,45.85844698232789],[4.986039463336716,45.85801001115878],[4.987804326184398,45.85762006712868],[4.989803106078108,45.85712019225555],[4.99174036670604,45.8565646961202],[4.993311930256776,45.85606473237802],[4.99545315705541,45.85532045109764],[4.997297830301102,45.854600261171406],[4.999278012243804,45.85374163458862],[5.001101716936676,45.8528932999536],[5.002625127403579,45.8521144844062],[5.004643611100279,45.85097550976838],[5.009661430374042,45.84756879691484],[5.011189495071503,45.846331694929965],[5.01393368952037,45.84376538952363],[5.015354690522277,45.84211721300014],[5.016174584987078,45.841144854685346],[5.016794248051855,45.84035174305229],[5.018228120723201,45.83843334513471],[5.01935657217081,45.83692274739633],[5.020739878221149,45.8351780630949],[5.022028357458866,45.83372407677051],[5.023977817288376,45.83173869426035],[5.026007237024997,45.829923857721404],[5.02810989963268,45.82824267330378],[5.029534736366982,45.82719984033606],[5.031468266480154,45.82588432045972],[5.033385626300612,45.82468239806724],[5.033836423006188,45.82442764472198],[5.03500148410643,45.823769228475804],[5.036169554788623,45.823133295716715],[5.037558155466508,45.82243386698404],[5.039058760499585,45.82169556205458],[5.047463513811047,45.81756487299626],[5.05113462657364,45.81577575482948],[5.053681338892678,45.81451953506604],[5.055534421543487,45.81357340946707],[5.056616586887279,45.81299143238388],[5.058641603590415,45.81181383066439],[5.060538060339352,45.81062314367911],[5.06161796821277,45.80988593484685],[5.063554650275185,45.80850805006011],[5.064972247179513,45.80741104419348],[5.066273325962306,45.80634165446567],[5.068170263472503,45.80463228369436],[5.069201716890117,45.80360504268949],[5.069642697261404,45.80316584873897],[5.070711015998593,45.802052501827525],[5.071395400574231,45.80128905128877],[5.072802798301259,45.79960558163799],[5.074091330177717,45.79788744118708],[5.075435398421854,45.79592457714852],[5.076563127402019,45.79402801481523],[5.077499469164239,45.79221430316845],[5.078158171765636,45.79077405921949],[5.078742705152185,45.789301174442265],[5.079419217253339,45.787367553909085],[5.080070631742738,45.7849838545952],[5.080559059223331,45.78289784695804],[5.081031368807539,45.780814967579204],[5.081536001137186,45.778516138527905],[5.082093081373632,45.77610582973915],[5.082467763087562,45.77433643680301],[5.082800655840072,45.77231846017266],[5.08301587640179,45.77040183002035],[5.083134875788209,45.76894034669059],[5.083170674689526,45.767097868579896],[5.083155819821934,45.76552268113203],[5.08301412945363,45.763589973636655],[5.082921416942889,45.76265632250221],[5.082903189839092,45.76247276474654],[5.082650078338621,45.76080563641789],[5.082437891270152,45.75947211271677],[5.082023309248644,45.75770879045489],[5.081792915545592,45.75668707387789],[5.081141284337352,45.75363624165597],[5.080888627446481,45.75249810247739],[5.0803433953823,45.75007501131689],[5.079978119705926,45.74822010143875],[5.0796369176791,45.74625140470676],[5.079221154238662,45.74351035237772],[5.078715231691417,45.740099856495],[5.078471014895998,45.73828208754945],[5.07809758898354,45.73588063568015],[5.077650012441783,45.73280031117708],[5.077273239766437,45.73020321919769],[5.076773333310222,45.72688389969514],[5.076723411171818,45.72655240065799],[5.076258112137337,45.72353473987922],[5.075577921916896,45.7188860782926],[5.075196028767315,45.71623667947005],[5.074935049095651,45.71442597620751],[5.074435288063526,45.71116715253634],[5.073585061073883,45.705462817403884],[5.072970113758656,45.701284265896334],[5.072495082983885,45.69839145734257],[5.072076990711996,45.696585680998595],[5.071476346468494,45.69451124087679],[5.070633654683148,45.692018106255006],[5.069825742170345,45.68973212090741],[5.068782400923974,45.68677040688177],[5.068269204897765,45.685298836763295],[5.067759638945694,45.68349095218366],[5.067276720300006,45.681096980022794],[5.067163564537299,45.680388812284995],[5.067026373025834,45.679012316303364],[5.066963988065035,45.67763069718021],[5.066999900040171,45.67585057951895],[5.067240847661699,45.67349999186237],[5.067568540934822,45.67174096373268],[5.067953207331339,45.670135225449705],[5.06859117020386,45.66824638241035],[5.069222432679046,45.66668200759038],[5.069859306723,45.66526864736211],[5.069954734546748,45.66509551070268],[5.070424463796799,45.66424325435501],[5.07103745231655,45.66317366160213],[5.072294973157223,45.66109821834591],[5.073116689258032,45.65978921435693],[5.07348984437992,45.65919475122865],[5.074699794633331,45.65726454599634],[5.075986164647251,45.65536314165252],[5.079111182291618,45.65128326065517],[5.082210026711875,45.646977240024256],[5.083180220841404,45.64528309524751],[5.083989778857226,45.643715328002635],[5.084701768550812,45.6421323603723],[5.085745176554508,45.63982406160842],[5.086383451981247,45.638411925541625],[5.087230137876713,45.636441081057605],[5.087735996835824,45.63518578037748],[5.088133187819199,45.63403848508931],[5.088550237482885,45.63267347845795],[5.088829744566956,45.63141019740559],[5.088970146918577,45.630657993578616],[5.089089331897702,45.630019445429674],[5.089308827566422,45.628264571454736],[5.089384031471975,45.6268322363113],[5.08942941887004,45.621153189006776],[5.08950926972528,45.61912551303906],[5.089803495095188,45.61664920117455],[5.089991506141914,45.61571113473803],[5.090413107668701,45.61394896305494],[5.090997813721268,45.612067906915605],[5.09137489125645,45.61105005699554],[5.092159748432037,45.609302350734445],[5.09319221206094,45.60737750304709],[5.094253787700818,45.60566580333301],[5.095566368389492,45.603817222552784],[5.097527475254248,45.60131158074456],[5.100062945831928,45.598102428024845],[5.10122924016062,45.59649952399919],[5.102058316279099,45.59521948644215],[5.102811423260811,45.5939452598627],[5.103926582873596,45.591850244688615],[5.104766715518194,45.59003544228535],[5.105579316297735,45.587866510458696],[5.106199085608255,45.585845428488476],[5.106633843220043,45.583879430839666],[5.106846746623598,45.582818400467076],[5.10703675914356,45.58134139559143],[5.107121838611976,45.58050107146894],[5.107226456942088,45.578900990933555],[5.107245178683584,45.57780122453638],[5.107083250552137,45.574717085574434],[5.106957433435122,45.57374598899716],[5.106757847912048,45.572622140291735],[5.106289331124906,45.57040099537578],[5.105751009047235,45.56852670475114],[5.104798220833923,45.56553249907234],[5.104164233181908,45.5634957225033],[5.102971734231474,45.55970693730058],[5.102111068071152,45.55711335516143],[5.101542471546355,45.55573272559319],[5.100789228301746,45.5540551918163],[5.100497218197723,45.5534816961438],[5.09988723354982,45.55238893475472],[5.099018260439224,45.550954404245296],[5.098339869627108,45.54997250697293],[5.097544487057114,45.54888228275655],[5.096757125933872,45.547896744373894],[5.095967871731474,45.54696504304794],[5.094526859127011,45.545436342487584],[5.093257764987887,45.54418491035837],[5.092235791820088,45.54328305315294],[5.090620556628776,45.541938866161274],[5.090137402433777,45.54156655228993],[5.088066234905606,45.540068081454656],[5.084797288131961,45.53795265752474],[5.082648089903991,45.53654211473432],[5.082118560161476,45.53619456116621],[5.081053346372667,45.53542091847581],[5.078723634661288,45.533574662282426],[5.077307203573581,45.5322827331107],[5.075947094504052,45.530950631941046],[5.074812330376102,45.529713525715216],[5.073652789609917,45.528327917469284],[5.072948857248286,45.527421632765865],[5.071601653969241,45.52545737655178],[5.070730122359782,45.52403120096171],[5.070132398811525,45.52292015742922],[5.06934387568219,45.52123176168969],[5.068892904610803,45.520163344556465],[5.068145565660857,45.517955655325636],[5.067756823154106,45.5165007346328],[5.067313158185561,45.514111774026425],[5.066896773712593,45.51169680955973],[5.066412764270559,45.50952110216805],[5.065764340404638,45.506830298420624],[5.065157009935186,45.50527564916627],[5.064487002679845,45.50358997042926],[5.06365205221929,45.50174463830236],[5.06269353746852,45.5000744221235],[5.06157464051766,45.49836647407673],[5.05693023777005,45.492422264425876],[5.051238132793726,45.48548027864729],[5.049586198982404,45.4830193980839],[5.048361897345846,45.48078454646354],[5.047559334099637,45.47900969824602],[5.046665137559629,45.476707803098726],[5.045932343021785,45.474077597956864],[5.045561176921328,45.471847500567435],[5.04543883067443,45.470487277606466],[5.045157071065101,45.466628741823],[5.044841250323802,45.46432985324573],[5.044468697404767,45.462059112373545],[5.044016866757244,45.46025074464754],[5.042860037068,45.45772156477456],[5.041563001639791,45.45540790498627],[5.039284739557726,45.45204017113457],[5.036398116708255,45.44806014479723],[5.0330072758564,45.44447577351056],[5.03237632199868,45.44382229880878],[5.031515460287753,45.4428820875775],[5.031341956371841,45.44267267084521],[5.030482423840189,45.44163520030219],[5.028586733908512,45.43924787725194],[5.028006216508915,45.438455121948756],[5.02692331352882,45.43689788452189],[5.025661119704476,45.43480507506081],[5.024300850748728,45.43237401479404],[5.022962835542466,45.42996142896123],[5.021167309007225,45.42676750235078],[5.019320856809856,45.42349513421986],[5.017583057814734,45.420402123515174],[5.015925293694547,45.41743987682349],[5.014510218016529,45.414953037313],[5.012980409263003,45.41225668363861],[5.011250585722738,45.409216339584816],[5.008733897721566,45.404728051742495],[5.006052124304402,45.39996311282988],[5.004754468440859,45.3974362924086],[5.004171648490028,45.396143363360025],[5.003692437093111,45.394897691244445],[5.002870484803929,45.392471904418045],[5.002352077564579,45.39043358403125],[5.001880477334264,45.38790708604838],[5.001651254881029,45.385708706624705],[5.001583155164108,45.38426301486266],[5.001566112661701,45.38259729725836],[5.001749744238514,45.37995331528374],[5.00197681102055,45.37821901336425],[5.002241652618739,45.376790039798244],[5.003367953583134,45.37204384345358],[5.0040004295278,45.36936538609698],[5.00446303573364,45.36688263459091],[5.004645258563913,45.3654558300692],[5.00477914510989,45.36420227964086],[5.004825904209145,45.36282253858472],[5.004796770349437,45.3605261468467],[5.004634882126732,45.358560802666325],[5.004438058244109,45.35708337119804],[5.004161840422554,45.3555432409173],[5.003548462085821,45.3530910847478],[5.002773092245006,45.350751381472556],[5.002701645993373,45.350573066533684],[5.001996117482655,45.34881215108211],[5.001467508804481,45.347662882798424],[5.000418565098433,45.34561410509478],[4.998885041155027,45.342891258349454],[4.997305183546256,45.34006722085232],[4.994890506942028,45.335765819583735],[4.992796616524461,45.33203666600718],[4.991415372214175,45.32950746994507],[4.9898763005371,45.32675439993679],[4.988574518820604,45.3241935408076],[4.987604730730192,45.3219289952873],[4.986618910747635,45.31949178893159],[4.984571841710958,45.31451040487687],[4.983579610766283,45.3120573445529],[4.981648263213051,45.30728248609651],[4.980281298361261,45.30406915852967],[4.979339095542564,45.30195896134551],[4.978113805939129,45.29941176869024],[4.976589969416996,45.296140738130326],[4.975171423345415,45.29311716321893],[4.973793948065708,45.29019107100292],[4.972464748988741,45.28741522370293],[4.971069629195158,45.284738747148474],[4.970322315124112,45.283429713296876],[4.969478241704902,45.28210726867081],[4.968043753357543,45.28001748321602],[4.96572976700967,45.2768730907232],[4.963347733430937,45.2736547794025],[4.961307931419344,45.270879967734984],[4.959920949561856,45.268864332015426],[4.959809965199215,45.26868335887434],[4.958960014774056,45.267297371709034],[4.958055088646492,45.265701095358196],[4.956865718873884,45.26336464067904],[4.956080818863482,45.2615764195406],[4.955386355321074,45.25981615349359],[4.954274401452234,45.25673857845721],[4.953237515982913,45.25385922114258],[4.952205289420664,45.25095711034094],[4.947670832631572,45.238110255926514],[4.946608666921101,45.23553367082673],[4.945591657533965,45.232890221225496],[4.944241097061992,45.231011487950205],[4.941787094127437,45.22727148149916],[4.940668501213666,45.22579378213526],[4.938981987189751,45.22371892111407],[4.936859582042301,45.22140227241135],[4.934735153147751,45.21917628577206],[4.932345865865836,45.21670552169496],[4.931613816610067,45.215943468321065],[4.930161342620263,45.21443138710098],[4.92846176507889,45.21257571261177],[4.92679108799275,45.21062507603158],[4.924875115870013,45.20806667246831],[4.924224210617126,45.207167485494764],[4.923207717212806,45.205583289754145],[4.922071675368855,45.203674405352665],[4.921403741609242,45.202417425464816],[4.920546346921809,45.200608658816684],[4.919740574751991,45.19877526943974],[4.919138781390649,45.19723986944278],[4.918680328798905,45.195856893900405],[4.917866023963144,45.19300817017225],[4.917283017778516,45.190188770254515],[4.916931844138041,45.18742960855153],[4.91677457899293,45.18471622737071],[4.916834231987022,45.18209734038143],[4.916884825940415,45.18077054170084],[4.917123144552628,45.17868878171955],[4.917300965643297,45.17762276611515],[4.917610357598777,45.17576790226273],[4.918243685495144,45.1730598322383],[4.919303582017382,45.16878051011283],[4.920071641639474,45.16564702638366],[4.920646526264406,45.1632648212773],[4.921342431593019,45.16052166128837],[4.921948845708811,45.15797269474473],[4.924620106085946,45.14682882701536],[4.925836887478616,45.14174525175778],[4.926417393238252,45.13923071039854],[4.927051186555905,45.13671524600515],[4.92790958448659,45.134059904672775],[4.928960427021869,45.13141633897159],[4.930332440548708,45.12849522141131],[4.931717229084292,45.125947842340466],[4.93334114497183,45.122912774085606],[4.934421654140865,45.120831495757855],[4.935495518850313,45.11840656544733],[4.936435045062049,45.115802635725466],[4.937218817256174,45.11317118424118],[4.93772315620907,45.11094500384851],[4.938128088832797,45.108622333891915],[4.938505939814744,45.10628880152251],[4.938888529414208,45.103785197210684],[4.939446955335661,45.10112365453487],[4.940085625335367,45.09877802584928],[4.940820357201339,45.09658937755893],[4.94167464938832,45.09446663737193],[4.942561557936558,45.09251708844361],[4.943210476003542,45.091240304442074],[4.944729562471467,45.08861109119117],[4.947167596769919,45.0846587796416],[4.948875720342659,45.081803330539906],[4.950000839919023,45.079664455546265],[4.950522943682513,45.07858250052352],[4.951162826991244,45.07705651036364],[4.952123491904129,45.07454082056856],[4.952727280761935,45.07254140657332],[4.953391024253659,45.06987039713326],[4.953777391496855,45.067653773909896],[4.954118790250781,45.0644557850276],[4.95455003467247,45.06017445234496],[4.954901566892805,45.05741587976282],[4.95520180781389,45.055948684665395],[4.95539936275158,45.05510955795466],[4.955526859468892,45.05456799438274],[4.955994893173312,45.052863675721],[4.956631521249381,45.05095240832704],[4.957577515478567,45.04859373216905],[4.958658152149785,45.046337905043856],[4.959535486555739,45.04470246758637],[4.960186113252477,45.043595773803276],[4.96085981747121,45.04250331515555],[4.962759203835891,45.039840711475016],[4.963748955422398,45.03856788262887],[4.965784134570861,45.036160948209805],[4.967900016157122,45.033607755771925],[4.969395038382196,45.03158302320548],[4.970077169376658,45.030556141991354],[4.97108870206807,45.02898091096747],[4.97202170075837,45.02735861305789],[4.972743404409407,45.02599584282522],[4.973401277551012,45.02459878532143],[4.974080674986635,45.023020022336],[4.974573203697794,45.02169388490655],[4.975212702300092,45.01977868142093],[4.975974299891024,45.016789648585465],[4.97640788895352,45.01433183418921],[4.976560826041457,45.013028248465275],[4.976719696471433,45.011674024887135],[4.97687924439969,45.00972419166325],[4.976920591472079,45.009218867595166],[4.97735652217083,45.004372166518976],[4.977700655875847,45.000395920209115],[4.977925516576907,44.997563029039185],[4.978515578049253,44.992770851469444],[4.979132473471939,44.98908337328307],[4.979667394128172,44.98629933459896],[4.980369327061559,44.98222033389044],[4.981223619576824,44.977619325692274],[4.981848364177309,44.97436713839046],[4.982369258056019,44.971827454498126],[4.983178225210327,44.96878680037133],[4.984376361099109,44.96535439104614],[4.984896515571687,44.96403005990127],[4.985724208378795,44.96216296776008],[4.98671914334128,44.96014501221491],[4.987337904891734,44.958989389144506],[4.988525839935897,44.95693210804568],[4.990435800303622,44.95393641683558],[4.993421848694259,44.94949352925816],[4.995441783908141,44.94635760323367],[4.996945216924841,44.94372258127614],[4.997909163973169,44.94181654086113],[4.998882396600466,44.939725230599535],[4.999539024271167,44.93815333911155],[5.000260842798092,44.93625368583554],[5.001182015016794,44.933522854337184],[5.002027441715762,44.93039124732686],[5.002339354556545,44.9289207589885],[5.002813730893835,44.926217503045606],[5.003106515133131,44.923829298634466],[5.003240770863695,44.922229028450225],[5.003276193050094,44.92113671500162],[5.003313751197389,44.919062234360645],[5.003294971399245,44.91645237767898],[5.003182943362924,44.91331536668613],[5.003105860834646,44.9108105263587],[5.003083495073102,44.91008369678747],[5.002975994939684,44.90692394605921],[5.002904216109075,44.90361745904653],[5.00293113092957,44.90060516378932],[5.003080366506643,44.89778831308331],[5.003274928945309,44.895348385916456],[5.003506379695241,44.892900239731915],[5.003765548255852,44.890187177454976],[5.004016873503335,44.88725516975903],[5.004277631341864,44.884141679251115],[5.004430919270244,44.88123414270403],[5.004438807010945,44.879579476378666],[5.004362561287642,44.87729554237154],[5.004211390530823,44.87365688769199],[5.004010759749044,44.86907856717356],[5.003800112112779,44.86481395485589],[5.00368565311805,44.86220209206598],[5.003581172672135,44.8598695752477],[5.003458492036126,44.855824426596975],[5.003502719709765,44.853834434546954],[5.003660225281936,44.851369123791784],[5.003901715026016,44.849207903665366],[5.004556844533742,44.84493376607121],[5.005324419380146,44.84027525389981],[5.005802090580589,44.837297641763655],[5.006715960866584,44.83184274705181],[5.007160185052537,44.82804930509505],[5.007307078784529,44.826376635584786],[5.007563686346888,44.823308592800466],[5.007645470892463,44.82084430804198],[5.00778462124654,44.8175396500577],[5.007752468066842,44.81536067111022],[5.00720578391659,44.8043209772661],[5.006936201538434,44.797624556456725],[5.006866303741593,44.79524024923879],[5.006723159648522,44.79251027791731],[5.006573454074614,44.78959608871798],[5.006289159046118,44.78642758515466],[5.006160732834258,44.7840344630564],[5.005855740993432,44.78141545405603],[5.005403692600029,44.77870401242848],[5.00493627669004,44.77615527182594],[5.004004468197019,44.771883065657235],[5.003658196706367,44.76975110795813],[5.003174516343939,44.76771045009706],[5.002432225628569,44.76481783864228],[5.001945764626753,44.76312421854166],[5.000911146469935,44.76013929474568],[4.999001836610351,44.75566292736509],[4.997332460187703,44.752364135040914],[4.994701704730912,44.74769469822531],[4.993651859607009,44.745978671998344],[4.992369999542119,44.74423215423256],[4.99153000666078,44.74277470310499],[4.989979627624952,44.74066644657083],[4.988068574791145,44.73825019267141],[4.982465335787203,44.73163868539975],[4.980370589982912,44.72917139010028],[4.978123259910021,44.726685100023396],[4.975478267177484,44.724129963043126],[4.973218431218077,44.7221425916373],[4.970290409129426,44.71974418938647],[4.963199660273143,44.714405233644804],[4.958024087378903,44.71075604085151],[4.956345280381757,44.709364337165475],[4.94984601012867,44.70337996992772],[4.94857595116743,44.70181464520238],[4.945993330117286,44.69879152765121],[4.944657592299357,44.69709097890564],[4.943271870635148,44.6952611792736],[4.942326186402311,44.693846516465605],[4.941674060782356,44.69308970508002],[4.940849592891126,44.69181028841199],[4.939489797537608,44.68960118027115],[4.938608683880849,44.68807646893965],[4.937029007593768,44.685424847116856],[4.935699043591343,44.68312169911764],[4.933196464804052,44.6787909768798],[4.927405604437874,44.66866487135811],[4.923568474823067,44.663152943088285],[4.92129352643125,44.6605602532178],[4.919771469735978,44.65875673046016],[4.918181382968726,44.65695184830961],[4.917919506327229,44.65666440139046],[4.916654554297478,44.65527588676711],[4.913550613207868,44.65178588979781],[4.910718232549098,44.64856944016345],[4.90846174237693,44.64600372097028],[4.900687953552121,44.63657211180205],[4.886760122333976,44.620156663671146],[4.881231790404809,44.6137129358382],[4.874464598862558,44.60603228130394],[4.869173830040076,44.60021140374422],[4.86738256855216,44.59813040147502],[4.865781210138699,44.59622277091001],[4.864368579335911,44.594504554133685],[4.855785000848654,44.583754854754105],[4.848088311214736,44.574090255352985],[4.844943458831446,44.570140222686106],[4.842263519901519,44.5668270779507],[4.840445607644942,44.56453037475271],[4.838587867935132,44.56224859362034],[4.836794191022238,44.55996990837513],[4.834530310876892,44.557237305623595],[4.833040323601557,44.55541165080493],[4.831767042161863,44.55402332888892],[4.8282649715843,44.55076374496433],[4.817152743007811,44.54094020283972],[4.814915354108307,44.53894435670147],[4.814799322193015,44.53884380786754],[4.813223638442444,44.53747833330185],[4.811040257016346,44.53570987024898],[4.809590215355641,44.5345779903398],[4.807854417310353,44.533300651162705],[4.805725738449764,44.531746465267055],[4.80360068234274,44.53017801957515],[4.802078791628596,44.52901889759523],[4.799884935485671,44.5272730621493],[4.798942177811924,44.52649156575019],[4.797913606981127,44.52559265110688],[4.796472210127749,44.52429790994557],[4.794533227137029,44.52246285363281],[4.792578366121942,44.52049773085785],[4.790830744978613,44.51857170119248],[4.789059783052093,44.51652989468014],[4.787448825416084,44.51453645599983],[4.785947419870149,44.51249873721657],[4.784500259110714,44.51042046979674],[4.78313036244917,44.50827862428223],[4.781662433733127,44.505725951821326],[4.780701163721726,44.50391906899073],[4.779622508241451,44.501715840280745],[4.778617399312484,44.49945760231902],[4.777500090675078,44.49690092882066],[4.775818382190852,44.49294445924737],[4.773185739269673,44.486912431288964],[4.771473728617229,44.48291225149246],[4.769745611913764,44.47889531997775],[4.768157958291264,44.475187683845064],[4.765924508891392,44.470248304379446],[4.763870120899409,44.46581600314177],[4.761815170902501,44.4613028924656],[4.761423184951855,44.460446260724986],[4.760563294387926,44.45856699271077],[4.758718123392059,44.45455182488732],[4.757071631679234,44.45094133014014],[4.756323326590427,44.44936026658842],[4.754232313499306,44.44481485765554],[4.753158980661955,44.44245842982134],[4.752286451683879,44.44058313322697],[4.751502919561259,44.43889901683091],[4.750570618787405,44.43700483505914],[4.749268524561933,44.43452739376625],[4.747543353482287,44.43140238476342],[4.745796523267289,44.42820972359771],[4.744736304886005,44.42614358002027],[4.743844525757694,44.424252732385256],[4.743338845872491,44.42310515114079],[4.742431034771718,44.42083383744121],[4.742113799389776,44.41997902477685],[4.741546008655262,44.41827326421956],[4.740790738158821,44.41556052553849],[4.740457795068909,44.41424310196751],[4.740010906059666,44.41204663383217],[4.73975623950408,44.41057503026168],[4.739454571176484,44.408345115157765],[4.738172668450187,44.397641576559884],[4.737772885043126,44.39411112320154],[4.737524523306146,44.392188686165284],[4.737073685231298,44.389811512455715],[4.736562699641991,44.38775478161635],[4.735975819755107,44.38583202006221],[4.735231982503487,44.38377094742971],[4.734271424814523,44.38155143419702],[4.733521816189646,44.38002816019223],[4.73271915340728,44.37857652410272],[4.731292394878917,44.376214221651026],[4.730841058293687,44.375530251983456],[4.729555554877151,44.37379090350516],[4.728458040656247,44.37236443473137],[4.727011574961428,44.37063965076429],[4.725069029472621,44.368553782315225],[4.722311787563513,44.365932857452265],[4.719857375765719,44.36389485888726],[4.716335429137135,44.36114878134739],[4.715159507941987,44.360195587801314],[4.712875080957128,44.35820905115419],[4.712017594374848,44.35740245920625],[4.711376323258325,44.35679923044992],[4.710065399006472,44.355465862570725],[4.708978914321322,44.35427261908114],[4.707620318601991,44.352696971990476],[4.706767400281501,44.35160564992065],[4.705672723219814,44.35015271783034],[4.7044525511618,44.34836398263335],[4.703206257595977,44.34631543042989],[4.702822255586062,44.34563209588352],[4.701973216938594,44.3439735394791],[4.701365116640091,44.342711711062236],[4.700959857894984,44.341769493430306],[4.700460358219419,44.34051123371355],[4.700270749457982,44.340036937237706],[4.69994086573148,44.33907910328033],[4.699404756176356,44.33738808511401],[4.698943979183999,44.335617367518516],[4.698822268985503,44.33495201375332],[4.698527382603682,44.33349324876999],[4.698220337061944,44.33144396539884],[4.698040213866285,44.32928439416217],[4.69798494430998,44.32697676826757],[4.698052603317167,44.325154923768686],[4.69823786903922,44.3230428202702],[4.698479284968524,44.32142264444418],[4.699658637970276,44.31497356036254],[4.700270519557021,44.31159859238971],[4.701190953830992,44.306828987937195],[4.70121785942889,44.30668955361854],[4.701224148813087,44.3066497686586],[4.701392801450232,44.305582896573625],[4.701790147665546,44.30338881434335],[4.702098428969503,44.301440497955944],[4.702293337809316,44.29995274108626],[4.702414234692865,44.29872070496279],[4.702507581498382,44.297139254888286],[4.702537553608671,44.295182507857454],[4.702440410126922,44.29273494439165],[4.702253691382044,44.2908495282014],[4.701811233937976,44.288029231452526],[4.701222228317657,44.285349270778354],[4.700614700712153,44.283248962459425],[4.700433803009432,44.28262354339318],[4.699976457509642,44.28117563120326],[4.699575352796253,44.27992554932878],[4.699464443306408,44.2795798792634],[4.697940266353088,44.27478818784518],[4.696302980523929,44.269777906100394],[4.695114466412972,44.26591137651513],[4.69463744862531,44.26419997534086],[4.693970750661106,44.261397716570855],[4.693281744879705,44.25820622658564],[4.6927207748912,44.25560560803026],[4.69236867432309,44.253817341257786],[4.691968553935896,44.25134647063965],[4.691719245024095,44.24920605320947],[4.691550319668713,44.2468329764412],[4.691519427223954,44.24438657399586],[4.691574339648159,44.242527915290324],[4.691718357036414,44.240376769188046],[4.691960216125144,44.23804564898907],[4.692272990867983,44.236011043229524],[4.692822341683469,44.23339290824881],[4.693526049529588,44.23065620203314],[4.69414829930581,44.2286302090028],[4.695283361908999,44.22548992513255],[4.695999729468766,44.223806088592774],[4.697348009736459,44.220927029272424],[4.698537557081058,44.218593725829486],[4.700071977592985,44.21565490152609],[4.701201138399274,44.21345875435336],[4.702768000293493,44.21031539320983],[4.70476015726967,44.20637632246348],[4.70745254867234,44.20111983869733],[4.710051926562909,44.196102630958094],[4.711681870144504,44.19289030131845],[4.713332383400519,44.18967007681535],[4.714572539012801,44.18729072987028],[4.714811225097375,44.18687021883793],[4.715882941239864,44.184982014787394],[4.717489902841556,44.18241943025946],[4.71943600326946,44.179624951657466],[4.72057633709969,44.17812312574456],[4.721482368671368,44.17702899133873],[4.723680508389067,44.17442683275048],[4.726472074782204,44.1715056649387],[4.728034847581981,44.1699833699926],[4.730810133470475,44.16752542697109],[4.73452291265753,44.164389387905786],[4.73784641129014,44.16157279334193],[4.739798197240462,44.15991369515399],[4.743609012574844,44.15671987756596],[4.744945929815118,44.15558981191838],[4.750555943539649,44.15084713506758],[4.753202621134733,44.14858083047632],[4.754397348562204,44.14753089422011],[4.755932012282353,44.14611301295788],[4.757677861652852,44.14440475485491],[4.759049069539628,44.14296301859251],[4.761182823504997,44.14058014296699],[4.763626069008906,44.13753146294583],[4.765815645447623,44.13442640116785],[4.766946694095718,44.13269391439106],[4.768629563805366,44.12982729538351],[4.769622162382313,44.12786291061293],[4.770849801276997,44.12519995598013],[4.772056968954316,44.12222014580656],[4.772949908550427,44.11958901446448],[4.773732461489336,44.116782198567655],[4.774338010786346,44.11401600496373],[4.774799660691269,44.11134276285665],[4.775009466205747,44.10953944888088],[4.77522838171603,44.10627238265051],[4.775257163653539,44.103500436966186],[4.775149480198656,44.10055324171593],[4.774782552191697,44.097357270007855],[4.77421214716759,44.09418725401376],[4.773612042331466,44.09168118778204],[4.77344118214452,44.09096762720308],[4.772755881188556,44.088645260906326],[4.7718489178384,44.08609993122663],[4.770609633565449,44.08314085702084],[4.769265465609349,44.08034205370672],[4.767312884208087,44.076499614539216],[4.766252784264306,44.074406052199805],[4.764379037968034,44.07072844233295],[4.763308100473289,44.068616157405394],[4.762116713673507,44.06622813462931],[4.760335279971949,44.062743597392156],[4.758646540028798,44.05943674940837],[4.757040045675325,44.056271048196294],[4.7556860722727,44.05342420806075],[4.754769610287218,44.051456276411145],[4.753730763809776,44.049112262028046],[4.752652866578476,44.04653513803401],[4.75086404894583,44.042051183251665],[4.749751375622554,44.03899239962488],[4.748576940278026,44.035858469977185],[4.747377311052966,44.03258146187885],[4.746534318371631,44.03024211299067],[4.744973698709743,44.02604260307244],[4.743780522012057,44.02279190695627],[4.742510372314539,44.019487102562266],[4.741404535613518,44.01644513620981],[4.740259705496357,44.013393764514234],[4.739086550012532,44.01026732599459],[4.737968111026265,44.00721552540764],[4.737026708397835,44.00464796239407],[4.736204372575656,44.002036974818814],[4.735592205253918,43.999626533264085],[4.735172939192255,43.99753773269978],[4.734800235638539,43.99525941573523],[4.734501240910706,43.99257184633649],[4.7343786568502,43.99034274902884],[4.734374436599771,43.9881416586815],[4.734454357493847,43.9861280146569],[4.734660629749435,43.98379899701691],[4.735144277520707,43.98061985650207],[4.735768788444382,43.97804143648174],[4.736366972320019,43.97544304764143],[4.736879935048226,43.97360102219582],[4.736921035791498,43.97346083845738],[4.737936706957735,43.96999643311882],[4.738262746246867,43.96878710086771],[4.73875858997461,43.96694783804538],[4.740989930173084,43.95929450679866],[4.741476272020549,43.95751486115014],[4.742368317809892,43.955235339815125],[4.743531382461433,43.95250536209563],[4.744770466065838,43.94972239185032],[4.745995413423423,43.94733574306803],[4.746848609049763,43.94580473305423],[4.74783381274983,43.94410851386118],[4.749434498418009,43.94207831487452],[4.751003929496175,43.94013880686664],[4.752721460105906,43.938389649705655],[4.755499538182959,43.935962721612064],[4.757127476492965,43.93470574640978],[4.759655540083531,43.93299252175673],[4.760726739374645,43.93232210571408],[4.762528776379288,43.93129632229727],[4.765584274947405,43.9297556704038],[4.768033240288144,43.928708010671436],[4.770095278454336,43.927882586569254],[4.770411945343133,43.9277558207884],[4.775248490077045,43.925883976611615],[4.782819488994553,43.92293283801853],[4.786093129705595,43.921816586424114],[4.7883613279511,43.921115249977],[4.79338177279537,43.919788624274105],[4.79532372493046,43.91928297943345],[4.798575278571109,43.91843624398213],[4.80053619153224,43.9180320602988],[4.80310538192455,43.91759602567576],[4.805777881784,43.91724752719533],[4.80901167084122,43.91693116878341],[4.813706412990715,43.916688412260534],[4.819735222839958,43.91642293754569],[4.821097585930885,43.916363337117815],[4.838964099948309,43.915580132003385],[4.84319358369745,43.91527580201207],[4.846018458670422,43.9150037449127],[4.848795365966416,43.914639862752345],[4.85191809806222,43.9141414417536],[4.854519148964402,43.913655847980735],[4.857842595551713,43.91291570714041],[4.859791086368534,43.912448355296505],[4.862637793624751,43.911659833241046],[4.865114572657371,43.91090020796019],[4.867026310228381,43.91027100492796],[4.868528084364871,43.90972358096267],[4.870571918206078,43.90898327730521],[4.874347028749717,43.90753292097852],[4.877685900552256,43.90616166976167],[4.88108984739026,43.904709907388934],[4.884534001500025,43.90321581228364],[4.888590261229585,43.901446732852264],[4.893372942105722,43.89938929078885],[4.897138333747086,43.89795178618417],[4.898844718636275,43.897338530868055],[4.89926291761525,43.89719965149745],[4.899251901903647,43.89720330971939],[4.901785150369398,43.89636199896072],[4.903716474135865,43.89578122707385],[4.906354785326344,43.89504803999064],[4.908994669029979,43.894363842973945],[4.919773984410742,43.89200813786724],[4.9282010845679,43.89016561020367],[4.931189876214619,43.88943901703556],[4.933936724180828,43.88869190806002],[4.936081485124139,43.88804979864325],[4.937905157984512,43.88748508307515],[4.938641491600436,43.88723513036909],[4.941930640468279,43.886118522864045],[4.948427600139422,43.88390730150455],[4.951186522799095,43.882932155910105],[4.954289936336779,43.88175389673741],[4.956452018245074,43.88089054996323],[4.95933157779216,43.87966992257098],[4.962923554334099,43.87801048318525],[4.965974682698427,43.87648542469865],[4.970099442380846,43.874262749807286],[4.974045424334697,43.871945315678694],[4.976469840148694,43.870385242925295],[4.979579608304213,43.868256083535854],[4.981104140461974,43.86716523814711],[4.983123494211354,43.86563555391904],[4.98503163577846,43.86411847383246],[4.986814498796751,43.86263125006892],[4.988853413762116,43.86082926120186],[4.991909443215567,43.8580360066065],[5.003939129642002,43.84710053815509],[5.005803354541595,43.84534259769807],[5.007404439470252,43.84373707674005],[5.009017947421691,43.84204472232597],[5.010367334825017,43.840533237200425],[5.011910153806409,43.838767565704586],[5.013474913239162,43.83696111639796],[5.0150975398458,43.835134461982925],[5.016818848037104,43.83328047380877],[5.01861205669666,43.83147184993413],[5.02016691077627,43.82997767806384],[5.022151215916597,43.828186692884245],[5.024181399122359,43.82636933484044],[5.025890432687238,43.82484673382585],[5.027957431724532,43.822998888554125],[5.029801925364232,43.82125329437749],[5.031517847395842,43.81968117384474],[5.033273041900141,43.817900624510884],[5.034634906289885,43.81644382371327],[5.036235682644898,43.81461513885879],[5.037790749690596,43.81282338846905],[5.038992095738283,43.811395018571005],[5.047090069177631,43.80180663960817],[5.048752087887421,43.799773649124845],[5.050126522803958,43.79803608905326],[5.053445165416289,43.79364241415957],[5.053553792772924,43.79349858543396],[5.055177876538721,43.79133823344345],[5.056647695899511,43.78948632864495],[5.058031550460532,43.78786104979769],[5.059091481420077,43.78668572972608],[5.06045918014685,43.78526672516851],[5.062025533834087,43.78371223337667],[5.064880560587765,43.78111301413206],[5.067436723653793,43.77903728281933],[5.069424850180088,43.77753088124086],[5.071324202161375,43.77616582301864],[5.073402436920676,43.774773086587246],[5.075574383928737,43.77339302608504],[5.079590566350998,43.77107380821731],[5.082643371048092,43.76948460412144],[5.085316192892572,43.76820826632328],[5.089710228883772,43.76627030793183],[5.101723144942986,43.76117828134015],[5.108772149180357,43.75808316846448],[5.113275832099777,43.756131681667206],[5.118054281015972,43.75393621825266],[5.120376131908802,43.75283971819069],[5.122985866290001,43.751444920647174],[5.125649201468627,43.74988643791622],[5.128310780476095,43.74828456973917],[5.130833720754441,43.746576964758184],[5.133335919335235,43.744717969870635],[5.134890373007295,43.743506125781046],[5.137049936790983,43.741686276419394],[5.139527875241043,43.739589169957476],[5.1414138151083,43.73765538786682],[5.144014012519249,43.73484044487867],[5.148285041647471,43.730274052089555],[5.150842296755978,43.72760667036065],[5.152182356711243,43.7262795912249],[5.154766545385779,43.72373663596178],[5.156692977170517,43.72208960905521],[5.158011618064555,43.72102198472515],[5.160221876475529,43.719309394024116],[5.16209126729292,43.717947094884146],[5.177004847582843,43.70739941258985],[5.180271774817789,43.70491002508263],[5.181842936818679,43.703677038485736],[5.182536727883026,43.70308001025857],[5.184186381943325,43.701660366176654],[5.185258708866005,43.70071385481741],[5.186423878194469,43.699581078496045],[5.187701354721349,43.69834571611367],[5.189691550551898,43.696180466289334],[5.190983956849525,43.694754353303445],[5.191588537361802,43.69410035439579],[5.203794597243895,43.68080891218864],[5.206432640325701,43.67786803951635],[5.210334862980219,43.67368402256475],[5.214049723106306,43.66956846217119],[5.215855957474472,43.66744890665035],[5.217163098334461,43.66578681828889],[5.218941293607266,43.663316127380895],[5.219542362742397,43.66241539361962],[5.2208788282494,43.66030534754694],[5.222118134567594,43.658067657134566],[5.222303070841557,43.65771140120201],[5.223047131313308,43.65627801739393],[5.224479441289708,43.65312271756254],[5.225628580477197,43.65044511963175],[5.226866579484496,43.647648656038555],[5.227938255667896,43.64519223890761],[5.233841072776717,43.63165834177347],[5.233832388860434,43.63167825676769],[5.234230179453996,43.630765978081286],[5.236814485583062,43.62483845647848],[5.237950034178029,43.62245097928162],[5.238207987357636,43.621964463813526],[5.239568972442886,43.61964203009912],[5.240824584779394,43.617816429284794],[5.242414999285334,43.61574105068772],[5.244589538224993,43.61322722438891],[5.245727547576938,43.612003641366805],[5.247652080483444,43.60984131891417],[5.249155283421361,43.60816040996408],[5.251257351917588,43.60598761113681],[5.253542463028087,43.60400000446907],[5.254742740349593,43.60292908027907],[5.256088504493227,43.60187803884873],[5.257614557717221,43.60078925614852],[5.2599590007292,43.599245495926],[5.262386231295882,43.59782831915273],[5.265331602867826,43.59624927097582],[5.268267774301096,43.59470431089052],[5.270132846615567,43.59366112219071],[5.271745187549978,43.59266471533344],[5.273264354293269,43.591677784849225],[5.274633115622069,43.59069775811597],[5.276419818572362,43.58926085169602],[5.277730418055642,43.588122288350746],[5.278760488483928,43.5871375427012],[5.279642524157998,43.58631156699721],[5.281881034339481,43.5839616411755],[5.284424772875992,43.581325879149276],[5.286820585007631,43.57889326159551],[5.288138729053556,43.57769893844337],[5.289566377380763,43.5765173911769],[5.290851485357623,43.57553892086605],[5.292528210232775,43.574355853874614],[5.29424525403294,43.573273840413194],[5.295747144143188,43.572396437261844],[5.29734831473268,43.57153578847492],[5.302300577463915,43.569044924473054],[5.307425989994313,43.56646956606072],[5.308607544192345,43.56587580585402],[5.312449898427774,43.56395161578626],[5.314816981555516,43.56268927749614],[5.316428438251549,43.561711089157676],[5.318061814652427,43.560634251716806],[5.319847233646848,43.559338950528705],[5.321857058279019,43.55776842078368],[5.323769889842652,43.55603366666157],[5.325621938694409,43.554084702186636],[5.327025447847898,43.5524020467793],[5.328115468569868,43.55093286849681],[5.329409137101149,43.548980546163946],[5.330469210887638,43.54707592215381],[5.331385225266938,43.54509312634647],[5.331852178452169,43.54393919898844],[5.332288130683174,43.54266135396286],[5.33276820467005,43.54093708314101],[5.332930430667702,43.54024400761774],[5.333348327128263,43.537983675007595],[5.333451128740305,43.53710634436725],[5.333539557758715,43.535654071707505],[5.333571499795499,43.53458490934145],[5.333503051508387,43.53288739112139],[5.333362867747851,43.53131820806417],[5.333034735689671,43.529288763905946],[5.332736147978771,43.52801147018941],[5.332155936617307,43.525989119711625],[5.331395870563149,43.524008386988925],[5.330675853802187,43.522374107994224],[5.329459940923831,43.52021223939768],[5.328833246466019,43.51917491734266],[5.327944764584134,43.51782177648196],[5.327656410403899,43.51738260361638],[5.325770974873723,43.51495211802111],[5.323266503993524,43.51193881371664],[5.320536963615334,43.50850762387949],[5.319777411357149,43.50739679186635],[5.318698079257701,43.50574009130081],[5.317931173478692,43.504445173563354],[5.317083430326687,43.50295535440347],[5.316363920143555,43.50144558661186],[5.314900407322515,43.49758491185954],[5.312472778739354,43.490159058215184],[5.311754077199565,43.487833563331066],[5.311280702606656,43.48605553151495],[5.31094075702667,43.48426381935461],[5.310778051495661,43.48307419493732],[5.310540262141487,43.481335506648534],[5.310459617244189,43.48061620086762],[5.310425532341545,43.47886531532321],[5.310451884676777,43.477328319968976],[5.3106092066336,43.475174513095894],[5.310938815647373,43.47293514927544],[5.311401054040971,43.47076599016217],[5.311741314066849,43.469482447685834],[5.312119503312954,43.46826671668712],[5.312827908796869,43.4662923798321],[5.320237526655129,43.447999754374464],[5.321389281712527,43.445211689789076],[5.322472747319036,43.44257679559095],[5.323476154936913,43.440539634431474],[5.3245055380681,43.438586343874846],[5.325064604840071,43.43752543659115],[5.326983487175474,43.434026991208675],[5.328375929522418,43.431389327341535],[5.328492244585546,43.43113919291027],[5.329451985950821,43.429075192277196],[5.33240997524385,43.42136165906278],[5.334917855076066,43.413742885895076],[5.335229692912239,43.41239424046182],[5.33539876240881,43.40672197494134],[5.335571774887628,43.40146251339319],[5.335859876279573,43.394975217324095],[5.335724739562891,43.391921383806924],[5.335874409966213,43.37998897910009],[5.336053813657888,43.37635493038756],[5.336673997109405,43.37236249558946],[5.337330195810877,43.36982624215944],[5.337859907594997,43.368642425043504],[5.339459223820102,43.36586466561831],[5.340326919671655,43.3647869557595],[5.341807797665017,43.36316264497605],[5.341809594442999,43.3631606740849],[5.343386041937654,43.36143142029852],[5.344439134960368,43.36023088625016],[5.344746246843915,43.35989582841094],[5.345339168119782,43.359227793304626],[5.346287392539099,43.35861297775615],[5.34844193463866,43.3571507026935],[5.350125921278859,43.35607608090625],[5.351974395797825,43.35485064168315],[5.354034571940416,43.35339511797498]]}},{"type":"Feature","properties":{"name":"LGV Interconnexion Est (bypasses Paris: CDG - Marne-la-Vallee)","opened":"1994","codes":"226310"},"geometry":{"type":"LineString","coordinates":[[2.5772455172724005,49.06379253111965],[2.575091750906931,49.062593194432935],[2.573456461797268,49.061573424840574],[2.57164168928717,49.06012993486116],[2.570628132908153,49.059156568066136],[2.569454056477465,49.05799079775576],[2.568218809951932,49.05638787335583],[2.567370640984469,49.0550420872261],[2.566668437926924,49.053696819777144],[2.566130718768995,49.05207506723262],[2.565768607206159,49.05078430160319],[2.565557508077312,49.04888664781163],[2.565606877803158,49.04686205170515],[2.565864129328373,49.04485984239039],[2.566055909017211,49.0433671022767],[2.566297621222034,49.0414855806765],[2.566616808493928,49.03852145580314],[2.567059533907312,49.03504439878482],[2.567697047787062,49.03003667931506],[2.568177628332609,49.02626102625168],[2.569115701230126,49.02046320688119],[2.569151270417778,49.02024334299708],[2.570276603718705,49.01152992466109],[2.570635724820022,49.00866971755731],[2.571317053678617,49.00324240826738],[2.571876413640412,48.99880569774054],[2.5720449429323,48.99746881065445],[2.572676362475543,48.99355985542129],[2.573010854717479,48.99227151755208],[2.573578061453035,48.991053373438156],[2.573966992777465,48.990218061664876],[2.57522434758814,48.98831395797865],[2.576423158469531,48.98690167926232],[2.577451964970742,48.98583957464265],[2.578642217981023,48.98483131410694],[2.580363351771404,48.983513755689785],[2.581769107366434,48.982604212434886],[2.583867267851486,48.98142854143725],[2.5864815546335684,48.9802389280863],[2.5863956641405403,48.98027801380947],[2.58681866481736,48.980085519946684],[2.58998111587288,48.978713822996944],[2.604076712632864,48.972598013805346],[2.609662044771019,48.97017400465359],[2.623694296913001,48.9640819003664],[2.624596476036258,48.96370508769981],[2.626226921819148,48.963024068882504],[2.62963411726471,48.96187296969328],[2.632731395675839,48.96104055036208],[2.636645701648516,48.960226929740095],[2.640429472095498,48.95966232215664],[2.644315435691682,48.95932763291307],[2.645796804837771,48.9592887774639],[2.647601478808446,48.95924141710979],[2.651404475055365,48.95929516334046],[2.654542793443983,48.95951739655906],[2.658780624747153,48.95990254434051],[2.66159553012766,48.96009169933877],[2.664200607925416,48.96019494053358],[2.664406434688875,48.960193725599204],[2.66787469143352,48.96017320036638],[2.671258596699405,48.95996937451821],[2.673947015677974,48.95968896144212],[2.676182644808643,48.959343321027006],[2.6783700214442,48.95894422181815],[2.681279532279523,48.9583191549649],[2.684495981500811,48.957512055288],[2.689375082005728,48.95628753484996],[2.689777689777328,48.95618653839822],[2.693011002792023,48.95537537982398],[2.695433867018868,48.95477337420416],[2.697916186757637,48.95415653017448],[2.70224372490004,48.95298436449361],[2.706005303506254,48.951704079444305],[2.706178299526103,48.95162913104984],[2.709087372705465,48.950368740395305],[2.71202459835846,48.94886245115976],[2.714670988970153,48.94724882010412],[2.715251049681377,48.94684070081447],[2.717237358304771,48.94544310224142],[2.719740439837628,48.943338764246135],[2.725446598645475,48.93819364743969],[2.727870095170201,48.93598250570249],[2.729345446219351,48.934636311530454],[2.734330376215321,48.93008711577684],[2.734662353179919,48.92978412071835],[2.736450142287358,48.92810413310779],[2.738984601953395,48.92587153813806],[2.740835642639114,48.9244260899849],[2.742583472042612,48.92323887277553],[2.745590297041625,48.92119629039229],[2.749070950920016,48.91887140565061],[2.752874896992707,48.91633022063073],[2.755162621161228,48.91479579814697],[2.76030419931034,48.91134674100628],[2.768558912746087,48.90585279379923],[2.770456310874091,48.904545508445985],[2.77266162181584,48.903046931773844],[2.774332115520113,48.90182441557265],[2.776327912254651,48.90012286989234],[2.778247442281174,48.89823916788132],[2.779640777620627,48.896579869318785],[2.78126675006421,48.89432333062178],[2.782292218637326,48.89261989853762],[2.783418144967222,48.89006398423988],[2.783974975260552,48.888306391946706],[2.784319856162969,48.886985398671825],[2.784618130900923,48.88520601613221],[2.784741701291141,48.88268023995583],[2.784630146606377,48.88107214236649],[2.784619690617339,48.88092141061816],[2.784510231429999,48.88003657850969],[2.783990710783271,48.87672091867727],[2.783149464543207,48.87255705023655],[2.782877325213687,48.87120991059409],[2.781896594197068,48.864886360491816],[2.78140560073785,48.86204337181509],[2.780298520337027,48.85563189552003],[2.779558942114265,48.85100473844439],[2.778597436116152,48.845428532348755],[2.778255648553194,48.843388924169524],[2.777747030138398,48.840353453050035],[2.777401074477274,48.83817844449297],[2.777234439131958,48.83560939334235],[2.777375896956401,48.832731807162915],[2.777690969983046,48.830781846542266],[2.777992735091409,48.82947065123498],[2.77808574022613,48.82906652217903],[2.778512091921312,48.82751113391514],[2.779572046890028,48.82499762100483],[2.780337619803608,48.82336823391408],[2.781573260340926,48.82126005226356],[2.783288288724788,48.81885450544738],[2.783554064785953,48.81848169797925],[2.785989107612176,48.81508590344188],[2.790371248515579,48.809007430901005],[2.794124136071728,48.803834144409656],[2.797753398885345,48.798830161529914],[2.801792600969951,48.793123674736464],[2.803350264374159,48.79075992954279],[2.804097180061666,48.78947140411773],[2.804844816355334,48.78798035037864],[2.805528363847638,48.786361276081266],[2.806164309958219,48.78451827608509],[2.806753835762588,48.78213157654753],[2.807052519622883,48.77987231031806],[2.807172234083606,48.77802845988079],[2.807083740248033,48.775789878463314],[2.806900071286325,48.773124768199104],[2.806772347357446,48.77156334152622],[2.806097922449566,48.763316901431345],[2.80572607151931,48.75925507452978],[2.805452552798521,48.75600654177862],[2.805340104773118,48.75467089665279],[2.805187168821943,48.75245348191672],[2.804824971263284,48.75016110448217],[2.804268341443313,48.748145549789264],[2.80343834650005,48.74596964641561],[2.803150710496045,48.74530828214155],[2.802270195167967,48.7437292162726],[2.801260878197056,48.74212860821778],[2.801095010416224,48.74190529705488],[2.800555353469064,48.741178730836346],[2.799855691129387,48.7403248572537],[2.798646219800145,48.73890503660106],[2.796671421760629,48.73698296227223],[2.792512707183001,48.73320078271062],[2.79085877445766,48.731696403095526],[2.787022056506464,48.72813994797137],[2.786542357190311,48.72773712298069],[2.78506306490502,48.72649484288603],[2.783151779461751,48.725031005026295],[2.78067755732976,48.723363566384016],[2.779475426575354,48.722647919418854],[2.778234809556322,48.72190932727143],[2.775228841868896,48.720336719197114],[2.766548166135657,48.716098777536786],[2.760630192744701,48.71323535160746],[2.753914617312624,48.70998525976411],[2.753914617312592,48.70998525976411],[2.753674152563623,48.709868868983335],[2.747857145671758,48.70701052851175],[2.74276341267782,48.70457985480225],[2.741477405177958,48.7039536613402],[2.737574007410905,48.70205280760429],[2.734200227778162,48.70043568479229],[2.733013899918745,48.69997717915345],[2.73217509887447,48.699652977593416],[2.729635045815926,48.698805109502864],[2.72762492975682,48.69825687742135],[2.724923313578184,48.697536458577844],[2.721480069430928,48.696995468576205],[2.717295357841517,48.69660186382849],[2.712767293979827,48.69656138182382],[2.708465404280244,48.6969075105786],[2.704375167875102,48.69757258305808],[2.701499836006377,48.698213432268794],[2.696569528818896,48.69956772237759],[2.693248079317008,48.7002521266704],[2.688638332283194,48.70091176271925],[2.679740248601035,48.70209051013624]]}},{"type":"Feature","properties":{"name":"LGV Rhin-Rhone (Dijon - Mulhouse, province-to-province)","opened":"2011","codes":"014000"},"geometry":{"type":"LineString","coordinates":[[5.302550866103873,47.21360702410097],[5.311714673055183,47.212429995821644],[5.317120130868151,47.21228757483227],[5.319617511838662,47.21234044876739],[5.322472169796306,47.21259713405958],[5.325290365413252,47.213064824094566],[5.327852528559063,47.21366135678735],[5.329439534843062,47.2140849967681],[5.329438115244159,47.214084617832995],[5.331701190552767,47.214688679897215],[5.339450935275577,47.216392092480746],[5.352183851111882,47.218769424816536],[5.3521706791370764,47.218766966358984],[5.35241304612382,47.218812202350676],[5.362114719795051,47.22089525369829],[5.362266715097519,47.220922388423304],[5.362255206578053,47.22092033389322],[5.366047136759006,47.2215972085655],[5.376626568510781,47.223491918927785],[5.382418308942994,47.224411291367105],[5.387892178542306,47.22503235770113],[5.391731101128007,47.22521622341696],[5.396666740091219,47.22515577725525],[5.403191445492348,47.22511772807928],[5.419009521571793,47.223826286312956],[5.432893506474705,47.222387063791466],[5.440911020052299,47.22189541978602],[5.448845031246552,47.22196189955079],[5.460208506067876,47.22306621894611],[5.469027067061418,47.22464006133592],[5.480876736322959,47.22708274767273],[5.494528273619811,47.22989509155747],[5.506643523994278,47.232275143089346],[5.519054104060942,47.23494284211504],[5.530180753211551,47.23723082261268],[5.542176537897949,47.239386085047315],[5.547955367241578,47.23988208796388],[5.556421682177995,47.24021119636127],[5.563516774350251,47.24003246281733],[5.570071533977934,47.239492694717185],[5.593237707768714,47.236590244389284],[5.603340707711006,47.236272286303766],[5.612424483702327,47.23681531053771],[5.619271159704203,47.237603953459875],[5.625545392755521,47.238755442482685],[5.638494300739374,47.24187636687268],[5.657622978354283,47.24659060194322],[5.679736949869334,47.25203555739537],[5.687815457415462,47.25403649509403],[5.696580078053719,47.2557106873682],[5.707572547066376,47.256864814822926],[5.723108543735827,47.25732978943621],[5.733665543030554,47.25808877218888],[5.742677544446257,47.25930975746991],[5.753234550095613,47.26187274023569],[5.761131558445168,47.26495972735231],[5.768340569067597,47.26862871559756],[5.780185587041302,47.274804696285024],[5.788167595763268,47.27800568326442],[5.798982603380065,47.2811526656146],[5.807136606496767,47.28278165230248],[5.816405606989015,47.28376963716406],[5.827649605209944,47.2842956187957],[5.845159602409691,47.285108590191655],[5.864385602138081,47.286798558791176],[5.87799625628552,47.28947412756081],[5.89258652961913,47.293448119419715],[5.899611131571945,47.29524121268274],[5.916227626773667,47.298558474178684],[5.926003633370489,47.30029494508978],[5.933746873486635,47.30209383430956],[5.937551086358573,47.303140630496706],[5.955571379045176,47.30857247830169],[5.958779281295323,47.30954081088419],[5.967699837372495,47.31223396723086],[5.971674848663908,47.31350101395139],[5.978224202634905,47.31591841530479],[5.986093678908791,47.31979936020319],[5.993217693426178,47.324571348601886],[5.999248199773272,47.32974838266239],[6.002143718851147,47.33259733408182],[6.005405732579488,47.336785328785155],[6.006615207256809,47.33825598928112],[6.008323744160518,47.34033332404552],[6.01064075347305,47.34318332028249],[6.013215764964454,47.34667331610295],[6.015447772864044,47.34911531247581],[6.018794780810318,47.351674307028375],[6.022485789874455,47.354581301021874],[6.029351802005252,47.3586512898385],[6.033385811580126,47.36173428327337],[6.036905820079685,47.364465277545115],[6.040939830069718,47.36766527098114],[6.045488844402248,47.372140263585905],[6.04849285677712,47.37591725870894],[6.053298876388273,47.38190625090615],[6.058362902075713,47.389634242695934],[6.064370926419465,47.39706923294213],[6.069349948853053,47.403867224864335],[6.074584967704959,47.40967721636087],[6.079820981810168,47.41414720784541],[6.08428399206866,47.41745920058324],[6.088575999296516,47.41990019359354],[6.09355400793451,47.42280318548732],[6.100935017205837,47.426110173460245],[6.108059025753968,47.42918916185129],[6.116213034160181,47.43232514856097],[6.124710041827105,47.43528513470938],[6.132178047168083,47.43749312253234],[6.142306053059894,47.44010710601514],[6.153378058207895,47.44260108795591],[6.173033069551254,47.447652055903426],[6.186423078029544,47.45130603407009],[6.203160088278964,47.45577700677941],[6.21380309603502,47.458969989428844],[6.222643104803683,47.46227797502335],[6.23036811558015,47.4660459624425],[6.237320129521575,47.47063195113091],[6.243757145274975,47.47567894066423],[6.249336158229297,47.479855931591345],[6.252426165424234,47.482174926566294],[6.25757617440373,47.48519191818423],[6.262383181022698,47.48751191035625],[6.267962187579303,47.48988790126862],[6.272403385252486,47.491296898002204],[6.276030195777732,47.492962888123735],[6.281180198778922,47.494297879727824],[6.28658720066158,47.49534287090995],[6.292853200382811,47.495861860685366],[6.298289557564181,47.49592644128507],[6.303676870677808,47.496066902813546],[6.31154473757492,47.4957875804972],[6.316842245791239,47.49536017146325],[6.324326939522744,47.49476215554431],[6.328730183877165,47.494644802109065],[6.33568218171501,47.49470179076144],[6.343402721019265,47.495033918073936],[6.352288630812882,47.49619627660428],[6.35917198398497,47.49758921564279],[6.365467686806301,47.49925152165813],[6.369971110789343,47.50070220867907],[6.374161026330968,47.502265144095816],[6.379254446441537,47.50447360018308],[6.386704532170874,47.50803150695768],[6.390943952337031,47.510068786579915],[6.396064641786093,47.51243379412615],[6.401858349980669,47.514847029272474],[6.40724125730603,47.51684928854317],[6.413702242056174,47.51916966363006],[6.420014038257344,47.52085599323217],[6.428512278703293,47.523489190565385],[6.436362260672692,47.52658962671351],[6.4469192727158,47.53099460952381],[6.454901282131324,47.534412596527964],[6.465630295354686,47.539166579061565],[6.473698304112791,47.542408565924504],[6.478726594743207,47.54392249205665],[6.484104052008635,47.5453851502826],[6.490387895772646,47.54673313599625],[6.495480269834597,47.54755927578902],[6.50179933310207,47.54827636414761],[6.508740772501477,47.548675508918166],[6.515290331307116,47.54869301624553],[6.5235828851075,47.548324910636715],[6.531769833057821,47.54791166537269],[6.544927618211085,47.547526097792776],[6.556997137693866,47.54733996677457],[6.570133853368042,47.54675497802685],[6.580003358102914,47.54638035909185],[6.585707279734177,47.546463383193604],[6.593861278755084,47.546986369894746],[6.601419805541999,47.54804233196161],[6.610890956410321,47.549371267661485],[6.616348282667215,47.55028933323749],[6.624932283797807,47.55144931924385],[6.633858282727556,47.55202530468706],[6.646733283177166,47.55341728369573],[6.657911872931783,47.55432623037784],[6.657919520559536,47.55432685183688],[6.658835282440377,47.55440126396227],[6.671161008833677,47.555419165422265],[6.683348674324078,47.55604660980289],[6.683992372057929,47.556069214277144],[6.683985578691948,47.55606897573777],[6.695828276867835,47.55648420363579],[6.706386264354059,47.55661263726783],[6.718998603894174,47.55695368972514],[6.735651910089583,47.55765063631864],[6.747633465791282,47.55815211747022],[6.762299375909435,47.55876425573404],[6.774759119579264,47.55928284501792],[6.790912346727987,47.55995315620435],[6.801914253621272,47.56048203064095],[6.810616238659417,47.56097248058091],[6.819681253910189,47.56233600168283],[6.829079865774534,47.5644219611758],[6.837963265754381,47.56748997191701],[6.845900850606858,47.570485060309124],[6.856995178550025,47.57467900377708],[6.868620488511811,47.578262611280216],[6.880423260065917,47.58134714975243],[6.899419824989743,47.58627607941684],[6.913939239763299,47.59004062440077],[6.917562038954167,47.591044294398856],[6.917556508840488,47.59104276245124],[6.927405647741022,47.59377062175963],[6.93437492339135,47.5966008799439],[6.941475346684604,47.600604803447354],[6.945157134006983,47.60310931015804]]}},{"type":"Feature","properties":{"name":"LGV Bretagne-Pays de la Loire (Le Mans - Rennes)","opened":"2017","codes":"429000 + 408000"},"geometry":{"type":"LineString","coordinates":[[1.116024262117433,48.08622891798088],[1.11432562171638,48.085621267946884],[1.109753104072327,48.08390179184011],[1.105473631207617,48.082210607628504],[1.102734331135106,48.081429582037934],[1.101062736224218,48.081042790028924],[1.100016047288181,48.08080058063335],[1.097747894326653,48.080358844577944],[1.095222713199073,48.079966927068654],[1.08963732159799,48.07912023474073],[1.086910852421321,48.07872487269141],[1.08439860500585,48.07835093642138],[1.082114977255853,48.07797166490695],[1.079072260278451,48.0774089146844],[1.075846871155797,48.076699051373424],[1.0755896381942989,48.07664557998948],[1.0755905173717732,48.076645762743674],[1.071770029554895,48.075851511574896],[1.069811213894978,48.07543301308142],[1.069567281853276,48.07538089455691],[1.06513270019277,48.07451162788233],[1.062502359335141,48.07396144574925],[1.059274547922341,48.0732400823601],[1.05568586889785,48.07255968355176],[1.053708518994752,48.0722259280118],[1.053202641027319,48.07214053519597],[1.049435500348347,48.07161527792071],[1.045542027370047,48.07114976126609],[1.042987981125065,48.07082786277262],[1.039254757847389,48.070432658647725],[1.035448787488974,48.07018917737568],[1.033101461551148,48.07009598451114],[1.027173909010921,48.06998368582802],[1.024449228951195,48.07002927285722],[1.024274309855708,48.070032197299476],[1.022676833885612,48.070059267522694],[1.018857830921451,48.07021740828434],[1.015586182390132,48.07041442860759],[1.01072761869019,48.07086003354165],[1.004485145085392,48.071499743684384],[0.998931172685865,48.072131407404676],[0.992791002847389,48.07279623157865],[0.988498842626219,48.0732415906767],[0.986413681278846,48.07344242934463],[0.982769061942626,48.073751139541024],[0.981370601081992,48.07386088891978],[0.977833336452364,48.07406697617427],[0.974091059295494,48.07426377381839],[0.97063102121704,48.07452766180435],[0.96357633069848,48.075398560996355],[0.961517148491629,48.07564046321005],[0.96099593333834,48.07572776994458],[0.957960807065038,48.07623612058234],[0.948141167114304,48.0780227610597],[0.94341603754722,48.0788642102013],[0.939964937618931,48.07950618506267],[0.93703581693107,48.08000527236481],[0.936610549548048,48.08007772601608],[0.919983765087671,48.083531756620644],[0.917637666610352,48.08392608633105],[0.91521544437451,48.08429286247768],[0.913945068646223,48.084477457853225],[0.91177217312897,48.08471807524819],[0.908082410881946,48.08507133723763],[0.90412754964647,48.08536564415223],[0.901531298968977,48.08543647823101],[0.898884188249998,48.085434319667804],[0.896551384722718,48.08538677143334],[0.894285687816554,48.08530047244742],[0.894110973740876,48.08529381587605],[0.892179972471374,48.08522507378201],[0.888868873739096,48.085067316743554],[0.884861668087301,48.08494032165216],[0.883424888860528,48.08491451933884],[0.879689791084053,48.084901382543116],[0.874267151306277,48.08498503639304],[0.871717203094321,48.084971191830235],[0.869393861926398,48.085014090401046],[0.863816001742284,48.08500180138083],[0.854350474355285,48.08513592718999],[0.850989517510417,48.085173712552745],[0.848615190415741,48.08518921499469],[0.848422372940095,48.08519047183686],[0.844917619695231,48.08512583137298],[0.841516898238241,48.084931735495914],[0.839372313330081,48.084823424075566],[0.837684971583982,48.08468494456312],[0.83500855722017,48.084398869827474],[0.831462584191154,48.084011635211716],[0.82797136393208,48.08358902181979],[0.825590244604291,48.08330653010565],[0.823087908654493,48.08300478006594],[0.820397690327997,48.08277181185527],[0.814402087346756,48.082370353479114],[0.814235301198719,48.08235918122937],[0.81275861928095,48.08236697875176],[0.809270648288222,48.082303603502844],[0.807191234761525,48.082267501703875],[0.805111824086069,48.082231363044635],[0.799945148005538,48.082199733015536],[0.79766359204707,48.08218194213268],[0.796086763191578,48.08216962067698],[0.791154652270495,48.08218529838889],[0.786489942919764,48.08223280598848],[0.782993725131977,48.08229312003591],[0.779787222502537,48.08249385015213],[0.776508645311161,48.082810184820346],[0.774387492706196,48.08303217939009],[0.770677944573164,48.083420315170194],[0.767722642488645,48.083715512049125],[0.765411957778161,48.08390962811473],[0.762127995157971,48.08414061096382],[0.759316023325189,48.084222224567014],[0.757092763632187,48.08425655489834],[0.754435509272668,48.08428237072967],[0.751695624822333,48.084248124281636],[0.747580423144613,48.08400744707888],[0.744517460632256,48.08379854571789],[0.740974776523367,48.0835568248138],[0.728557918084239,48.082624761750075],[0.725886419053069,48.08240877268358],[0.720951830470588,48.082009650237126],[0.714865229233247,48.081684649063156],[0.711331222243048,48.08137293297476],[0.70745324915641,48.08093736212276],[0.704754474098036,48.08057866842636],[0.702128726720999,48.08008627317106],[0.699502636962396,48.07960281584975],[0.697491426186582,48.07919434853903],[0.695792875758309,48.078815235096776],[0.694750083561712,48.07858247086027],[0.691146378267449,48.077719517421045],[0.686981306787075,48.07679140359473],[0.684052658702171,48.07616658883094],[0.679838091123713,48.07545334752031],[0.676377756101422,48.07500695558134],[0.672620959692868,48.0745816164881],[0.665018607183898,48.07382393791678],[0.661930403625032,48.0734470725366],[0.658428974975473,48.07298326125878],[0.654978888022312,48.0724758448228],[0.652339189308429,48.07196228976961],[0.651781989386202,48.07185387731687],[0.647805594630196,48.070937118257056],[0.644374069058011,48.07015718335445],[0.640793528688381,48.069257638399044],[0.637958280628608,48.068515932236004],[0.634602632991985,48.06749801349136],[0.632782352225532,48.06690634859493],[0.632565110833925,48.066835733575715],[0.631014740534143,48.06636845712135],[0.629467755187619,48.065815064365516],[0.627219946011051,48.06501341342933],[0.62413262940518,48.063762563731665],[0.621524971188862,48.06260235950949],[0.619052416553682,48.06147566850228],[0.615535228836455,48.05988600843951],[0.610921008864349,48.05766026273975],[0.606278827036999,48.05568979515952],[0.605952587529353,48.05555130373654],[0.602638207350005,48.0542952444727],[0.599358526507634,48.05316586155109],[0.595092587295313,48.05187216597022],[0.591338273931711,48.050849917493295],[0.588257136512089,48.050192501156516],[0.585619879496776,48.04962971750416],[0.581722960718978,48.049022741708065],[0.581180315038526,48.04889472475415],[0.57903372286232,48.04855344212435],[0.574452681969943,48.04799989988519],[0.570559087519064,48.0476854876448],[0.555206603895185,48.04657522842735],[0.548703669295615,48.04619562693425],[0.546340340624696,48.04605757993939],[0.543055433369195,48.04594404147542],[0.529366455333582,48.04585222535495],[0.525320036130398,48.04584269768953],[0.52482378220604,48.04583872828647],[0.521171922210773,48.04580945369184],[0.51242040945792,48.045714896823554],[0.507729335380239,48.04574589025809],[0.505402831899338,48.04587256864283],[0.501200676036275,48.04612496235657],[0.498719576149605,48.0463431018021],[0.496842821349001,48.046555353845065],[0.493948760300449,48.04698005791758],[0.489561785474857,48.04773307090955],[0.48552996609224,48.04849597872065],[0.483176824460998,48.049034459465055],[0.483004186753719,48.049074253428],[0.481716142245336,48.04937114502656],[0.47762945343847,48.05040469581848],[0.475361410911789,48.05096567290156],[0.472932911596182,48.051566275500704],[0.476550643299595,48.05066778021114],[0.4431973057914205,48.0588202551295],[0.44296361172662524,48.05887733312686],[0.430289009051187,48.06197210666315],[0.410027015314836,48.067189088152666],[0.389917446357478,48.07322560746148],[0.379843966972882,48.076247662278604],[0.360698191441237,48.08202628406444],[0.354035797815648,48.084042579514566],[0.347894593003458,48.08609005184448],[0.337929050438119,48.0893979661842],[0.327097713209808,48.09247939304497],[0.322457434673295,48.09343853624453],[0.315342782518629,48.0945801175755],[0.305180663913671,48.09557949153],[0.291774773546616,48.09594930659756],[0.282654789086194,48.09641220152924],[0.272846459197485,48.097550641608265],[0.265087381380033,48.0986493936317],[0.255943111435498,48.09993976050592],[0.245321639960473,48.10106641581151],[0.23751696310559,48.10130429501068],[0.231080066178541,48.1012202097789],[0.225945918988285,48.10081102696309],[0.22020633477583,48.1000919025538],[0.215032999752754,48.09918191030933],[0.208543579248879,48.097716049457304],[0.202201321943678,48.09583103511656],[0.194550838641786,48.09296822935479],[0.188713794101318,48.090371770750906],[0.182543743501688,48.0877718851603],[0.174863317316736,48.08494577905361],[0.168800204177587,48.08327570841112],[0.158520042805052,48.08102853750872],[0.146081477346216,48.07874778628522],[0.139815232120282,48.07768191938555],[0.136048493576093,48.076920002956335],[0.132245337951664,48.076039734212635],[0.126132668423065,48.07499291649194],[0.119692563474306,48.07386429112228],[0.114166439551723,48.07287662572089],[0.104425247409688,48.07109686887488],[0.091408710101672,48.0686231887088],[0.081097131800646,48.06583402106637],[0.074065776184616,48.06316434744116],[0.066595575761502,48.059572400082445],[0.061972287600472,48.056855779090455],[0.056526752794822,48.052966360978544],[0.05187910602146,48.04914632950317],[0.04719423298052,48.044198334311],[0.044045049567981,48.039861096059276],[0.04140663516692,48.035449883161455],[0.039003850762953,48.029783807113645],[0.036497680366169,48.02136071902732],[0.033312362170544,48.01389100748137],[0.029888869445335,48.008246132800835],[0.02508164196373,48.00236811973413],[0.021017890045051,47.9986229000222],[0.016683700581605,47.99492352240035],[0.011628642668949,47.99141996969077],[0.009181908461192,47.989723943297044],[0.005346602953595,47.98706506303633],[0.001893878896457,47.98512260343319],[-0.004919702467612,47.98128864529586],[-0.011731047463825,47.97834619309688],[-0.017834793775641,47.975760194214445],[-0.025502947991228,47.9726849478637],[-0.03215426170892,47.96991884674232],[-0.036798622746295,47.96790044762681],[-0.042485137094153,47.965339979923186],[-0.054460022647173,47.95950877946837],[-0.065785235911965,47.95373250988015],[-0.074932721776143,47.94914924801533],[-0.083640673965958,47.944751423538435],[-0.091817460574242,47.940593508873874],[-0.098291600591033,47.93728551306005],[-0.10627862585256,47.93324141608704],[-0.115386189831759,47.92871352075777],[-0.121933219199336,47.92575092836756],[-0.12634544711759,47.92395753986225],[-0.134641211892439,47.92097915315668],[-0.1415571471546,47.918669993029454],[-0.152159239672706,47.915455254764055],[-0.159072962813057,47.913676345153085],[-0.168049397399692,47.91192771555457],[-0.176996840430587,47.91082135770446],[-0.184945896089955,47.91032099087688],[-0.19247271550294,47.910151879787456],[-0.202106050313166,47.910107618935186],[-0.210115304808552,47.910094898804225],[-0.218836699932,47.910070674037584],[-0.237098642670274,47.91003730538339],[-0.24402913959236,47.9100317074357],[-0.252375238858272,47.91002421369277],[-0.261479772222331,47.910015230784914],[-0.271699591900243,47.90995951273384],[-0.287988505200962,47.909933241599994],[-0.297643505526604,47.90992030554126],[-0.307220205672012,47.909987198266656],[-0.312093174522829,47.91034880116057],[-0.321241561428183,47.91145683240014],[-0.333820473251593,47.91348587272935],[-0.34260603329461,47.91504041110191],[-0.352724425921277,47.91680162933188],[-0.359329924106122,47.918305268450204],[-0.367561730760383,47.92053880097597],[-0.37153802231691,47.92189625880693],[-0.381627976964926,47.92616381658381],[-0.387099018876825,47.928989469741474],[-0.394515152091957,47.932879116496906],[-0.4021145796151,47.93683834640141],[-0.408463554040127,47.939826324587926],[-0.412641720753477,47.94160983186414],[-0.418051230933308,47.94357403035785],[-0.423827099094754,47.94533671044829],[-0.433798874280803,47.9479872485902],[-0.44326919659544,47.95052530465948],[-0.453287990484795,47.95345504121987],[-0.45997973784417,47.95560253001894],[-0.465390937922398,47.95742775066716],[-0.471005987762249,47.95931622249188],[-0.479100430764289,47.96218661148826],[-0.485417873241757,47.964786364258764],[-0.489893209765131,47.96686564874565],[-0.496705544619162,47.970697410942755],[-0.50224976347844,47.97415287124256],[-0.508928015200832,47.97872572508599],[-0.515454963179881,47.98428549862626],[-0.520652354786822,47.99008783616401],[-0.522760791403238,47.99274393170724],[-0.526199762773442,47.997961415880674],[-0.529813903709953,48.00337752241726],[-0.535185731603319,48.01020284301588],[-0.539193175096751,48.014487285828345],[-0.542795475927031,48.01805767090449],[-0.547058477428846,48.02167693607504],[-0.55473662885269,48.027900204267986],[-0.562803516752805,48.03429878508833],[-0.569698230619275,48.0396829033145],[-0.575241727438079,48.04397198122636],[-0.582096018616364,48.04828261033096],[-0.588755197712713,48.051794191772416],[-0.59521468048491,48.054614148018096],[-0.604265161448387,48.05786107273883],[-0.612169105394441,48.06027859670343],[-0.619653915096811,48.06246670082649],[-0.62762678920035,48.06486322204962],[-0.636702935909239,48.06775774891849],[-0.643935814309708,48.070377845504645],[-0.653962091660744,48.07450706173426],[-0.663587074662941,48.07861810027851],[-0.673874754333517,48.08299623726152],[-0.684720827983321,48.087599598729845],[-0.691417491782654,48.090432988650626],[-0.698053144192991,48.093171129943904],[-0.70694972628992,48.09678233603708],[-0.717645718323633,48.100806795198224],[-0.724585505131029,48.10295350386083],[-0.732098258962827,48.105008797995715],[-0.739300709739361,48.107100002485616],[-0.748561765479119,48.10991517548731],[-0.755019459131782,48.1117352229795],[-0.760322462178042,48.11300515525533],[-0.769552662262186,48.11465015729985],[-0.775363675263241,48.115606649855174],[-0.784939314734971,48.116583361619995],[-0.795447146849552,48.11676005995615],[-0.800670412342418,48.116530972540666],[-0.807068556850719,48.115856480600954],[-0.814769934478217,48.11458887517979],[-0.820170991834657,48.11349863009137],[-0.825879334487883,48.112332213899236],[-0.833435480353241,48.1108098366558],[-0.841807392170729,48.108728414579964],[-0.85117844625002,48.10567736325755],[-0.857680444654773,48.10282272865163],[-0.866043006676117,48.09857964246987],[-0.872874711475244,48.09472328032236],[-0.879205925171789,48.090827416777394],[-0.88715270120429,48.085435155331744],[-0.891819821275931,48.08157061813905],[-0.899202159915417,48.074774561194744],[-0.90510425719813,48.068831145928925],[-0.911411109728489,48.062650870660214],[-0.917991785096354,48.0559715387],[-0.926379759240498,48.04783284998488],[-0.934030839836362,48.0422399822101],[-0.942423807852348,48.03747478068815],[-0.953365798688909,48.03265703038469],[-0.964379427321788,48.028581363092144],[-0.972733181461679,48.025513867573245],[-0.984872022125416,48.02139094075073],[-0.989775969154223,48.019792666869655],[-0.997339840023604,48.01805322020483],[-1.003534766961832,48.016876240743265],[-1.011440860457464,48.01547540596921],[-1.019736987726448,48.01440856013721],[-1.026671607282562,48.01390780533745],[-1.036601318568858,48.01345937411515],[-1.043980980993205,48.01322990563908],[-1.054938296870462,48.01315024170445],[-1.070070592629312,48.013766298176684],[-1.085170479214259,48.01458530525585],[-1.095452055927759,48.015750615218714],[-1.104378113391069,48.017382588964885],[-1.109990538730659,48.018733271954616],[-1.118734714732688,48.021342567852756],[-1.123613652574658,48.02320656233162],[-1.132686358386649,48.02737468861842],[-1.139349551544166,48.03091063907625],[-1.148880033867846,48.03604394893069],[-1.155833686069237,48.039238153960696],[-1.164219117426514,48.042582414785954],[-1.175202848419458,48.04573651200335],[-1.185057948056858,48.04780730491271],[-1.196399099506813,48.049209784684024],[-1.210554557289909,48.05051546503639],[-1.224820573045483,48.051840270662744],[-1.235426939541733,48.05280341102078],[-1.243915179124663,48.05362264352502],[-1.251469333924583,48.054570814044304],[-1.266571222795958,48.05681731002492],[-1.276359685378213,48.05829506045885],[-1.288592960451426,48.0600518873052],[-1.294213767233352,48.0606667761446],[-1.302634023112141,48.06119395512292],[-1.311264607720005,48.061174634193705],[-1.326428524105778,48.06035884866221],[-1.340599601736137,48.05948962948366],[-1.353463130440316,48.0586991107663],[-1.368050129827757,48.05783905394725],[-1.377755055527705,48.05744056001766],[-1.391188449650397,48.0580077974072],[-1.402444507272875,48.05947973041056],[-1.413356419665647,48.061046880340946],[-1.421517703509653,48.06217659908972],[-1.433235217736567,48.06338785510528],[-1.442669171560339,48.06357926571387],[-1.450759256125538,48.063371713663145],[-1.464530154692837,48.063230120749246],[-1.480706718676345,48.065083598482275],[-1.491147480417794,48.067708322126144],[-1.501321967677549,48.071413824367895],[-1.5087728988086588,48.07542976041705],[-1.5088301893661162,48.07546063485286],[-1.512014970187475,48.077176839662805],[-1.520422393144748,48.08320434458786],[-1.527420648994287,48.08769408815542],[-1.536085512672062,48.091455977008025],[-1.5382540162806466,48.09209637601771],[-1.5382965642246864,48.092108940646],[-1.54272542275581,48.09341668502308],[-1.552726139324229,48.09539188123366],[-1.561395390313133,48.09740768303655],[-1.568093719751644,48.09982495684045],[-1.5750534372860254,48.10300894328119],[-1.5750898266594424,48.103025588844126],[-1.575308462179565,48.10312559857317],[-1.581764758141956,48.10620179156851],[-1.584996713242705,48.10774142747996],[-1.590012909381404,48.1097969950646],[-1.595097526946909,48.111000962723296],[-1.598633903163444,48.11158273744496],[-1.6036145561964643,48.11181100541249],[-1.603644735647295,48.11181238790156],[-1.603909312422925,48.111824507536255],[-1.605644279588416,48.111712400358755],[-1.607341647182445,48.111602697553444],[-1.608524927083005,48.11152620609442],[-1.611173702946256,48.11112160983617],[-1.613551773743279,48.110664254973024],[-1.615083132386248,48.1103587857681],[-1.6171459238795693,48.11008716432164]]}},{"type":"Feature","properties":{"name":"Contournement Nimes - Montpellier","opened":"2018","codes":"834000"},"geometry":{"type":"LineString","coordinates":[[4.736921035791498,43.97346083845738],[4.737936706957735,43.96999643311882],[4.738262746246867,43.96878710086771],[4.73875858997461,43.96694783804538],[4.740989930173084,43.95929450679866],[4.741476272020551,43.95751486115021],[4.741618701922381,43.957150910278095],[4.741621387315964,43.95708184730349],[4.741608544574326,43.95646992613597],[4.741556647229604,43.95559970551731],[4.741467859008579,43.95486094131717],[4.741381549332606,43.95426707781681],[4.741220271246824,43.953450666865244],[4.740949945202343,43.9523798862605],[4.740722798125561,43.95170242874856],[4.740350466161292,43.95067126671249],[4.740214479955619,43.950365851708575],[4.739823524723874,43.94948777619412],[4.739125007391016,43.948233841827495],[4.738579733835693,43.94734192510795],[4.737993278533319,43.94650413409991],[4.737512418249735,43.9458715163601],[4.736891876813414,43.94512854333618],[4.736279503182988,43.94446142495346],[4.735283426749938,43.94347252672652],[4.734529374894076,43.94282031425799],[4.73404849357063,43.942440974845155],[4.732948484597904,43.9416183459539],[4.732429334235977,43.941260714507244],[4.731058536109867,43.940369188403125],[4.731027904915821,43.94035259554929],[4.73069798915374,43.94026596179047],[4.730284441711375,43.94014232472833],[4.729709833790486,43.93994976088315],[4.729216674995409,43.939763563114745],[4.728712462525138,43.9395622219931],[4.728175469943011,43.93932821226372],[4.72685776302184,43.938744061615694],[4.725471529486277,43.9381124770793],[4.724713565512225,43.93781301823584],[4.723734305339925,43.937437912997765],[4.723263066542438,43.93727431752363],[4.722610447281823,43.93707018456527],[4.722039966135216,43.93689538528201],[4.720915446501611,43.93662209916171],[4.719819799417573,43.93636876855616],[4.718844670306348,43.93612884717775],[4.717654543088592,43.935840909527954],[4.716341188700155,43.93555669751531],[4.713859720886124,43.93501590400824],[4.711392388293062,43.93449031234502],[4.709054229965286,43.93398515964444],[4.706557329428803,43.933444444379276],[4.704810498964409,43.93307974403453],[4.703378268186538,43.93274967456845],[4.702603297746428,43.932589781536386],[4.700668120865761,43.93217134420822],[4.698230393407457,43.93165062775239],[4.695794071394254,43.93111013589016],[4.693361980082633,43.930579375030916],[4.691934986638932,43.930258141863646],[4.690944015637035,43.93006382082172],[4.68849056483676,43.929531876721484],[4.687862972621891,43.929378346733046],[4.686571528641059,43.92909575736203],[4.684036626144424,43.92850587244896],[4.682227549339826,43.92803280444714],[4.680845755104381,43.92764170140934],[4.680407529499144,43.927517661284085],[4.67838142869465,43.92687901269466],[4.676056481432622,43.9260732427218],[4.674026002007133,43.92532855249806],[4.673167674188059,43.92501483121939],[4.67299277178148,43.92494240503943],[4.671854987744383,43.924471243320134],[4.669980612623104,43.92365605357504],[4.668408642036781,43.92292293516542],[4.666563733590521,43.92200717654287],[4.665218737502707,43.92130056966354],[4.664379399645587,43.92084306958827],[4.663131123103541,43.920128293650016],[4.661158027540536,43.91892421959133],[4.659521259516195,43.917858424516616],[4.65858133840953,43.917217833153515],[4.657750572082735,43.916627869449016],[4.656836084647243,43.91596132543305],[4.655151013438807,43.91465605394983],[4.653926768858088,43.91364730100664],[4.652723985152326,43.91258150931283],[4.651984286912352,43.911892270571954],[4.650879673950354,43.91086833565093],[4.649872328363339,43.90985626283141],[4.648962533293008,43.90886605653838],[4.647884441490854,43.90763823686204],[4.646275507411935,43.905758010034205],[4.644365042074759,43.90349540279095],[4.643434120650769,43.90240541468248],[4.643242639381489,43.9021756180478],[4.642918099946348,43.901786133414326],[4.642269533989311,43.901048771070194],[4.640787843244708,43.89941004278294],[4.639665531765874,43.89823618428198],[4.639076490646183,43.897641331543156],[4.638620383897044,43.89717789463166],[4.637867389548735,43.89644860233851],[4.637657286352865,43.89624510838184],[4.637008160228236,43.895644476381705],[4.63596578393186,43.894679512191935],[4.634811364868535,43.89366618697374],[4.633473470284713,43.892525518357246],[4.630997174543817,43.89044127566636],[4.629872206642849,43.88948416380692],[4.629385587931177,43.889077848602774],[4.628331532379354,43.888179699662636],[4.627744460255549,43.887684181352554],[4.627329737388187,43.88733412746087],[4.6266486482585,43.88673725202788],[4.617675166893137,43.879138487041246],[4.617341093659856,43.87886045441901],[4.616916259425811,43.878506880587885],[4.616286640485675,43.87799846648794],[4.61407217233093,43.876102303651564],[4.613325767603444,43.87547041352174],[4.612617005440497,43.87484672412982],[4.611550736426113,43.873987692119414],[4.610933277829774,43.87347000314045],[4.608801233550504,43.87176088426889],[4.608313422486389,43.87137537264874],[4.608044676805579,43.8711831352917],[4.607314054340604,43.87063181995028],[4.60594266759268,43.869599246843755],[4.604957933215604,43.86890932956228],[4.604453707756497,43.86855162707704],[4.60389547401085,43.868140085753176],[4.602968119112373,43.86752618955528],[4.601237973048472,43.86637187550119],[4.599155152062792,43.86504067482994],[4.598164206403751,43.86440987545308],[4.597639172912587,43.86407564934676],[4.596014048855809,43.863104724886334],[4.593586086531485,43.861723541423075],[4.591571499049224,43.860619055744834],[4.591067667433873,43.86034282066793],[4.589935830378667,43.85975564320673],[4.588715453843755,43.85913305631853],[4.587088974835186,43.85832625669804],[4.586131487744792,43.857873249346305],[4.584646353393739,43.85717442219606],[4.583189730722218,43.856505178846746],[4.581197494204029,43.855633562246155],[4.577495061019369,43.8540829232463],[4.57488538680355,43.853043355403166],[4.572797018307836,43.852186319263645],[4.572709610188239,43.85215082691491],[4.571067844696341,43.85148416168821],[4.570070844535728,43.851080014278516],[4.568914636753266,43.850611311479135],[4.565805683009282,43.84933524399376],[4.561407491251769,43.847572439739665],[4.557790883003071,43.846104805557026],[4.556248878087331,43.84549313273608],[4.553014573683178,43.84416180331949],[4.550880433021469,43.84329167274635],[4.548769569141476,43.842427841642504],[4.547519844581853,43.84188193755598],[4.545471855955189,43.84095378505614],[4.543483091856781,43.83999807642819],[4.542338598752125,43.83942060991453],[4.540829382484206,43.83864484119538],[4.538996387529191,43.83765016734712],[4.537733522723106,43.83695092489733],[4.536787733537096,43.83639061215018],[4.535598614597958,43.835690307223025],[4.53366752013764,43.83446680584695],[4.531257100957545,43.832889810138894],[4.530331778753403,43.83225633099795],[4.526572188187796,43.82966830932532],[4.517525985222732,43.8234966123362],[4.512506883574436,43.82007147827133],[4.512632132188839,43.82015695784388],[4.5101551402304,43.818466390869474],[4.510104955912688,43.818432144750155],[4.510054770460102,43.81839790042531],[4.51000458141107,43.818363658828886],[4.509954387523061,43.81832941997803],[4.509904188819847,43.8182951847727],[4.50985386633491,43.8182608729546],[4.509854101806363,43.81826103440459],[4.509803642876344,43.81822663714881],[4.509803904917429,43.81822681623219],[4.509753412164979,43.81819240682214],[4.509753700751591,43.81819260263914],[4.509703172934443,43.8181581810922],[4.50970348811404,43.81815839544224],[4.509653266981014,43.81812419374181],[4.509652926474589,43.81812396174106],[4.509602670300558,43.818089748803224],[4.509603037400031,43.81808999933716],[4.509552404436114,43.81805554317849],[4.509552798104719,43.81805581134594],[4.509502128881158,43.81802134486678],[4.509502547876309,43.81802163068492],[4.509451841174033,43.81798715480209],[4.509452287980803,43.81798745823656],[4.509401542581481,43.817952973867094],[4.509402014714491,43.81795329495235],[4.509351230594335,43.81791880119642],[4.509351730538835,43.817919139898024],[4.509300906502807,43.8178846385722],[4.509301431797362,43.81788499582434],[4.50925056782149,43.81785048602894],[4.509251119684892,43.817850860914696],[4.509200215817025,43.81781634444916],[4.509200794249113,43.817816736968425],[4.509149848003998,43.817782213867034],[4.509150453004625,43.817782624020026],[4.509100095975545,43.81774852296916],[4.509099464430194,43.817748096082155],[4.509049063805038,43.81771398931226],[4.509049721942828,43.817714434732714],[4.508998646200244,43.81767989625649],[4.508999330882911,43.817680358410975],[4.508948211591868,43.81764581601509],[4.508948922842821,43.817646295803286],[4.508897758761146,43.81761174950487],[4.508898496604068,43.81761224782663],[4.508847286489122,43.81757769764283],[4.508848050900482,43.81757821359837],[4.508796793557031,43.817543661345795],[4.508797584512743,43.81754419403545],[4.508746692478111,43.81750991662396],[4.508475509205777,43.817328672752794],[4.507916904824439,43.81695532798736],[4.507686935879905,43.816803851865025],[4.507081588109432,43.81640511484035],[4.506240787790963,43.81585930522429],[4.505394546883355,43.815317929015166],[4.504542912051679,43.814781013338845],[4.503685925032134,43.81424858718992],[4.502823634986747,43.81372067856072],[4.502770388240954,43.81368833370689],[4.502771215581624,43.81368883623423],[4.502717547751925,43.813656263145845],[4.502718348550081,43.813656748938314],[4.502664689110514,43.81362420901187],[4.502665462123327,43.81362467808659],[4.502611813535292,43.81359217038792],[4.502612560005625,43.81359262272793],[4.502558921026344,43.81356014727417],[4.502559639687993,43.81356058199653],[4.502506012778874,43.81352813785373],[4.502506703655555,43.81352855585839],[4.502453088816521,43.813496143026605],[4.502453753150903,43.8134965442963],[4.502400150334499,43.81346416097612],[4.502400786884031,43.81346454552785],[4.502347197332885,43.81343219170207],[4.502347806097448,43.81343255953602],[4.502294231053906,43.81340023518745],[4.502294813252712,43.813400585386695],[4.502241252692875,43.81336828961573],[4.502241805864509,43.81336862311418],[4.502188261030998,43.813336355903516],[4.502188786418129,43.81333667268413],[4.502135258505926,43.813304432217535],[4.502135756108423,43.81330473227995],[4.50208224389895,43.813272519474125],[4.502082714959396,43.813272802801585],[4.502029219623804,43.81324061494007],[4.502029662899838,43.81324088154948],[4.501976185727941,43.81320872041488],[4.501976601219623,43.813208970306164],[4.501923143406491,43.813176834081844],[4.501923531113886,43.81317706725506],[4.501870091393394,43.81314495505833],[4.501870451316565,43.8131451715135],[4.501817032197302,43.81311308420998],[4.501817364336399,43.81311328394696],[4.50176396577093,43.81308121973716],[4.501764271368248,43.81308140273885],[4.501710893356691,43.81304936162278],[4.501711169927462,43.81304952792345],[4.501657813688252,43.81301750898427],[4.501658063717644,43.81301765854964],[4.501604840361915,43.81298572776109],[4.501551738494267,43.81295387717968],[4.501498631786925,43.812922029340726],[4.50144552152928,43.81289018602641],[4.501392408916854,43.81285834542038],[4.501339293925642,43.812826506622706],[4.501286176579457,43.81279467053326],[4.49905686435024,43.81145854915476],[4.489484751213474,43.80572036189076],[4.483833027162315,43.80233140186905],[4.480762660929661,43.80049002089949],[4.480654610639458,43.800425225778035],[4.480546376714629,43.80036033584523],[4.480546722579439,43.80036054355728],[4.480438239609867,43.80029552819968],[4.48043870157438,43.80029580453856],[4.480330658920212,43.80023108371368],[4.480330080833044,43.80023073784803],[4.48022189428941,43.80016596937314],[4.480222587256288,43.800166384782585],[4.480113673930697,43.80010122915727],[4.480114482995703,43.800101713194046],[4.480005416100116,43.800036519950126],[4.480006341262916,43.8000370726145],[4.47991389122185,43.79998186553462],[4.479897113507597,43.79997184815055],[4.47989815476758,43.79997246944296],[4.479788762496159,43.79990721650861],[4.479789919852891,43.799907906429084],[4.47968035701766,43.79984263140641],[4.479681630470434,43.799843389955186],[4.479571892219508,43.799778097409664],[4.479573281744803,43.79977892368731],[4.479463361983981,43.799713618201615],[4.479464868823317,43.799714512191485],[4.479354762700506,43.7996491983311],[4.479356385634323,43.799650160949916],[4.479247827325666,43.79958587452865],[4.479246087078942,43.79958484419713],[4.479139189021161,43.79952165659371],[4.479137330243012,43.79952055946594],[4.479028488582935,43.799456348686256],[4.479030464673044,43.799457513527194],[4.478919556026639,43.79939221734055],[4.478921650647134,43.799393448978215],[4.478810527722096,43.79932816999456],[4.478812739606884,43.79932946754639],[4.47870139630855,43.79926421034799],[4.478703727964998,43.79926557468017],[4.478592160706937,43.79920034471539],[4.478594609649913,43.79920177586186],[4.478482812337618,43.79913657771302],[4.478485381004506,43.79913807384094],[4.478373347590443,43.79907291388974],[4.478376035980637,43.79907447499931],[4.4782637603471,43.79900935692817],[4.478266569725837,43.79901098390269],[4.478156977387055,43.79894760511636],[4.478154048309117,43.798945914059644],[4.478047252869502,43.79888434322322],[4.478044202850847,43.79888258810075],[4.477937392586025,43.798821203671416],[4.477934221627163,43.7988193844829],[4.477824098566209,43.798756308688375],[4.477827391707343,43.79875819192646],[4.477713830057633,43.798693365266],[4.477717245356905,43.798695311653994],[4.477603408764277,43.79863055881486],[4.477606946221269,43.798632568353035],[4.477494674709133,43.79856893634075],[4.477004141899454,43.798293782787105],[4.476313585410826,43.79791419668043],[4.475617102308233,43.797540339786615],[4.474914783186316,43.79717225936277],[4.474206719896778,43.79681000355049],[4.473493004237002,43.79645361869324],[4.472773729284119,43.79610315291888],[4.472048989257154,43.79575865074119],[4.471318877124944,43.795420156692344],[4.470583488309201,43.795087714373025],[4.469842918247488,43.794761368285506],[4.469816020094304,43.79474981723638],[4.469097263541965,43.79444116021797],[4.468346620763966,43.79412713106084],[4.467591088961507,43.793819321673155],[4.466830763472368,43.79351777386594],[4.46606574569851,43.79322252397017],[4.465296134665754,43.79293361285157],[4.464522029277816,43.79265107687913],[4.463743532157114,43.792374952374196],[4.46296074221689,43.7921052766104],[4.462173761996514,43.79184208321474],[4.461382694052665,43.79158540671651],[4.460587640912014,43.79133528074779],[4.459788706291298,43.79109173712737],[4.458985993923402,43.790854808576256],[4.4586852676569,43.79076892969922],[4.458179607466563,43.79062452511897],[4.457369653079967,43.79040091764961],[4.45655623434117,43.79018401349916],[4.45573945859399,43.78997384175103],[4.454919430646546,43.78977042972571],[4.454096257763261,43.78957380381339],[4.453270045938162,43.789383989524275],[4.452440903620982,43.78920101143875],[4.45160893799224,43.789024893257164],[4.450774256227328,43.78885565868309],[4.449936969154555,43.78869332867432],[4.449097182630333,43.78853792425814],[4.448255008716226,43.78838946638246],[4.447410554433403,43.78824797336557],[4.446809631504354,43.78815250148713],[4.446563930548431,43.78811346437852],[4.445715246536002,43.78798595681395],[4.444864613086865,43.787865467150915],[4.444012140865398,43.787752010972284],[4.443157939268495,43.787645602981364],[4.442302121392984,43.78754625693537],[4.44144479658448,43.7874539857453],[4.440586075404895,43.78736880140896],[4.44044919511627,43.78735589073098],[4.440444738184647,43.78735547262485],[4.440309968261934,43.78734293799163],[4.440305658448169,43.78734254043623],[4.44017071235555,43.787330160964274],[4.440166550833558,43.787329781244324],[4.440027415226312,43.787317190550304],[4.440031428434133,43.78731755153464],[4.439888253950603,43.787304762023226],[4.439892120108851,43.78730510515486],[4.439749066846735,43.7872924893649],[4.439752785955482,43.78729281464362],[4.439609857480593,43.787280366227854],[4.439613428343782,43.78728067546898],[4.439470626957486,43.78726838719733],[4.43947404833312,43.787268680416986],[4.439331375140716,43.78725654687489],[4.439334648270723,43.78725682405627],[4.439192103112314,43.78724483894593],[4.439195229238803,43.787245100072234],[4.439052814416311,43.78723325616332],[4.439055791078414,43.78723350216674],[4.438916334916975,43.787222025824676],[4.438913506454892,43.78722179406126],[4.438776864275996,43.78721066289926],[4.438774184013614,43.78721044537627],[4.438634846978601,43.787199205609575],[4.438637377799546,43.78719940890826],[4.438495495167954,43.787188067563434],[4.43849787781209,43.78718825752065],[4.438356130929385,43.78717702580646],[4.438358365396842,43.78717720242196],[4.438216755345525,43.7871660740243],[4.438218840394466,43.78716623731414],[4.438077368280088,43.78715520681852],[4.438079305152412,43.78715535676572],[4.437937972035161,43.78714441695849],[4.437939759534545,43.78714455537864],[4.437798566497282,43.78713369994552],[4.437800205820571,43.78713382502238],[4.437659153968935,43.78712304854899],[4.437660643919612,43.78712316209809],[4.437519734314156,43.787112457370554],[4.437521074869351,43.78711255849171],[4.437381499798453,43.787102009688184],[4.437380307373682,43.787101920112065],[4.437240876737919,43.787091431326026],[4.437241919790232,43.787091509373234],[4.437101440983243,43.787080983831],[4.437102335905168,43.78708105033238],[4.436962002480445,43.78707057309558],[4.436962748030134,43.78707062806716],[4.43682256229041,43.78706019190552],[4.436823158490669,43.78706023624674],[4.436683119035459,43.78704983487882],[4.43668356586361,43.787049867689554],[4.43654382441263,43.787039507216214],[4.436404307329412,43.78702917420812],[4.434516049759925,43.786889409960494],[4.42751314431389,43.786370779520645],[4.427401934847072,43.7863625366055],[4.427290727739227,43.78635428724624],[4.427179337471429,43.786346014972],[4.427179707131977,43.78634604253186],[4.427068090057579,43.786337740713805],[4.427068550580787,43.78633777518445],[4.426956844778231,43.78632945101422],[4.426957398647851,43.78632949236327],[4.42684560404976,43.786321143141485],[4.426846248781935,43.786321191401825],[4.426734366563363,43.78631281441279],[4.426735104641656,43.786312869551914],[4.426623134690487,43.78630446029694],[4.426623963653758,43.78630452324731],[4.426511907144728,43.786296079010775],[4.426512829454191,43.78629614884031],[4.426400686342733,43.78628766782259],[4.426401699514441,43.78628774456404],[4.426289469711131,43.78627922316599],[4.426290576228925,43.78627930678711],[4.426178260885854,43.78627074139339],[4.426179458288305,43.78627083282637],[4.426067058580669,43.78626222072143],[4.426068348087148,43.78626231905071],[4.425955863925606,43.78625365663552],[4.425957245580912,43.786253763660575],[4.425844676875679,43.78624504733599],[4.425846150657514,43.7862451621575],[4.425735063249745,43.78623651184198],[4.425733497341818,43.78623638922408],[4.425622327740736,43.78622767956808],[4.425623985774883,43.78622780998266],[4.425511166740999,43.786218914785465],[4.425512916901211,43.78621905299683],[4.425400016759641,43.786210092144344],[4.425401857826524,43.78621023906885],[4.425288876487794,43.78620120896203],[4.425290809680714,43.78620136368375],[4.425177747077988,43.78619226162334],[4.425179772419487,43.78619242504222],[4.425068745953356,43.786183419545374],[4.425066628463433,43.78618324742911],[4.424955523061261,43.78617416364776],[4.424957731457314,43.78617434447771],[4.42484442953999,43.786165006696564],[4.424846730106751,43.7861651971241],[4.424733349052441,43.786155772960456],[4.42473574178974,43.7861559729856],[4.424622282796272,43.786146460623826],[4.424624766462096,43.78614667026297],[4.424511230704621,43.78613706698755],[4.424513806518528,43.786137285324905],[4.424402860672569,43.786127816388294],[4.424400192665924,43.786127587552876],[4.424291931296658,43.78611825892185],[4.42428917109717,43.78611801958843],[4.42417958282482,43.78610848588239],[4.423229401407696,43.78602190808315],[4.422280467599101,43.78592842420389],[4.422169572781031,43.7859166770875],[4.4213328801385,43.7858280446952],[4.420386732750788,43.78572077827661],[4.419442120489708,43.785606637253615],[4.418499139603744,43.785485632119226],[4.417557885141494,43.78535777518576],[4.416618450928834,43.78522307968432],[4.415680933272373,43.785081558817225],[4.414745426014328,43.784933226721925],[4.41381202427991,43.78477809932256],[4.412880820684447,43.78461619167881],[4.411951910367942,43.784447520620795],[4.411025387202934,43.78427210209802],[4.410101342618211,43.78408995389513],[4.410024655647832,43.78407423732074],[4.409179873050902,43.78390109553452],[4.408261068701724,43.78370554572249],[4.407345023493071,43.78350332312017],[4.406431828925209,43.7832944491229],[4.405521577736175,43.783078945112834],[4.404614362636579,43.782856831575515],[4.403710272673186,43.78262813174637],[4.40280940185475,43.78239286879988],[4.401911839240156,43.78215106687684],[4.401017675102194,43.78190274920514],[4.400127000994511,43.78164794079892],[4.399239904783677,43.7813866685222],[4.398356478034119,43.78111895829411],[4.398313006142064,43.781105412016586],[4.397476808600874,43.78084483698417],[4.396600984333222,43.78056433146407],[4.395729095646167,43.78027747217531],[4.394861229134852,43.779984286010475],[4.393997472696333,43.7796848025482],[4.39313791178126,43.77937905320023],[4.392282635537531,43.779067068433754],[4.391431729402517,43.77874887966495],[4.39058527758821,43.77842451922859],[4.389743366760486,43.77809401852955],[4.388906081182857,43.77775741260571],[4.388807460346836,43.777717238568066],[4.388809881651603,43.77771822651841],[4.388710159352506,43.77767749672803],[4.388712497911953,43.77767845333471],[4.388612917482547,43.77763767754973],[4.388615174560873,43.77763860369643],[4.388515732319568,43.77759778376401],[4.388517907894784,43.77759867855093],[4.388420696738062,43.77755868061338],[4.388418603929068,43.77755781807036],[4.388321527388165,43.77751778233154],[4.388323539936347,43.77751861349864],[4.388224502784259,43.777477680146745],[4.388226433808335,43.77747847905381],[4.388127527699909,43.7774375142469],[4.388129377200012,43.77743828089381],[4.388030599694999,43.77739728646309],[4.38803236767154,43.777398020849866],[4.387933716352262,43.77735699952657],[4.387935402805273,43.777357701652804],[4.387838482666907,43.77731732600222],[4.387836876517169,43.77731665705198],[4.387740078991889,43.77727626085474],[4.387741603618637,43.777276897544205],[4.387643318897041,43.777235814597205],[4.387644763220869,43.777236418110256],[4.387546597496196,43.77719531916339],[4.387547960297392,43.777195890415456],[4.387449909931771,43.777154779115236],[4.387451192430497,43.777155317190605],[4.387353255005708,43.77711419626816],[4.387354457202376,43.77711470116677],[4.38725775343659,43.77707404505888],[4.387256632783606,43.777073573321395],[4.387230759889126,43.77706268230289],[4.387160037100905,43.77703291215357],[4.387161078693762,43.77703335069814],[4.387063469308115,43.776992217247695],[4.387064430577774,43.77699262171524],[4.386966925701981,43.77695148955083],[4.386967806670487,43.776951860841045],[4.386870405128482,43.776910732677926],[4.386871205795686,43.7769110707905],[4.386773905147544,43.77686994845982],[4.386774625492333,43.776870252495165],[4.386677422121523,43.77682914054327],[4.386678062165466,43.77682941140073],[4.386580956093834,43.776788310727554],[4.386581517057564,43.77678854749153],[4.386484504646834,43.77674746174357],[4.386484984068424,43.77674766534529],[4.38638806414237,43.7767065972377],[4.386388464462216,43.77670676584588],[4.386291634602299,43.77666571810962],[4.386291954622582,43.77666585353951],[4.386195331639358,43.77662487958928],[4.386098874185028,43.77658396465107],[4.386002421682688,43.7765430432673],[4.376513644191165,43.772516285211054],[4.365799065444887,43.76796767061475],[4.35508618888537,43.76341801493919],[4.354743532316859,43.7632724626626],[4.354684100026891,43.76324721529001],[4.354624670208213,43.76322196515531],[4.354565242882221,43.76319671315834],[4.354505819269088,43.763171458383866],[4.354446398106144,43.76314619994755],[4.354386980613663,43.76312093693439],[4.354327432551586,43.76309561161344],[4.354327704776845,43.763095727928345],[4.354268008573352,43.76307033241812],[4.354268312132608,43.7630704609436],[4.354208591947441,43.76304504680023],[4.354208924378913,43.76304518846684],[4.354149180190655,43.76301975479044],[4.354149543977309,43.76301990956741],[4.354089774523271,43.76299445547367],[4.354090168423499,43.7629946233765],[4.35403037740694,43.7629691479194],[4.35403080017941,43.76296932896345],[4.353971440486055,43.76294402631289],[4.353970986358658,43.76294383215842],[4.353911603840265,43.76291850726023],[4.353912088059692,43.76291871364092],[4.353852228609945,43.76289317324028],[4.353852742943099,43.762893392746825],[4.353792863108522,43.762867828268035],[4.353793407554796,43.762868060900615],[4.353733507335559,43.76284247234383],[4.353734081873981,43.762842717202524],[4.353674161270162,43.76281710456772],[4.353674765942974,43.7628173634523],[4.353614826153535,43.76279172492449],[4.353615460918205,43.76279199603537],[4.353555500701864,43.762766331630026],[4.353556166842454,43.76276661675124],[4.353496187440467,43.76274092645287],[4.353496883672902,43.762741223800546],[4.353436886284152,43.7627155057943],[4.353437612651125,43.762715817167816],[4.353377597275882,43.762690071453775],[4.353378353755685,43.762690395953385],[4.353318321614297,43.76266462161619],[4.353319108206883,43.76266495924214],[4.353259059278249,43.76263915538215],[4.353259875983743,43.76263950613434],[4.353199811530404,43.76261367363577],[4.353200657107207,43.76261403752966],[4.353140578306873,43.762588173678004],[4.353141454017941,43.762588551597936],[4.353081359650428,43.762562657308216],[4.353082265452783,43.762563047454854],[4.353022620939942,43.7625373221453],[4.35197430379986,43.76208086743812],[4.350930998310125,43.7616184278876],[4.349892771213914,43.76115003431797],[4.348859687941599,43.76067571487167],[4.347831811475105,43.7601954995229],[4.346809206031013,43.7597094182325],[4.345791934577065,43.75921750097804],[4.344780062597652,43.7587197795076],[4.344586313360075,43.758622850136916],[4.343773650562508,43.758216283832816],[4.342772763941175,43.75770704570498],[4.342105346702207,43.757361739325994],[4.341777463229697,43.75719209693793],[4.340787810179265,43.75667147023154],[4.339803866490997,43.75614519648773],[4.338825695204234,43.75561331109294],[4.337853354259813,43.755075844097625],[4.337798347078588,43.75504517497759],[4.337799182409683,43.75504564081095],[4.337743792198398,43.75501473067291],[4.337744599862996,43.75501518154669],[4.337689254375332,43.75498426993294],[4.337690033111263,43.75498470496266],[4.337634733609507,43.75495379275781],[4.33763548467915,43.754954212827776],[4.337580228680858,43.75492330006232],[4.337580950822141,43.75492370428828],[4.33752573836915,43.75489279276176],[4.337526432844079,43.754893182028056],[4.337471262674395,43.75486227085601],[4.337471929462184,43.754862644262694],[4.337416801617361,43.754831735244736],[4.3374174407391,43.754832093691725],[4.337362355198342,43.754801185928095],[4.337362965412983,43.75480152943056],[4.337307919735633,43.75477062475134],[4.337308503504415,43.754770952378884],[4.3372534989319,43.75474005076878],[4.337254053793607,43.75474036345167],[4.337199087864052,43.754709465840975],[4.33719961503892,43.754709762664405],[4.337144689014867,43.75467886993757],[4.337145188502955,43.75467915090141],[4.33709077296527,43.75464852907761],[4.337090299922527,43.75464826398872],[4.337035921807771,43.75461764707939],[4.337036365943404,43.754617897223646],[4.336981553492016,43.75458702192411],[4.336981968699855,43.75458725622393],[4.336927192471687,43.754556387653615],[4.336927581255378,43.75455660697828],[4.336872841271767,43.754525746036954],[4.336873201106487,43.75452594861727],[4.336818496146935,43.75449509622006],[4.336818829557716,43.75449528382507],[4.336764158359965,43.754464439087414],[4.336764464105304,43.754464611732395],[4.336709827952614,43.75443377643847],[4.336710104749353,43.754433932339126],[4.336655502421505,43.75440310740413],[4.336655751531995,43.7544032474448],[4.336601293751406,43.754372495408994],[4.336546964192356,43.7543418083728],[4.336492638331444,43.754311117665544],[4.336438316168399,43.7542804232872],[4.336383996462319,43.75424972525292],[4.336329680496133,43.75421902534709],[4.336275364546108,43.75418832361541],[4.334626405281413,43.75325613157928],[4.331815581957373,43.75166698675059],[4.331748007890857,43.75162878342891],[4.331680431453133,43.75159058099641],[4.33161285146578,43.75155238216738],[4.331545265467193,43.75151418787184],[4.331477541352629,43.75147592322614],[4.331477806782677,43.751476072078525],[4.33140992071848,43.75143772657419],[4.331410228955607,43.75143790100281],[4.331342290433117,43.751399538100046],[4.331342643939087,43.75139973717518],[4.331274650496995,43.751361357803866],[4.331275048051213,43.75136158244022],[4.331206999689534,43.75132318660024],[4.331207441270865,43.751323435898364],[4.33113933683248,43.75128502720384],[4.331139822420062,43.75128530026389],[4.331071660642744,43.7512468778301],[4.331072191540268,43.751247177336204],[4.331003969962714,43.751208742093205],[4.331004544886996,43.751209066261154],[4.330936263572077,43.75117062090798],[4.330936882502169,43.751170968838],[4.330868540208867,43.751132513389756],[4.330869203186593,43.75113288688154],[4.330800798694528,43.75109442225302],[4.330801506940055,43.75109482039153],[4.330733039071062,43.751056349297016],[4.330733790080751,43.75105677121303],[4.330665257593713,43.751018293667634],[4.330666053870969,43.75101874023049],[4.33059745556642,43.75098025804867],[4.330598297110943,43.750980729258615],[4.330529630507018,43.75094224247053],[4.330530516077481,43.75094273834263],[4.330462712032591,43.750904768367235],[4.330461782436214,43.750904247832906],[4.330393908934307,43.750866276865146],[4.330394882556575,43.75086682206178],[4.330326008760061,43.75082832958245],[4.33032702762821,43.75082889852659],[4.330258081934727,43.7507904068845],[4.330259146069644,43.75079100047586],[4.330190126017225,43.75075251060104],[4.33019123539788,43.7507531279399],[4.330122141007791,43.75071464073187],[4.330123295654982,43.75071528271814],[4.330054125706918,43.75067679909167],[4.330055324379506,43.75067746574044],[4.32998607767416,43.750638987510044],[4.329987321592046,43.75063967790655],[4.329917998150586,43.750601205971925],[4.329919286093548,43.750601921031205],[4.329851216642393,43.75056419512922],[4.329849883454547,43.75056345632199],[4.329782427829481,43.75052612247639],[4.329003892646586,43.75009903835568],[4.328220762058004,43.74967639867701],[4.327433081332202,43.749258231584506],[4.326640901834349,43.748844560648216],[4.325844270042905,43.74843541309897],[4.325043237333735,43.7480308134086],[4.324695409088208,43.74785805187843],[4.324237851354458,43.74763078609521],[4.324166249026315,43.74759554679938],[4.324167637893289,43.747596230097194],[4.324095328586161,43.74756069335912],[4.324096672209439,43.74756135290853],[4.324025676354604,43.7475265093413],[4.324024379216046,43.7475258735255],[4.323953399632678,43.74749108551401],[4.323954650307446,43.74749169849596],[4.323882391077402,43.747456329309465],[4.323883596508539,43.74745691854278],[4.323811355969622,43.74742160218255],[4.323812516178513,43.74742216856686],[4.323740295571493,43.74738690501779],[4.323741409316748,43.74738744856803],[4.323670277081458,43.74735275493257],[4.32366920979963,43.74735223421631],[4.32359809993663,43.74731759156234],[4.323599120734428,43.747318088544716],[4.323526967140528,43.74728297344189],[4.32352794271616,43.74728344757501],[4.323455812652123,43.74724837983986],[4.323456741764665,43.74724883113868],[4.323384637670793,43.74721380894156],[4.323385521582478,43.747214238290844],[4.32331344343799,43.747179260732],[4.32331428088681,43.747179667246954],[4.323242231152818,43.747144733396496],[4.323243022138978,43.747145117077054],[4.323171000794712,43.747110226035424],[4.323171745297249,43.74711058598176],[4.323099754803912,43.74707573681904],[4.323100452864814,43.74707607483051],[4.323029144758443,43.74704158002451],[4.323028493159861,43.747041264847624],[4.32295721710355,43.74700681010597],[4.322957822239834,43.74700710244829],[4.322885927813592,43.74697236987993],[4.322886486487779,43.74697263938747],[4.322814626510374,43.74693794325462],[4.322815138743375,43.746938190827166],[4.322743314434805,43.746903530214965],[4.322743781446873,43.746903754937605],[4.322671992786483,43.746869128946365],[4.322672412095581,43.7468693308492],[4.322600662764922,43.74683473763435],[4.322601034392139,43.746834917617],[4.322529324370008,43.7468003562789],[4.32252964953569,43.74680051342648],[4.32245797880126,43.746765983065394],[4.32245825750543,43.74676611737788],[4.322386744031422,43.74673167326011],[4.32231536514517,43.74669730126129],[4.322243982766965,43.74666293555976],[4.322172596813285,43.74662857255661],[4.322101211007749,43.746594212206524],[4.314364204340102,43.74286986897431],[4.304025354686137,43.73789148212453],[4.293688304337667,43.73291213000678],[4.293298717090349,43.73272443017758],[4.293198685433746,43.732676240805],[4.293098509851238,43.73262799095563],[4.293098784654787,43.732628123586835],[4.292998416308836,43.732579794041264],[4.29299878270581,43.73257997058334],[4.292898310811317,43.73253160977995],[4.292898767540639,43.73253182934796],[4.292798188436288,43.73248344002988],[4.292798738019735,43.73248370439394],[4.292698049285013,43.73243528928976],[4.292698689200291,43.732435596680084],[4.292597887194448,43.73238715943243],[4.292598619963327,43.73238751161926],[4.292497702265826,43.732339054956654],[4.292498526606835,43.732339450155386],[4.292397489597028,43.73229097862029],[4.292398405529894,43.73229141773081],[4.292297248008184,43.732242933137265],[4.292298255532598,43.73224341615973],[4.292196972616913,43.73219492216524],[4.292198071712263,43.73219544820012],[4.292096662243592,43.732146948417935],[4.292097852929975,43.73214751836518],[4.291996312026311,43.732099016452864],[4.291997595503432,43.73209962849841],[4.291895921985249,43.732051127169626],[4.291897297052789,43.73205178312778],[4.291795487279048,43.73200328602532],[4.291796955157298,43.73200398498178],[4.291695004225836,43.73195549486337],[4.291696566154934,43.731956236803896],[4.291594472906572,43.731907757282535],[4.291596126384386,43.73190854133658],[4.291493888418769,43.731860076040846],[4.29149563470638,43.73186090309372],[4.291393248382311,43.73181245566603],[4.291395087458937,43.73181332481822],[4.291292549115104,43.731764898001536],[4.291294482221244,43.73176580923848],[4.291191789457516,43.73171740666083],[4.291193815372361,43.73171836089724],[4.291090967029193,43.731669986171845],[4.29109308571186,43.73167098160835],[4.290990076887108,43.73162263749295],[4.290992288357675,43.73162367502935],[4.290889116650788,43.73157536515183],[4.290891423369991,43.731576443859346],[4.290788085160718,43.73152817276207],[4.290790484646846,43.73152929267014],[4.290686978754742,43.73148106306672],[4.290689472248388,43.73148222416088],[4.290585793771346,43.731434038808786],[4.290588382512915,43.7314352410745],[4.290484529070969,43.73138710450132],[4.290487213039697,43.7313883470391],[4.29038596016719,43.73134154479771],[4.290383182232392,43.73134026287279],[4.290283194310794,43.731294180818296],[4.289490987789788,43.73093384199463],[4.288693593874489,43.73057957615456],[4.287891102652374,43.73023142261069],[4.287083600440056,43.72988941892234],[4.286271179790625,43.72955360437619],[4.28545392946767,43.729224015606796],[4.284631940707832,43.72890068922079],[4.28380530472104,43.72858366092758],[4.283040710970515,43.7282978611147],[4.282974112709678,43.7282729664387],[4.282138457069746,43.72796863965379],[4.281298431430554,43.72767071446041],[4.280454128134313,43.72737922296345],[4.279605640816664,43.727094199955104],[4.278753062986632,43.7268156748313],[4.277896491908654,43.726543678746715],[4.277036019878135,43.726278242916585],[4.276171742826109,43.72601939491621],[4.275303757997946,43.725767165908216],[4.274432160052083,43.7255215825881],[4.27355704736261,43.72528267161072],[4.272678515816369,43.72505045966288],[4.271796662535976,43.72482497341967],[4.27162476366337,43.72478249200654],[4.270911585838484,43.72460623774515],[4.270023385236804,43.72439427569242],[4.269132156556195,43.72418911216054],[4.268238001740754,43.72399076838037],[4.267341016586116,43.72379926835736],[4.267224019276608,43.72377483754085],[4.267227184605126,43.72377549726192],[4.267108604296015,43.7237508570601],[4.267111664813195,43.723751491005814],[4.266996105286472,43.7237275912857],[4.266993149560436,43.72372698221598],[4.266877654989932,43.72370320940938],[4.266880507205183,43.723703795387884],[4.266764870429601,43.72368009701404],[4.266762124245831,43.72367953589729],[4.266646557227985,43.72365595718148],[4.266649199901342,43.72365649520662],[4.266533493039564,43.72363298549578],[4.266530956357515,43.723632470533644],[4.266415322794937,43.72360907234032],[4.266417754706501,43.723609563325134],[4.26630198608251,43.72358622598088],[4.26629965892135,43.72358575807402],[4.26618396465688,43.723562524135566],[4.266186187087719,43.723562969864176],[4.266070358862551,43.723539790461736],[4.266068243663012,43.723539367782486],[4.265952494599408,43.723516284530646],[4.265954506309515,43.72351668501662],[4.265838626867464,43.72349364995871],[4.265836721127778,43.72349327163728],[4.265720924388731,43.72347032458944],[4.265722724158358,43.72347068074604],[4.265606799342815,43.72344777376529],[4.265605105543346,43.72344743977364],[4.26548926575181,43.72342461357652],[4.265490854842086,43.72342492628831],[4.265374890556322,43.72340213381627],[4.265373406175443,43.72340184238478],[4.265257530475616,43.723379123455814],[4.265258907666298,43.72337939363582],[4.26514290853369,43.7233567003195],[4.265141637312287,43.72335645230541],[4.265025729086934,43.723333825305865],[4.265026894358924,43.72333405205348],[4.264909806940181,43.72331123794398],[4.264910866283173,43.723311444324644],[4.264793872073145,43.72328868840588],[4.264794826707688,43.72328887350529],[4.264677928087887,43.72326617125006],[4.264678775552959,43.723266335996456],[4.264561973684078,43.72324368379156],[4.264562715220378,43.72324382817046],[4.264446011263417,43.72322122240276],[4.26444664685115,43.72322134551411],[4.264330040746111,43.72319878348473],[4.264330571645933,43.72319888621363],[4.264214066994916,43.72317636248119],[4.264214490726308,43.72317644485629],[4.264098087469364,43.72315395672173],[4.264098406493217,43.72315401781412],[4.263982212959962,43.72313158201912],[4.263866176727102,43.72310918477336],[4.259698053196149,43.722304710347004],[4.256025899287828,43.721595811305335],[4.255890537536486,43.72156966973111],[4.255754970031155,43.72154347636684],[4.255755392477696,43.72154355788934],[4.255619550513997,43.721517291928265],[4.255620115035946,43.72151740151096],[4.255484143033395,43.72149108468559],[4.255484848369988,43.72149122144346],[4.255348747450862,43.72146484834055],[4.255349593602215,43.721465012274074],[4.255213366129991,43.72143857746659],[4.255214354336061,43.72143876856166],[4.255078002634543,43.721412264822966],[4.255079131694108,43.72141248489368],[4.254942658106964,43.721385905896724],[4.254943927999952,43.72138615404388],[4.254807334890724,43.7213594943614],[4.254808745616776,43.72135977058526],[4.254672035348865,43.72133302479011],[4.254673586907899,43.721333329090825],[4.254538452976216,43.72130682324864],[4.254536761824859,43.72130649085617],[4.254401515441548,43.72127988714716],[4.254403348665758,43.721280247603055],[4.254266299783279,43.72125320732226],[4.254268273859203,43.72125359675604],[4.254131117193315,43.72122644505489],[4.254133230900078,43.72122686438074],[4.253995970055303,43.72119959581801],[4.253998223392263,43.72120004503631],[4.253860859471932,43.72117265329934],[4.253863253679672,43.72117313239624],[4.253725787807055,43.72114561207215],[4.253728322865599,43.72114612014824],[4.253590758625485,43.72111846489597],[4.253593433333279,43.72111900376533],[4.2534557743302,43.721091208143484],[4.253458588686961,43.721091777806436],[4.253320835984982,43.72106383370314],[4.25332378999052,43.72106443416004],[4.253189040887783,43.72103696918437],[4.253185947214156,43.72103633703346],[4.253054343722973,43.72100937655322],[4.253051110381268,43.72100871270793],[4.252919699599317,43.72098164995432],[4.252916327810904,43.72098095350034],[4.252781601906446,43.72095305578346],[4.252785112140995,43.72095378484642],[4.25264693497253,43.7209250114314],[4.252650584913364,43.72092577398924],[4.25251232941226,43.72089681681699],[4.252516119059258,43.72089761286999],[4.252377790031945,43.72086846468554],[4.252381716903469,43.72086929426261],[4.252243316714179,43.72083994963901],[4.252247382090127,43.720840814525644],[4.252108914304268,43.720811266222285],[4.252113118184231,43.72081216641881],[4.251976740821919,43.72078287559087],[4.251164623429254,43.720604246794956],[4.250355319360074,43.72041902897674],[4.249548929900451,43.72022724624004],[4.248745557551416,43.72002892177817],[4.247945302368064,43.71982408061433],[4.247795365032343,43.71978432606812],[4.247148265661083,43.71961274866058],[4.246354546274076,43.71939495275973],[4.245564244305363,43.71917072064266],[4.244777461069313,43.71894007912896],[4.243994291730561,43.71870305781111],[4.243214837670682,43.71845968711291],[4.242439196523686,43.71820999660324],[4.241667463496017,43.71795401858118],[4.240899737489499,43.71769178440589],[4.240136114977858,43.71742332816636],[4.239376691148822,43.717148682168734],[4.239253739291444,43.717103488149526],[4.239249831958908,43.71710204952061],[4.239128889672648,43.71705739675295],[4.239125116031143,43.71705600069524],[4.239004149750634,43.71701114737778],[4.239000508578829,43.717009794805364],[4.238876007258082,43.716963438177864],[4.238879514700808,43.71696474637903],[4.238751605984302,43.71691693628194],[4.238754980938756,43.716918200097524],[4.238627303595264,43.71687029273097],[4.238630546061754,43.71687151216061],[4.238503095304993,43.71682351567938],[4.238506206485681,43.71682468890909],[4.238378978691607,43.71677660785477],[4.238381957365777,43.71677773579825],[4.238254948968951,43.71672957741141],[4.238257795098197,43.71673065826883],[4.238131002494141,43.71668242799092],[4.238133718579031,43.71668346263352],[4.238007135662519,43.71663516503424],[4.2380097204439,43.716636152576164],[4.237885799608353,43.71658873530871],[4.237883346130531,43.71658779486783],[4.237761952429785,43.71654121447285],[4.237759629033691,43.7165403220471],[4.237635979546756,43.71649275292681],[4.237638172861259,43.716493597337],[4.237512396526998,43.71644509201983],[4.237514459760426,43.716445888414256],[4.237388873888893,43.71639734479531],[4.237390807042041,43.71639809317372],[4.237265409268979,43.71634951667995],[4.237267213562847,43.71635021612819],[4.237141999081973,43.716301614014334],[4.237143672036395,43.7163022645603],[4.237018637204026,43.71625364046813],[4.23702018130002,43.71625424208329],[4.23689532130979,43.71620560326723],[4.23689673776883,43.716206155037625],[4.236772048996333,43.716157506039075],[4.236773334097784,43.71615800800663],[4.236648812957354,43.7161093551664],[4.236649970422707,43.71610980728854],[4.236525612049766,43.71606115516208],[4.236526640658496,43.716061558352294],[4.236520651744252,43.716059212730535],[4.236403341161465,43.71601326483915],[4.236402441447875,43.716012912380634],[4.236279297527482,43.715964631362965],[4.236280068366069,43.71596493398931],[4.236156175444052,43.715916317563966],[4.2361568174077,43.715916570357884],[4.236033071611431,43.715867977324045],[4.236033585902662,43.71586817847157],[4.235909983627483,43.71581961427021],[4.235910369044824,43.71581976558467],[4.23578703305757,43.71577128461896],[4.23566389720679,43.71572286874149],[4.227135496015495,43.71236846814751],[4.225614937758374,43.711770289736414],[4.22553570456231,43.71173911879577],[4.225412581046332,43.711690689708014],[4.225289251558327,43.71164219170825],[4.22528964569832,43.71164234746071],[4.225166040355027,43.71159376153644],[4.225166565867592,43.71159396890722],[4.225042811197208,43.71154535212992],[4.225043468062836,43.71154561021941],[4.224919560479467,43.711496968928635],[4.224920349957157,43.71149727862289],[4.224796284557333,43.71144861557319],[4.224797206646731,43.711448976872596],[4.224672979882882,43.71140030020297],[4.22467403332384,43.71140071222214],[4.224549642811584,43.7113520264588],[4.224550827623167,43.71135249009749],[4.224426268497708,43.71130379979441],[4.224427584659968,43.71130431415342],[4.22430285209458,43.71125562566399],[4.224304302087917,43.7112561907156],[4.224180973820485,43.71120812525207],[4.224179391236978,43.71120750949356],[4.224055882318715,43.711159456723216],[4.224057596251764,43.711160123202795],[4.223932319253194,43.711111472820804],[4.223934166996863,43.71111218909421],[4.223808700915085,43.71106356319835],[4.223810681228475,43.71106432927984],[4.223685022458101,43.71101573330999],[4.223687135340684,43.711016549199805],[4.223561279016505,43.71096798770967],[4.223563524468032,43.71096885340808],[4.223437467003627,43.71092033273702],[4.223439846244537,43.710921247330866],[4.223313584034041,43.71087277291861],[4.223316097064176,43.710873736407905],[4.223189625299934,43.710825315507456],[4.223192272099467,43.710826326992944],[4.223065587137381,43.71077796324429],[4.223068367725102,43.710779023625996],[4.222944381575405,43.710731831733014],[4.222941465997804,43.71073072426821],[4.222820307562844,43.71068475678172],[4.222817256996063,43.7106836022335],[4.222696144581525,43.71063780508389],[4.222692959006681,43.710636602552185],[4.222568567201897,43.71058973157769],[4.222571887765449,43.71059098119341],[4.222444076735164,43.71054299476369],[4.22244753348868,43.71054428965044],[4.222319486480891,43.71049639752224],[4.222323078202708,43.710497738593865],[4.222194790332343,43.710449944421136],[4.222198518243204,43.71045133076431],[4.222069985961889,43.71040364268557],[4.222073850042374,43.710405073401006],[4.221945070965066,43.71035749594212],[4.221949072455121,43.710358971016014],[4.221822122443635,43.710312273719964],[4.221057171309349,43.710035461254314],[4.220287975609104,43.70976491510247],[4.219514632642364,43.70950066917616],[4.21873723968261,43.70924275648986],[4.217955895257268,43.70899121094647],[4.217170700291128,43.708746062824105],[4.216381752039749,43.70850734514492],[4.215589151377595,43.70827508639298],[4.214792999212333,43.70804931685444],[4.21439778780296,43.707940949852464],[4.213993396407133,43.70783006501883],[4.213190443800777,43.70761735847851],[4.212384243448029,43.70741122391501],[4.211574897417455,43.70721168891262],[4.210762507677342,43.70701877655952],[4.20994717874766,43.706832513518336],[4.209129012548731,43.70665292108376],[4.208308112313032,43.70648002413854],[4.207484583653391,43.70631384304219],[4.206658529717711,43.70615439908467],[4.205830056129593,43.70600171353142],[4.204999267211869,43.70585580496555],[4.204166268504264,43.70571669106007],[4.203331164341308,43.70558439130382],[4.202494062679223,43.70545892064975],[4.202484753472652,43.705457604309046],[4.201655067788956,43.70534029589411],[4.200814286380264,43.70522853200967],[4.199971825141123,43.70512364307292],[4.199127791997374,43.70502564314981],[4.198282291075461,43.70493454275186],[4.197435431517502,43.704850355038396],[4.196587321146931,43.70477308958702],[4.195738065343289,43.70470275780525],[4.194887773109831,43.70463936656466],[4.194036552264726,43.70458292545307],[4.193894736470557,43.70457420310647],[4.1938992091812,43.70457447531758],[4.19375952233742,43.70456606061565],[4.19375519879156,43.704565802961525],[4.193619816866923,43.704557821425695],[4.19361564246688,43.70455757742909],[4.193480095117494,43.70454975142223],[4.193476068623001,43.704549521097206],[4.193340358197108,43.70454184429351],[4.193336479589026,43.704541626740685],[4.193196876510487,43.70453388984734],[4.193200605991852,43.704534094641176],[4.193057257995989,43.70452630323296],[4.193060838369488,43.70452649616708],[4.192917627634072,43.70451886055852],[4.19292105891864,43.70451904253227],[4.192777985329732,43.704511557325375],[4.192781267506828,43.70451172743871],[4.192638330932365,43.7045043863357],[4.192641464039188,43.70450454638767],[4.19249866556876,43.7044973421775],[4.192501650827094,43.70449749125447],[4.192358991587178,43.70449041852557],[4.192361827775795,43.70449055754034],[4.192221995993185,43.704483738933654],[4.192219308855834,43.704483609081684],[4.192082155347717,43.704477029136335],[4.192079617261365,43.704476908447496],[4.191942306947682,43.70447042183658],[4.191939919152479,43.7044703102977],[4.191800213157153,43.70446380834784],[4.191802453160483,43.70446391160908],[4.191660501623947,43.70445739627278],[4.191662591373907,43.704457492182506],[4.1915207844588,43.70445106957347],[4.191522725158089,43.70445115631863],[4.191381061492676,43.704444820152794],[4.191382854437744,43.704444900418416],[4.191241335130536,43.70443864438446],[4.191242977803559,43.7044387163979],[4.191101605203368,43.70443253417105],[4.191103098863455,43.704432598818],[4.190961871598629,43.70442648411396],[4.190963216245855,43.70442654139432],[4.190822135425003,43.70442048790184],[4.19082333107795,43.70442053871467],[4.190682397810293,43.70441454012258],[4.190683443228793,43.70441458448116],[4.190543553807176,43.70440867238215],[4.190542658641574,43.70440863537791],[4.190402917750612,43.70440276557012],[4.190403663941015,43.70440279700559],[4.190263176283635,43.7043969261873],[4.190263773480288,43.70439695115372],[4.190176179629062,43.70439330592962],[4.190123434109742,43.70439111093126],[4.190123882312524,43.704391129428245],[4.189983842572004,43.70438531994694],[4.189844026584082,43.70437953123775],[4.183043285215401,43.70409810419697],[4.177792849032984,43.70388053908175],[4.173706400184494,43.70371103072865],[4.173582566172681,43.703705892945145],[4.17345873229349,43.703700760419196],[4.173334896159145,43.70369563767607],[4.17321105660261,43.70369052832812],[4.173087214956151,43.70368543686051],[4.17296337005359,43.70368036688552],[4.172839522004767,43.703675323801605],[4.172715669643247,43.703670311221074],[4.172591814282724,43.703665332729216],[4.172467953553035,43.703660393751356],[4.17234408874948,43.703655496973134],[4.172220218741762,43.703650647806256],[4.172096343603679,43.70364584984972],[4.171972463426481,43.703641107602145],[4.171848577061895,43.7036364255754],[4.171724684582968,43.7036318073685],[4.171600786081666,43.703627257479845],[4.171476881630694,43.70362277950866],[4.171352970100124,43.70361837886638],[4.171229051544554,43.70361405825222],[4.171105127313872,43.70360982305118],[4.17098119500084,43.70360567688881],[4.170857258343935,43.70360162062487],[4.170733314862137,43.70359765428614],[4.170609367016629,43.703593776945674],[4.170485413585471,43.70358998951699],[4.170361454567709,43.70358629200003],[4.170237491202976,43.703582684381345],[4.170113522250658,43.70357916667425],[4.169989548950483,43.70357573886543],[4.169865571301496,43.703572400954805],[4.169741589285207,43.703569152042746],[4.16961760169691,43.70356599394191],[4.169493610980366,43.703562924826166],[4.16936961591287,43.70355994560871],[4.169245616493649,43.70355705628935],[4.169121612722493,43.70355425686813],[4.168997605838851,43.70355154733171],[4.168873595842141,43.703548927680124],[4.168749581491468,43.70354639792667],[4.16862556278634,43.7035439580713],[4.168501542206796,43.703541608087306],[4.168377518493221,43.703539347088416],[4.168253491682196,43.703537176873866],[4.1681294605142,43.70353509655754],[4.168005428691326,43.703533105199476],[4.167881392528843,43.703531204639184],[4.167757354469638,43.70352939305056],[4.167633314531844,43.70352767133333],[4.167509271492993,43.70352604040045],[4.167385226555862,43.70352449843921],[4.167261179738297,43.703523046349474],[4.167137129817734,43.70352168504401],[4.167013079237361,43.703520412696875],[4.166889026774987,43.703519230221026],[4.166764972429569,43.70351813761661],[4.166640917459338,43.7035171357699],[4.166516860586935,43.70351622289472],[4.166392803070139,43.70351539987769],[4.166268743668237,43.70351466673194],[4.166144683620682,43.70351402344429],[4.166020622945475,43.703513470914245],[4.165896561605314,43.703513007342465],[4.165772498377526,43.70351263364204],[4.165648435742244,43.70351234978638],[4.165524373716729,43.70351215667517],[4.165400309783895,43.70351205253551],[4.165276247681756,43.70351203822719],[4.16515218368944,43.70351211379034],[4.165028121544765,43.70351228008453],[4.16490405873057,43.703512535336976],[4.164779996504609,43.70351288043434],[4.164655934884679,43.70351331627587],[4.16453187383352,43.70351384106255],[4.164407813368841,43.703514455693984],[4.164283753508347,43.703515161069916],[4.164159695455004,43.7035159553776],[4.164035638004855,43.703516840429636],[4.163911582360603,43.70351781441354],[4.163787527318374,43.703518879141846],[4.163663474081063,43.70352003280198],[4.163539423924676,43.70352127718009],[4.163415374332007,43.703522610503306],[4.163291326579051,43.70352403455755],[4.163167280628502,43.7035255475438],[4.163043236516682,43.70352715126109],[4.162919195464776,43.70352884479686],[4.162795156213528,43.70353062726442],[4.162671120039475,43.70353250044991],[4.162547086923491,43.703534463453735],[4.162423055606605,43.70353651538948],[4.16229902736479,43.70353865804319],[4.162175003383372,43.70354088870253],[4.162050983606379,43.70354320466834],[4.161926969164436,43.70354560052909],[4.161802957503586,43.70354807271228],[4.16167894977204,43.703550616705996],[4.161554947118424,43.703553227998434],[4.161430948229292,43.70355590300389],[4.16130695303099,43.70355863812352],[4.161182961395729,43.703561427059185],[4.16105897328641,43.70356426801142],[4.160934988593469,43.703567155581915],[4.160811007225529,43.70357008527201],[4.160687029090884,43.70357305258303],[4.160563054134784,43.70357605481584],[4.16043908226596,43.703579087471816],[4.160315112134271,43.70358214516582],[4.160191144907158,43.703585224285725],[4.160067179253149,43.70358832034596],[4.159943216339483,43.7035914297346],[4.159819254853072,43.703594548866],[4.159695295906283,43.7035976714285],[4.155575657105796,43.703701418541044],[4.153497336667071,43.703753698705434],[4.153373377067929,43.703756815867756],[4.153249419863206,43.703759929263924],[4.153125462500292,43.70376303532099],[4.153001507368861,43.70376612951411],[4.15287755193421,43.70376920917044],[4.152753596069867,43.703772267991745],[4.152629642183729,43.70377530235292],[4.15250568650133,43.70377830959416],[4.152381732616546,43.703781283377886],[4.152257776754614,43.703784221044394],[4.152133821287918,43.70378711716899],[4.152009864921935,43.70378996906554],[4.151885908788722,43.703792771322796],[4.15176195033567,43.703795520367585],[4.151637991953336,43.703798211675455],[4.151514032311329,43.70380084076072],[4.151390070097484,43.70380340403755],[4.151266107720258,43.70380589788079],[4.151142143831569,43.70380831690516],[4.151018178341414,43.70381065661202],[4.150894211195891,43.703812914302354],[4.150770243527668,43.70381508456403],[4.150646272802458,43.70381716472479],[4.150522301374797,43.70381914845995],[4.150398327950688,43.70382103308343],[4.150274353680943,43.70382281408353],[4.150150377235674,43.703824486974725],[4.150026398525076,43.703826047258225],[4.149902419976251,43.70382749220879],[4.149778437833131,43.70382882006599],[4.149654453336618,43.70383003081701],[4.149530467727886,43.70383112444863],[4.14940647852714,43.703832100986986],[4.149282489473975,43.70383296129248],[4.149158498052222,43.703833703592075],[4.149034505521286,43.703834328772096],[4.14891051188184,43.703834836832776],[4.148786518374873,43.70383522776083],[4.148662523778866,43.70383550246924],[4.148538528058584,43.703835659158464],[4.148414532491192,43.70383569961482],[4.148290537041005,43.70383562203897],[4.148166541745318,43.70383542823025],[4.14804254780859,43.70383511637622],[4.147918554027973,43.703834688289476],[4.147794560385543,43.70383414307007],[4.147670568104727,43.70383347980533],[4.147546577221976,43.703832700294825],[4.147422588960618,43.703831803625576],[4.147298600840951,43.70383078982381],[4.147174615343828,43.70382965886333],[4.147050631229967,43.703828410757424],[4.146926650980677,43.70382704547967],[4.14680267213418,43.70382556395609],[4.14667869589553,43.703823964374166],[4.146554723541467,43.703822248520275],[4.146430753796777,43.70382041460812],[4.146306787938466,43.70381846442396],[4.146182824708869,43.70381639708124],[4.146058866589302,43.70381421255385],[4.145934911100061,43.70381191086787],[4.145810960740366,43.70380949289698],[4.145687015474797,43.703806956841696],[4.145563074100059,43.70380430451461],[4.145439136581011,43.703801534116096],[4.145315205434777,43.703798647419966],[4.145191279403696,43.70379564353895],[4.145067358506799,43.703792523373224],[4.14494344394891,43.70378928511009],[4.144819534526536,43.703785930562276],[4.144695631462861,43.70378245881693],[4.144571734758273,43.70377886987402],[4.144447845654225,43.70377516372054],[4.144323961688529,43.70377134128242],[4.144200085324794,43.7037674016338],[4.14407621656341,43.70376334477471],[4.143952354165364,43.7037591707181],[4.143828500629477,43.703754880337954],[4.143704654698395,43.70375047274727],[4.143580816372879,43.70374594794633],[4.143456985671738,43.70374130683482],[4.14333316505804,43.70373654848683],[4.143209352052177,43.70373167292862],[4.143085547913276,43.70372668104689],[4.142961752623672,43.703721571941834],[4.142837966184401,43.703716345613685],[4.14271418985449,43.703711002949],[4.142590423616745,43.70370554304818],[4.142466667489496,43.70369996681098],[4.142342920197843,43.703694272451024],[4.142219184276457,43.70368846264135],[4.142095458450348,43.70368253559575],[4.141971743960128,43.703676491301046],[4.141848040824675,43.703670330657154],[4.141724347786485,43.703664052777356],[4.141600666104566,43.70365765854849],[4.141476997001873,43.703651147057755],[4.14135333801663,43.70364451923084],[4.141229692852443,43.70363777412929],[4.14110605904753,43.70363091267872],[4.140982437842593,43.70362393486623],[4.140858829220919,43.703616839792026],[4.140735233200998,43.70360962835596],[4.140611649765201,43.70360229965847],[4.140488080173069,43.70359485458619],[4.140364524407159,43.70358729223945],[4.140240982504046,43.70357961441774],[4.140117454428561,43.7035718193217],[4.139993940199641,43.70356390785111],[4.13987043979976,43.70355587910631],[4.139746954487983,43.703547733973984],[4.139623483024827,43.70353947246723],[4.139500027891494,43.703531094560226],[4.139376586590381,43.703522599379134],[4.139253161638572,43.70351398869757],[4.13912975176061,43.70350526072906],[4.139006358215268,43.70349641636044],[4.138882979763344,43.70348745560473],[4.138759618885942,43.70347837843604],[4.138636273085376,43.703469183980694],[4.138512944878704,43.70345987401217],[4.138389633008374,43.70345044764383],[4.138266337457621,43.70344090397609],[4.138143060742929,43.703431244782244],[4.138019800349211,43.70342146828906],[4.137896557553001,43.703411576283145],[4.137773333559514,43.70340156695202],[4.137650127165013,43.70339144210817],[4.137526938352457,43.703381200851915],[4.137403768362721,43.70337084317045],[4.137280618436676,43.703360369050834],[4.137157486094797,43.70334977851901],[4.137034372596004,43.703339072461795],[4.136911279145167,43.703328249067006],[4.136788205778831,43.70331731013395],[4.136665151239936,43.70330625477609],[4.136542116786925,43.703295083880356],[4.136419102385192,43.70328379564691],[4.136296108070909,43.703272391875785],[4.136173135085117,43.70326087255384],[4.136050183392859,43.703249235881756],[4.135927251790158,43.70323748367206],[4.13580434151824,43.703225615911784],[4.135681452559909,43.70321363170141],[4.135558584915897,43.70320153104086],[4.135435739844807,43.703189314817],[4.135312917347654,43.70317698303016],[4.135190116166919,43.703164534793245],[4.135067337543473,43.70315197009366],[4.134944581514163,43.70313929073086],[4.134821848025497,43.70312649400581],[4.134699138372637,43.70311358260468],[4.134576452520113,43.70310055472831],[4.134453789246439,43.703087411289346],[4.134331149775019,43.70307415137508],[4.134208534141753,43.70306077678521],[4.13408594355223,43.70304728570741],[4.133963375544464,43.7030336790674],[4.133840833821926,43.703019955926564],[4.133718315940717,43.70300611811055],[4.133595823106063,43.702992163806876],[4.133473355354393,43.70297809481514],[4.133350913890855,43.70296390932315],[4.133228496271339,43.702949609156114],[4.133106106181801,43.70293519247608],[4.132983741160331,43.70292066020855],[4.132861402465381,43.702906013240565],[4.132739090079968,43.70289125067244],[4.132616805227515,43.70287637159169],[4.132494546703729,43.702861377810436],[4.132372314491733,43.70284626842954],[4.132250109850239,43.70283104433568],[4.132127932744302,43.70281570372948],[4.132005783210298,43.702800248410504],[4.131883662471279,43.702784677466205],[4.13176156930562,43.702768991809414],[4.131639503696348,43.702753190540435],[4.131517466883925,43.70273727364634],[4.131395458887305,43.70272124202725],[4.13127347968942,43.70270509478321],[4.1311515305486,43.70268883280143],[4.131029610207848,43.70267245519503],[4.130907718685546,43.702655962863794],[4.130785852244112,43.702639354946925],[4.13072493805808,43.70263100844371],[4.130664030762654,43.70262263303764],[4.130542224424511,43.702605794746255],[4.130420453126177,43.7025888425659],[4.130298713112489,43.70257177473565],[4.130177003161797,43.702554592168454],[4.130055324514824,43.70253729485144],[4.129933677172277,43.702519882784784],[4.129812061117293,43.70250235506881],[4.129690476386069,43.7024847135031],[4.129568924183746,43.70246695627546],[4.129447403306584,43.70244908519838],[4.129325914959906,43.70243109845944],[4.129204459179618,43.70241299785839],[4.129083034691109,43.70239478160864],[4.12896164401105,43.702376451484085],[4.128840287121755,43.70235800658521],[4.128718962784363,43.70233944692487],[4.128597670999385,43.70232077250317],[4.128476414265466,43.702301984194314],[4.128355191325737,43.70228308111155],[4.12823400094023,43.70226406326772],[4.128112845607943,43.70224493153698],[4.127991725312134,43.70222568502006],[4.127870638830442,43.702206324629124],[4.127749588626807,43.70218684943934],[4.127628572238763,43.70216726037587],[4.127507590889858,43.70214755652654],[4.127386645838412,43.702127738778174],[4.127265737085201,43.70210780713108],[4.127144863373006,43.702087760698355],[4.127024025960509,43.70206760036692],[4.126903223607917,43.70204732615001],[4.126782460036874,43.70202693800905],[4.126661731509494,43.702006435082986],[4.126541040542339,43.70198581914565],[4.126420385860504,43.701965088410724],[4.12629976998035,43.70194424465195],[4.126179190386877,43.701923286095756],[4.126058649596532,43.70190221451616],[4.125938146334324,43.70188102812635],[4.125817680636402,43.701859728726355],[4.125697253725944,43.70183831540344],[4.12557686562121,43.70181678905752],[4.125456516287703,43.70179514788933],[4.125336205761079,43.70177339369828],[4.125215934024706,43.70175152558506],[4.125095702336839,43.70172954443652],[4.124975509440563,43.70170744936597],[4.124855357834411,43.70168524124762],[4.124735245020909,43.70166291920747],[4.124615172258856,43.701640484132554],[4.124495140771169,43.701617935110605],[4.124375149353831,43.70159527395393],[4.12425519795443,43.70157249796342],[4.124135289106889,43.70154960981287],[4.124015420296462,43.70152660772868],[4.123895592798929,43.701503493497384],[4.123775807820206,43.7014802653071],[4.123656064138136,43.70145692407039],[4.123536362993563,43.701433469774535],[4.12341670316479,43.70140990333233],[4.123297087097272,43.701386222918856],[4.123177512329313,43.7013624294595],[4.123057981359298,43.70133852382864],[4.122938492930144,43.70131450513943],[4.122819047042415,43.70129037339202],[4.122699646194942,43.701266129460635],[4.12258028789001,43.701241772471434],[4.122460973369185,43.7012173024116],[4.122341703889915,43.7011927201684],[4.122222478195773,43.701168024854944],[4.122103296304755,43.70114321737116],[4.121984154461726,43.701118295956036],[4.121924608227093,43.701105795349214],[4.121865072615905,43.70109326580343],[4.121746020862791,43.70106812002276],[4.121627019116537,43.70104286200842],[4.121508063674219,43.70101749269866],[4.121389153261617,43.700992010306805],[4.121270287896807,43.700966415733],[4.121151470078478,43.700940709851636],[4.121032697291405,43.700914890888335],[4.120913972034568,43.700888959718135],[4.120795293085931,43.7008629172534],[4.120676660410735,43.70083676169489],[4.120558075284993,43.700810494829476],[4.120439537691913,43.7007841157575],[4.120321047649447,43.700757625378856],[4.120202603900915,43.70073102280683],[4.120084210166906,43.70070430800324],[4.119965862745589,43.7006774819063],[4.119847564100059,43.70065054359085],[4.119729314248621,43.70062349395677],[4.119611113174313,43.70059633210462],[4.119492960912647,43.700569059833995],[4.11937485742972,43.700541675345484],[4.119256803983069,43.70051417952637],[4.119138799316217,43.70048657148973],[4.119020844704821,43.70045885302244],[4.118902938874274,43.70043102233802],[4.118785081842863,43.70040308033641],[4.118690830449043,43.70038064602018],[4.118667287305239,43.700375029576655],[4.11854952537576,43.700346864066816],[4.118431822203321,43.70031858893767],[4.118314169072347,43.70029020247924],[4.118196568481703,43.70026170556588],[4.118079017933647,43.7002330973235],[4.117961518669412,43.70020437773961],[4.117844071946768,43.700175547701434],[4.117726676509245,43.70014660632191],[4.117609333614515,43.700117554488415],[4.117492040800785,43.70008839312628],[4.117374795675994,43.70005912675971],[4.117257598311187,43.700029758987974],[4.117140445056442,43.70000029344822],[4.117023336000019,43.69997073463942],[4.116906268749824,43.699941087085705],[4.116789239638774,43.69991135352463],[4.116672249995275,43.69988153844223],[4.116555296186539,43.699851646375706],[4.116438375803087,43.699821680949206],[4.11632148891564,43.69979164576205],[4.116204631891778,43.69976154535111],[4.116087803561727,43.699731383328015],[4.115971002773405,43.699701164204455],[4.115854225859341,43.69967089071778],[4.115737472906988,43.699640567366714],[4.115620741542376,43.69961019957515],[4.115504028079698,43.69957978918083],[4.115387332607242,43.699549340682516],[4.115270652732225,43.699518858604215],[4.115153986044601,43.69948834657045],[4.115037330152181,43.69945780910546],[4.114979007055476,43.699442532177684],[4.114920686365006,43.69942724979514],[4.114862365600588,43.69941196198301],[4.11480404853529,43.699396671402575],[4.114687415527673,43.699366079338915],[4.114570786172477,43.69933547721551],[4.114454159299728,43.69930486864428],[4.114337532516692,43.69927425814924],[4.104774524033505,43.69676375135878],[4.098127560921717,43.695018149560944],[4.098010951572958,43.694987520758175],[4.097894346017021,43.69495688909431],[4.097777745408044,43.69492625005826],[4.09766115215711,43.69489560002599],[4.097544567418142,43.694864934486375],[4.097427993602095,43.69483424981552],[4.097311434360459,43.69480354237696],[4.097194888367151,43.69477280768473],[4.097078359273532,43.69474204210226],[4.097020103221013,43.69472664703058],[4.096961851987795,43.69471124288048],[4.096845362669952,43.69468040375878],[4.0967288974683,43.69464952197553],[4.096612457537181,43.69461859301973],[4.096496044065216,43.69458761417959],[4.096379660686425,43.69455658091925],[4.09626330855514,43.694525488727535],[4.096146988860062,43.694494334892745],[4.096030703978226,43.69446311399186],[4.095914457578557,43.694431823288056],[4.095798250815317,43.69440045827054],[4.095682084859729,43.694369015327844],[4.095565962123914,43.6943374908363],[4.095449886242203,43.694305880259876],[4.095333858386082,43.69427417998737],[4.095217880949994,43.69424238549523],[4.095101955123235,43.694210494071974],[4.094986084540058,43.69417850118166],[4.094870270372053,43.69414640321313],[4.094754515031335,43.69411419654254],[4.094638822135224,43.694081875734305],[4.094523191650115,43.694049438989275],[4.094407623559047,43.69401688540786],[4.094292119068646,43.693984213178226],[4.094176676973584,43.69395142411268],[4.094061299754607,43.69391851818634],[4.093945984914983,43.693885494524714],[4.093830734935461,43.6938523531031],[4.093715548611149,43.693819095733566],[4.093600427147942,43.693785720604346],[4.093485370546531,43.69375222771581],[4.093370378842036,43.69371861886761],[4.093255450777755,43.69368489317251],[4.093140590057091,43.693651049693905],[4.093025792995078,43.69361709026852],[4.092911063294926,43.693583013959724],[4.092796398477357,43.6935488207925],[4.09268180104016,43.69351451164198],[4.09256726848671,43.69348008563352],[4.092452804537277,43.69344554272996],[4.092338405490096,43.69341088386865],[4.092224075065514,43.69337610901242],[4.092109809509843,43.693341216399425],[4.092018443689155,43.69331321842491],[4.091995622583608,43.69330621219103],[4.091881486801696,43.69327108586452],[4.091767427136019,43.69323584616843],[4.091653434873013,43.69320049139077],[4.091539511218969,43.693165019720034],[4.091425656191311,43.693129432055514],[4.091311869808027,43.693093729297836],[4.091198153292547,43.6930579105349],[4.091084505422366,43.6930219766789],[4.090970927421012,43.692985926818096],[4.090857420546088,43.69294976183995],[4.090743982301184,43.692913480869734],[4.090630613943809,43.69287708479508],[4.090517316714517,43.69284057360374],[4.090404090614041,43.692803947296014],[4.090290934402736,43.692767205884465],[4.09017785056125,43.69273034934449],[4.090064836610118,43.69269337770117],[4.089951895047009,43.69265629182968],[4.089839025855063,43.692619090830476],[4.08972622779519,43.69258177471623],[4.08961350212495,43.692544344374504],[4.089500848827579,43.69250679890569],[4.089388269160814,43.69246913919756],[4.089275761885366,43.692431365262514],[4.089163327001491,43.69239347710086],[4.089050966972791,43.692355473788304],[4.088938679353822,43.69231735714949],[4.088826465368276,43.69227912627237],[4.0887143262563,43.69224078114475],[4.088602260778792,43.692202321779284],[4.088490270193087,43.69216374906375],[4.088378354482596,43.69212506209824],[4.088266513647937,43.69208626088337],[4.088154746466909,43.69204734633146],[4.088043056659619,43.69200831840537],[4.087931441746877,43.69196917713028],[4.087819901729002,43.69192992250635],[4.087708437829412,43.69189055362184],[4.08759705132294,43.69185107226381],[4.087485740952748,43.69181147754547],[4.087374506719706,43.691771769466804],[4.087263349863928,43.69173194801585],[4.087152269163094,43.6916920141048],[4.087041265857867,43.69165196772156],[4.08693034117128,43.69161180795441],[4.086819493864216,43.691571534815864],[4.086708723971205,43.69153115010554],[4.086598032698493,43.69149065201204],[4.086487420063629,43.69145004143517],[4.086376884827122,43.6914093183877],[4.086266429486558,43.69136848374476],[4.086156054008022,43.69132753570711],[4.086045755946624,43.69128647609937],[4.085935539022294,43.69124530488451],[4.085825400738784,43.69120402118781],[4.085715342336268,43.691162624997204],[4.0856053650727,43.691121117200325],[4.085495466468238,43.69107949782209],[4.08538565024335,43.69103776682566],[4.085275913918379,43.690995924236155],[4.085166258734215,43.69095397004121],[4.085056684690771,43.69091190424127],[4.084947191788785,43.690869726836574],[4.084837781285898,43.69082743871465],[4.084728451925107,43.69078503898854],[4.084619204964139,43.69074252854568],[4.084510039146454,43.69069990649907],[4.084400956969457,43.690657173724084],[4.084291958433594,43.690614330220846],[4.084183041059205,43.690571376014205],[4.084074207326839,43.69052831107988],[4.083965457220012,43.69048513451844],[4.083856790772931,43.690441848129495],[4.083748207985937,43.690398451913296],[4.083639710082867,43.690354944958116],[4.083531294583971,43.69031132728892],[4.083422965226559,43.69026759976853],[4.08331471951414,43.69022376152223],[4.083206558721034,43.69017981433752],[4.083098482813826,43.69013575641507],[4.082990493049899,43.69009158864244],[4.082882588206552,43.69004731193213],[4.082774769490142,43.69000292447263],[4.082667035695336,43.68995842807595],[4.082559388045496,43.689913821830224],[4.082451827797701,43.68986910662311],[4.082344353695608,43.68982428156754],[4.082236965756629,43.68977934756356],[4.082129665221112,43.689734304599],[4.082022452072565,43.689689151774424],[4.08191532634501,43.68964389088982],[4.081808288005228,43.68959852014528],[4.08170133708752,43.689553041341185],[4.081594474815045,43.689507453565625],[4.081487701205464,43.68946175771862],[4.081381015002154,43.68941595291278],[4.08127441746225,43.68937004003621],[4.081167909809179,43.689324018176585],[4.081061489580545,43.68927788825893],[4.080955160496528,43.6892316502465],[4.08084891883763,43.68918530417656],[4.080742768323929,43.689138850012256],[4.080636707716064,43.689092287766364],[4.080530737031287,43.68904561833867],[4.080424856253015,43.68899884083005],[4.080319066621541,43.68895195522808],[4.080213366931434,43.688904963345074],[4.080107758388689,43.68885786336947],[4.080002240993861,43.688810655301474],[4.079896816021161,43.68876334092859],[4.079791480974151,43.68871591937604],[4.079686247080187,43.68866839413212],[4.079476021522799,43.688573007981944],[4.079371063625774,43.688525162039525],[4.079266199392543,43.68847720978158],[4.079056721925497,43.68838097401905],[4.078847626626407,43.68828431652287],[4.078638905990664,43.68818723377009],[4.078430561295155,43.68808972755019],[4.078222595005176,43.68799179694102],[4.078015007174097,43.687893444644054],[4.077807800284536,43.68779467063704],[4.077600976818709,43.68769547489769],[4.077394536830123,43.68759586012723],[4.0771884827669,43.687495824504175],[4.076982817179167,43.68739537160512],[4.076777540035556,43.68729449963282],[4.076572653868916,43.68719321126428],[4.076368158681642,43.687091506501915],[4.076164059452344,43.68698938619828],[4.075960354960553,43.68688685126812],[4.075757038941791,43.68678389817591],[4.075655543362343,43.6867322736531],[4.075554146468779,43.686680545475106],[4.075351629922618,43.68657676664193],[4.075149524392952,43.686472581129486],[4.074947812355163,43.686367980114724],[4.07484712128292,43.686315533408845],[4.074746531378292,43.68626298302576],[4.07454563262085,43.68615756425116],[4.07434514865843,43.68605174146929],[4.074145075705735,43.68594551112019],[4.074147228060392,43.685946653934295],[4.073945415021933,43.68583887409377],[4.073746165385609,43.685731831304366],[4.07354733179191,43.68562438450482],[4.073348914225661,43.6855165327978],[4.07315091397949,43.68540827887262],[4.072953323514757,43.68529961740664],[4.072854698874033,43.68524514357855],[4.072756171652597,43.68519056431611],[4.072657749390924,43.68513588494465],[4.072559433345639,43.68508110635204],[4.072461223483449,43.68502622673897],[4.072363119838156,43.68497124790544],[4.072265122409959,43.684916169851476],[4.072167231165396,43.684860990778155],[4.072069446155265,43.684805713384726],[4.071971768602586,43.6847503367598],[4.071874198490901,43.68469486000358],[4.071776734614059,43.68463928492844],[4.071679379418441,43.68458360971065],[4.071582131697877,43.684527836162104],[4.071484991452829,43.68447196428306],[4.071387959906123,43.684415993162105],[4.071291035835119,43.68435992371131],[4.07119422046301,43.68430375501905],[4.071097513823615,43.68424748888517],[4.071000915883468,43.684191123510345],[4.070904427916211,43.68413466068237],[4.070808047425458,43.684078099526005],[4.070711778147751,43.68402144090479],[4.070615617586712,43.683964683943664],[4.07051956699923,43.683907829530476],[4.070423625128754,43.683850876777974],[4.070327794488785,43.68379382746147],[4.070232075062583,43.683736680681804],[4.070136464354237,43.683679435563484],[4.070040966133113,43.68362209476982],[4.069945577869603,43.683564655626064],[4.069850300837277,43.68350711991995],[4.069755135036279,43.68344948765174],[4.069660080467125,43.6833917588217],[4.069565137129315,43.68333393343022],[4.069470306263344,43.68327601146526],[4.0693755878688,43.68321799292721],[4.06928098070648,43.68315987782856],[4.069186483502962,43.68310166438231],[4.069139282108819,43.68307252521975],[4.069092108840854,43.68304336236409],[4.068997836615452,43.682984957573304],[4.068903680631895,43.6829264588735],[4.068809637137807,43.68286786450225],[4.068715707372736,43.68280917444756],[4.068621891353859,43.68275038960953],[4.068528189047552,43.682691508188995],[4.068434600504358,43.682632532885414],[4.068341126930714,43.682573461887294],[4.06824776710354,43.6825142961072],[4.068154521006079,43.68245503464544],[4.068061389912236,43.682395679289776],[4.067968373804876,43.68233622914065],[4.067875471444415,43.68227668421063],[4.067782685327469,43.68221704537525],[4.0676900141975,43.682157311747524],[4.067597459310871,43.68209748421523],[4.067505019411497,43.682037561890844],[4.067412695772688,43.681977546562294],[4.067320488377581,43.681917437330036],[4.067228395986675,43.68185723420651],[4.067136421079695,43.68179693716774],[4.067044562433432,43.68173654712595],[4.066952821271165,43.68167606316952],[4.066861196386432,43.681615487110456],[4.06676968898603,43.68155481713722],[4.066678297846653,43.681494054162165],[4.066587025448091,43.681433198161415],[4.066495870567111,43.681372250046955],[4.066404833187498,43.68131120891944],[4.066313913308949,43.68125007477915],[4.066223112204864,43.68118884941366],[4.066132429841727,43.681127531023996],[4.066041866236517,43.68106612050998],[4.065951420149354,43.68100461788427],[4.065861094060074,43.68094302312268],[4.065770886745343,43.68088133713752],[4.065680798188659,43.68081955902936],[4.065590825944126,43.68075769062221],[4.065500966359558,43.680695735551744],[4.065411216972048,43.680633694742255],[4.065321570443894,43.680571573665226],[4.065232026808406,43.680509374120454],[4.065142578694419,43.6804470997798],[4.065053224895497,43.680384752455375],[4.064963960553031,43.68032233759406],[4.064874780741807,43.6802598570442],[4.064785683032535,43.68019731352954],[4.064696663756179,43.68013470978578],[4.064607716797851,43.6800720503725],[4.064518839728244,43.68000933801329],[4.064430028861604,43.67994657454415],[4.064341276776645,43.67988376093784],[4.064332411167951,43.67987748181933],[4.064252586136307,43.67982090706739],[4.064243725405619,43.67981462249481],[4.0641639507254,43.67975801209342],[4.064075361899635,43.679695077900824],[4.06398681721281,43.67963210631329],[4.063977969976795,43.67962581078989],[4.063898316798682,43.67956910452876],[4.063889473234564,43.679562805363204],[4.06380985574855,43.67950607529512],[4.063721426607382,43.6794430177854],[4.063633025739817,43.6793799365347],[4.063562324509403,43.67932945707699],[4.063544653245969,43.679316836941396],[4.063456299191484,43.6792537182029],[4.063367963676657,43.6791905857176],[4.063279640552997,43.679127442245274],[4.063191328647754,43.67906429139697],[4.063103020539349,43.67900113414533],[4.063014713831913,43.67893797501298],[4.062573185693513,43.67862217829194],[4.056480586111988,43.674264008339584],[4.056392295241302,43.67420084401976],[4.056304005787973,43.67413767871914],[4.056215723917059,43.67407451057822],[4.056127452041526,43.67401133597386],[4.056039193829989,43.673948152170894],[4.055950955431096,43.673884956410035],[4.055903403551419,43.67385088293276],[4.055862740496875,43.67382174505623],[4.055774551440313,43.673758514486664],[4.055686393203239,43.67369526375353],[4.055598270677559,43.673631989209845],[4.055510186259696,43.673568686332935],[4.055422146130784,43.673505354163176],[4.05533415268716,43.67344198817802],[4.055246210870717,43.67337858742954],[4.055158324300553,43.67331514648362],[4.055070497918369,43.67325166439247],[4.054982734120613,43.673188136633634],[4.054895039071912,43.67312456134762],[4.054807415201844,43.67306093581146],[4.054719867385669,43.67299725547859],[4.05463240056516,43.672933519401425],[4.054545018392824,43.672869723945105],[4.054457723297781,43.672805866386774],[4.054370522651837,43.6727419430555],[4.054283417644164,43.67267795124048],[4.05419641443981,43.67261388908228],[4.054109516691099,43.67254975294631],[4.054022728067094,43.672485540097576],[4.053936053476426,43.6724212477892],[4.053849494108733,43.672356873310164],[4.053763051220385,43.67229241754844],[4.053676721075932,43.672227879640786],[4.053607739795443,43.672176188713756],[4.053590516186714,43.672163265765406],[4.053504415215886,43.67209856173096],[4.053418435748458,43.672033779966064],[4.053332571536943,43.67196891783163],[4.053246825027553,43.67190397350456],[4.053161193790735,43.671838949708395],[4.053075680255882,43.671773843720146],[4.052990283233088,43.67170865825136],[4.052905003928713,43.67164339149078],[4.052819841119695,43.671578044350476],[4.052734796045637,43.67151261681877],[4.052649867466663,43.67144710890774],[4.052565057878821,43.67138152149375],[4.052480364769449,43.671315852801385],[4.0523957894278,43.67125010551809],[4.052311333060604,43.67118427783284],[4.052226994444315,43.67111837065759],[4.052142774802181,43.67105238308084],[4.052058672927455,43.670986316914465],[4.051974690043372,43.67092017124692],[4.051890824909873,43.67085394609044],[4.051807080006434,43.670787641421455],[4.051723452870332,43.670721258163894],[4.051639945980202,43.67065479629409],[4.051556556840856,43.670588254936476],[4.051473289203655,43.67052163585498],[4.051390139316728,43.67045493728636],[4.051307109692445,43.670388161006294],[4.051224200297344,43.67032130521555],[4.051141411181047,43.67025437261395],[4.051058742293959,43.67018736050227],[4.050976192446067,43.670120271592005],[4.050893764083242,43.670053104060024],[4.050811455982096,43.66998585881844],[4.050729268142911,43.66991853586748],[4.050647201804928,43.669851135195515],[4.050565256984817,43.66978365770222],[4.050483432426111,43.66971610250045],[4.050401729368318,43.669648469578476],[4.0503201466049,43.66958076074803],[4.0502386865818,43.66951297418584],[4.050157348075799,43.66944511080412],[4.050076131086792,43.66937717060298],[4.04999503685427,43.66930915357077],[4.04991406415501,43.66924106061948],[4.049833212972509,43.66917289084963],[4.04975248454607,43.66910464424964],[4.049671878908532,43.66903632261908],[4.049591396026916,43.66896792415899],[4.049511035917392,43.668899449769235],[4.049430798580026,43.66883089945004],[4.049350684030985,43.6687622741016],[4.04927069225404,43.66869357282435],[4.049208655260792,43.66864015039278],[4.049190824488096,43.66862479560666],[4.049111079510279,43.66855594336047],[4.049031458559951,43.66848701607408],[4.048951961636883,43.66841801374783],[4.048872588740846,43.668348936381946],[4.048793338615757,43.668279783089],[4.048714213773652,43.66821055564477],[4.048635211735148,43.66814125407347],[4.048556334962878,43.66807187745174],[4.048477583472696,43.66800242667958],[4.048398956025254,43.66793290176929],[4.048320452604224,43.667863301821335],[4.048242074481382,43.66779362862341],[4.048163821623946,43.66772388037654],[4.048085694080752,43.6676540597801],[4.048007691802746,43.667584164135185],[4.047929814838849,43.66751419614134],[4.047852063139734,43.667444153099524],[4.047774437993873,43.66737403769737],[4.047696938145272,43.66730384904726],[4.047619563593774,43.667233587149546],[4.047542316817949,43.66716325198073],[4.047465195355513,43.6670928444644],[4.047388199189491,43.667022363701385],[4.047311330815158,43.6669518105678],[4.047234588993061,43.66688118507566],[4.047157972467042,43.666810486337546],[4.047081484987975,43.666739716117604],[4.047005122821063,43.66666887355181],[4.046928888444941,43.666597958616855],[4.046852781876035,43.666526972212644],[4.046776801858097,43.666455913451664],[4.046700949646817,43.666384783221986],[4.046625224002651,43.6663135815358],[4.046549627404109,43.66624230836953],[4.04647415861183,43.66617096373549],[4.046398817641768,43.66609954853354],[4.046323604477482,43.66602806186427],[4.046248520358118,43.66595650371602],[4.046173564060463,43.665884875000756],[4.046098736823838,43.66581317570684],[4.046024037408422,43.66574140584648],[4.045949467053616,43.6656695654078],[4.045875025759129,43.665597654391455],[4.045800713524929,43.66552567279753],[4.045726530383171,43.665453622425694],[4.045652477524279,43.66538150056517],[4.045578552518345,43.66530930993928],[4.045504757810795,43.665237048725054],[4.045431092195272,43.665164718733976],[4.045357556877877,43.66509231815514],[4.045284151907883,43.66501984968778],[4.04521087599606,43.66494731064509],[4.045137730414779,43.66487470281488],[4.045064715163527,43.66480202619727],[4.044991831481482,43.66472928078079],[4.044919076873376,43.66465646568973],[4.044846453850315,43.66458358269999],[4.044773961173115,43.66451063182377],[4.04470159880809,43.66443761126187],[4.044629368027664,43.66436452280212],[4.044557268831682,43.66429136644472],[4.04448529998013,43.664218142201975],[4.044413462712344,43.6641448500622],[4.044341757028077,43.66407149002562],[4.044270182926982,43.66399806209257],[4.044198741664591,43.663924567151106],[4.044127430745752,43.66385100432556],[4.044056252665014,43.66377737449219],[4.043985206166427,43.663703676763355],[4.043914292522083,43.66362991292696],[4.043843510475759,43.66355608209533],[4.043772861266577,43.66348218425697],[4.043702344894455,43.663408219412084],[4.043631960135853,43.663334188472554],[4.04356170945306,43.66326009051512],[4.04349159163928,43.663185927351485],[4.043421606661018,43.66311169718232],[4.043351754534842,43.663037400907754],[4.043282035276762,43.662963039427794],[4.043212450109487,43.66288861183079],[4.043142997793191,43.66281411812927],[4.043073679599889,43.662739560110964],[4.043004495479988,43.66266493507679],[4.042935441699125,43.66259024216313],[4.042914758479586,43.66256782919661],[4.042866530862879,43.66251549294769],[4.042797746564983,43.662440671390435],[4.042729097660823,43.66236578730508],[4.042660584100628,43.66229083799285],[4.042592204661482,43.662215824365695],[4.042523960565986,43.662140745512225],[4.042455850590574,43.66206560234437],[4.042387872223712,43.661990393086484],[4.042353937269531,43.66195276767667],[4.042320036799298,43.661915127529085],[4.042252329150171,43.66183978961985],[4.042184758147974,43.661764390072705],[4.042117323759673,43.66168892708834],[4.042050024745517,43.66161340067897],[4.041982859865579,43.66153781085661],[4.041915830359351,43.66146215760985],[4.041848933747754,43.66138644096242],[4.041782163915665,43.66131066547284],[4.041715515905362,43.66123483118859],[4.041648984824921,43.661158941756455],[4.041582566988961,43.66108299901155],[4.041516257488486,43.66100700570085],[4.041450050160045,43.6609309636833],[4.041383941334185,43.66085487569396],[4.041317926086252,43.66077874357968],[4.041251999507868,43.660702570087615],[4.041186156674129,43.660626357064366],[4.041120392677055,43.66055010725709],[4.041054702591595,43.66047382251273],[4.040989081509427,43.660397505578054],[4.040923525745399,43.66032115828822],[4.040858027896158,43.66024478251403],[4.04079258554848,43.66016838187797],[4.040727192505593,43.66009195643959],[4.040661843892018,43.66001551074507],[4.040596536006059,43.659939045729764],[4.040531262683954,43.65986256325242],[4.040466019033924,43.659786066959455],[4.040400801354145,43.659709557786215],[4.040335603480813,43.65963303759141],[4.040270420522474,43.65955651002157],[4.040205248793393,43.65947997691136],[4.040140082130199,43.65940344011991],[4.038901971647383,43.65794920719396],[4.033494115205311,43.65159635428777],[4.033428965190121,43.65151981209367],[4.033363807962703,43.65144327263433],[4.033298639822297,43.65136673684472],[4.033233455861196,43.65129020747109],[4.03316824991628,43.65121368637168],[4.033103017063568,43.65113717539312],[4.033037753650821,43.65106067816926],[4.032972453514973,43.6509841965586],[4.032907111716155,43.65090773150773],[4.032841724601806,43.650831286650885],[4.032776285992973,43.65075486294636],[4.032710792237487,43.650678464028395],[4.032645237155887,43.65060209085526],[4.032579615840898,43.65052574617327],[4.032513924624181,43.65044943271662],[4.032448157358732,43.65037315324307],[4.032382310327731,43.650296907788146],[4.032316378656072,43.65022070089675],[4.032250356164602,43.65014453352778],[4.032184239185225,43.65006840841513],[4.032118021571398,43.64999232831684],[4.03205169963821,43.649916295067335],[4.031985268462412,43.649840310512886],[4.031918723152604,43.649764378299196],[4.031852058768817,43.6496884993728],[4.03178527042014,43.649612677379395],[4.031718353166821,43.64953691326539],[4.031651303356501,43.649461210664846],[4.031584114826841,43.64938557143551],[4.031516782670329,43.64930999832339],[4.031449304441615,43.64923449315114],[4.031381672755243,43.64915905868825],[4.031313883959362,43.64908369856838],[4.031245933097677,43.649008412838285],[4.031177816534726,43.64893320603147],[4.031109530586038,43.64885807998233],[4.031041075251994,43.64878303469051],[4.030972450549053,43.648708071055445],[4.030903658939257,43.648633188153525],[4.030834697977849,43.64855838780742],[4.030765568887521,43.64848366910528],[4.030696271684993,43.64840903294643],[4.030626806370718,43.64833447933069],[4.030557172945048,43.64826000825758],[4.030487372647117,43.64818561971514],[4.030417405477635,43.64811131370285],[4.030347270229785,43.64803709203177],[4.03027696811117,43.64796295289032],[4.030206499137839,43.647888897177786],[4.030135864565621,43.64781492578196],[4.030065063139448,43.64774103781428],[4.03000273797437,43.64767622337592],[4.029994094892173,43.64766723507418],[4.029922961030559,43.64759351574993],[4.029851661571373,43.64751988074094],[4.029780196547072,43.64744633184631],[4.029708565909589,43.64737286636662],[4.02963676970772,43.647299487000566],[4.029564807925527,43.647226192848144],[4.029492683041479,43.6471529838856],[4.029420391354853,43.6470798610474],[4.029347936582954,43.64700682429816],[4.029275317471265,43.64693387274938],[4.029202534052028,43.64686100820028],[4.029129586325808,43.646788230650394],[4.029056475515407,43.646715539188044],[4.028983201637631,43.646642934712595],[4.028909763453563,43.64657041723542],[4.028836162218655,43.64649798764427],[4.028762399156052,43.64642564502697],[4.028688473043072,43.64635339029499],[4.028614383880177,43.64628122344793],[4.028540131667637,43.646209144485375],[4.028465718883659,43.64613715338363],[4.028391143082573,43.6460652519651],[4.028316406710846,43.64599343840658],[4.028241507306495,43.64592171363099],[4.028166447347791,43.645850077614476],[4.028091226851208,43.645778531256326],[4.028015844578089,43.64570707456802],[4.027940301767408,43.6456357075375],[4.027864599658588,43.6455644301526],[4.027788735773974,43.64549324243666],[4.02771271259161,43.64542214436555],[4.027636528904994,43.645351137750225],[4.027560185937316,43.64528022167899],[4.027483682433876,43.645209395263336],[4.027407020920698,43.645138661178756],[4.027330200127048,43.64506801763722],[4.027253220053609,43.6449974646382],[4.027176081970993,43.64492700396916],[4.027098784624957,43.644856634741735],[4.027021329270539,43.64478635784369],[4.02694371589174,43.644716172374906],[4.026865945760151,43.644646080122584],[4.026788016365704,43.64457607931052],[4.02670993021887,43.64450617171435],[4.026631687303551,43.644436356434134],[4.026553286397444,43.64436663438072],[4.026474729978035,43.64429700553043],[4.02639601556822,43.64422746990635],[4.026317145661857,43.64415802838443],[4.026238119004147,43.64408868007628],[4.026158936850245,43.64401942586958],[4.026079599200512,43.643950265763955],[4.026000106054933,43.6438811997591],[4.02592045742996,43.64381222875433],[4.02584065330948,43.64374335184957],[4.025760694948895,43.643674569932585],[4.025680581125315,43.643605883914276],[4.025600313045669,43.64353729198333],[4.025519890742388,43.643468795938674],[4.025439315454572,43.643400395768374],[4.025358584688283,43.64333209059562],[4.025277702192789,43.643263882184506],[4.025196665474056,43.6431957696583],[4.025115474532507,43.64312775301677],[4.025034131861973,43.6430598331357],[4.024952636223921,43.64299201002668],[4.02487098761829,43.64292428368908],[4.024789187284059,43.642856654110936],[4.024707235237615,43.642789122191694],[4.024625130240232,43.642721687942796],[4.024542874769431,43.642654351340106],[4.024460467570783,43.64258711149557],[4.024377908676364,43.642519970208205],[4.024295199325117,43.64245292746596],[4.02421233950126,43.64238598236875],[4.024129327981946,43.642319135827634],[4.024046167245126,43.64225238781883],[4.023962856067855,43.64218573925347],[4.023879394434616,43.64211918923136],[4.023795783600031,43.64205273864045],[4.02371202356436,43.6419863874799],[4.023628114327601,43.641920135749814],[4.023544057128749,43.64185398343794],[4.023459849506291,43.64178793146705],[4.023375493921985,43.641721978913765],[4.023290990408011,43.64165612757709],[4.023206338948102,43.64159037655686],[4.02312153952664,43.641524724953264],[4.02303659219166,43.64145917546488],[4.02295149691121,43.641393726292],[4.022866256179205,43.64132837831041],[4.022780867517705,43.64126313154347],[4.022695332181891,43.64119798687869],[4.022609650155765,43.64113294341598],[4.02252382269413,43.64106800204309],[4.022437848542173,43.64100316187158],[4.022351728970824,43.640938424688834],[4.022265462725542,43.640873789606424],[4.022179052299734,43.640809257500464],[4.022092496438762,43.64074482748242],[4.022061922985854,43.64072214316348],[4.022005796397402,43.64068050044023],[4.021918950936779,43.640616276384954],[4.021831961296078,43.64055215530463],[4.021744828729868,43.640488138087065],[4.021657550744626,43.64042422385539],[4.021570129850103,43.64036041438543],[4.021482564775174,43.640296707888965],[4.021394856791152,43.640233106153524],[4.021307005881636,43.64016960827887],[4.021219012046719,43.64010621426485],[4.021130876557407,43.64004292589871],[4.021042598142861,43.6399797413925],[4.020954178057598,43.639916661633805],[4.020865615079109,43.63985368753354],[4.020776911684941,43.63979081906823],[4.020688066620271,43.639728055349345],[4.020599079900812,43.639665397276275],[4.020509952765869,43.639602844837086],[4.020420685230958,43.63954039893107],[4.020331277280304,43.63947805865805],[4.020241730168748,43.63941582490591],[4.020152041402231,43.63935369679777],[4.02006221349073,43.639291676109465],[4.019972246418281,43.63922976194095],[4.019882140184462,43.639167954291736],[4.019791896044175,43.639106254049715],[4.019701511519734,43.63904466123766],[4.019610989088795,43.63898317583206],[4.019520328751294,43.638921797832445],[4.019429530507162,43.638860527238556],[4.019338594372329,43.63879936494972],[4.019247520346624,43.638738310965564],[4.019156309668819,43.63867736527401],[4.019064962322942,43.6386165269752],[4.018973477101948,43.63855579787968],[4.018881856483535,43.638495177963904],[4.018790099212781,43.63843466633943],[4.01869820530549,43.638374263905575],[4.018606177239156,43.638313970638634],[4.018514012536188,43.63825378656184],[4.018421712435321,43.638193711662865],[4.018329276952342,43.63813374684119],[4.01823670732598,43.63807389208487],[4.018144003555935,43.63801414739353],[4.018051165642465,43.63795451276679],[4.017958192346526,43.63789498821589],[4.01786509367411,43.637835579046076],[4.017846443796373,43.63782370090472],[4.017771844577523,43.63777627019374],[4.017678473852636,43.637717078486325],[4.017584967744878,43.63765799685324],[4.017491328747385,43.6375990261709],[4.017397556876255,43.637540167338464],[4.017303660866689,43.63748142387331],[4.017284851299491,43.63746968031436],[4.017209615703112,43.63742278251128],[4.017115450165064,43.637364259180146],[4.017021151736666,43.6373058467979],[4.01692672167264,43.63724754625218],[4.016832159973017,43.637189357542645],[4.016737467891772,43.63713128155723],[4.01664264542948,43.637073318295386],[4.016547692585513,43.63701546775687],[4.016452609359706,43.63695772994125],[4.016357396990982,43.63690010483662],[4.016262055494744,43.63684259334241],[4.016166583616434,43.6367851945702],[4.016070983849242,43.63672790939565],[4.015975254954096,43.63667073783067],[4.01587939694693,43.63661368077425],[4.015783411034398,43.6365567364152],[4.015687297247996,43.636499906552515],[4.015591056826608,43.6364431911742],[4.015494687292342,43.636386590303175],[4.015398191106672,43.636330103016164],[4.015301568301346,43.63627373111232],[4.015204818875694,43.636217474591135],[4.015107942798392,43.636161331652985],[4.015010940116085,43.63610530499658],[4.014913812036426,43.63604939281059],[4.014816558590396,43.63599359689409],[4.014719179746299,43.63593791544732],[4.01462167553557,43.63588235026933],[4.014524047196766,43.635826901348224],[4.014426293475047,43.635771567795494],[4.014328414386004,43.63571635051051],[4.014230412406791,43.63566124946981],[4.014132287537628,43.63560626467306],[4.014034037316152,43.635551397042654],[4.013935665442838,43.63549664564396],[4.013837169455869,43.63544201139941],[4.013738550593318,43.63538749429714],[4.013639810093983,43.635333094325205],[4.013540946718923,43.63527881149477],[4.013441961722465,43.63522464669386],[4.013342855088163,43.635170599022146],[4.013243626832022,43.63511666937915],[4.013144276937879,43.63506285686486],[4.013044806675929,43.63500916326651],[4.012945216029818,43.63495558768438],[4.012845504999547,43.63490213011804],[4.012745673584464,43.634848790567055],[4.012645721816527,43.634795570830626],[4.012545650901978,43.634742469097375],[4.012445460856872,43.63468948626668],[4.012345151680365,43.63463662233814],[4.012244724627267,43.63458387819976],[4.012144177203778,43.634531252974305],[4.012043513141578,43.63447874752675],[4.011942729947149,43.634426360980015],[4.011841830129269,43.634374095110125],[4.011740812417211,43.634321948128964],[4.011639678081073,43.63426992182392],[4.011538425866184,43.63421801530648],[4.011437057026486,43.63416622946467],[4.011335572800682,43.634114564286435],[4.011233971933735,43.63406301888329],[4.011132255695523,43.63401159504286],[4.011030422815792,43.63396029097685],[4.01092847580288,43.633909108461424],[4.010826413418153,43.633858047507545],[4.010724236883609,43.63380710720372],[4.010621944976574,43.633756288461036],[4.010519540189856,43.63370559215556],[4.010417020013728,43.6336550165108],[4.01031438694118,43.63360456240293],[4.010211640987984,43.633554230731455],[4.01010878091476,43.63350402150747],[4.01000580918306,43.63345393380792],[4.009902724569256,43.633403968543654],[4.009799527073265,43.63335412571443],[4.009696217949199,43.63330440620819],[4.009592798419485,43.633254809113076],[4.009489266006469,43.633205334452114],[4.009385623203076,43.63315598310153],[4.009281868769823,43.63310675507246],[4.009178003929687,43.63305764945337],[4.00907402871358,43.63300866804338],[4.008969944344194,43.63295980993106],[4.008865749598231,43.63291107602702],[4.008761445682282,43.63286246452025],[4.008657032643523,43.63281397810956],[4.008552510465535,43.63276561589472],[4.008447879132468,43.63271737697586],[4.008343139913912,43.63266926314064],[4.008238292793726,43.63262127348873],[4.00813333777141,43.63257340802009],[4.00802827486264,43.63252566763392],[4.007923105289724,43.63247805141888],[4.007817829083677,43.63243056117399],[4.007712444974197,43.632383195110876],[4.007606955469361,43.63233595500584],[4.007501359314581,43.6322888399703],[4.007395657748144,43.63224184999237],[4.007289853246762,43.6321949850488],[4.007183948208416,43.63214824061782],[4.007077947556203,43.63210161485375],[4.006971852449053,43.632055103246316],[4.006865666539317,43.632008702162],[4.00675939473442,43.63196240885542],[4.006653038193161,43.63191621881636],[4.0065466018228,43.631870129299415],[4.00644008679871,43.63182413669428],[4.00633349799595,43.631778236456036],[4.006226837860296,43.6317324267623],[4.006120110028317,43.63168670307972],[4.006013316898192,43.63164106088688],[4.005906460915361,43.631595498360944],[4.005799545716825,43.63155001096904],[4.005692574955194,43.63150459507757],[4.005585551044403,43.631459247064754],[4.005478477652683,43.631413964196746],[4.005371355940085,43.631368741963584],[4.005264190797613,43.6313235767203],[4.005156984655131,43.63127846574481],[4.005049741149856,43.63123340450407],[4.004942461456858,43.631188389387646],[4.004835149244929,43.631143417662074],[4.004727806896706,43.631098483906],[4.004620439350482,43.631053587173625],[4.004513047735138,43.63100872115575],[4.004405635734543,43.63096388401841],[4.00429820574746,43.63091907124015],[4.00419076142646,43.63087427918771],[4.004083305201852,43.63082950513914],[4.003975838233123,43.63078474458433],[4.003868366635255,43.630739992967364],[4.003760891630407,43.63069524937729],[4.003653415586427,43.63065050749317],[3.997097709252734,43.62792107747335],[3.996990243620398,43.627876329986016],[3.996882781824871,43.62783157966053],[3.996775327534555,43.62778682376388],[3.996667880671567,43.627742057797384],[3.996560447382135,43.62769727900521],[3.996453027603494,43.627652483788545],[3.996345626227839,43.627607668503344],[3.996238245654136,43.62756282862805],[3.996130888296927,43.62751796054153],[3.996023557825647,43.62747306151051],[3.995916256654954,43.62742812791362],[3.99580898719971,43.627383156129326],[3.995701754335936,43.62733814161397],[3.995594559240292,43.6272930807573],[3.995487404343133,43.627247970837736],[3.99538029453679,43.62720280821097],[3.995273230981629,43.62715758836751],[3.995166217347028,43.627112308574276],[3.995059257270693,43.6270669642989],[3.994952353183239,43.627021552819656],[3.994845508738294,43.62697607050396],[3.994738725112295,43.62693051374177],[3.994632007181717,43.62688487798933],[3.994525357393024,43.62683916142487],[3.994418778129834,43.62679335862778],[3.994312273061448,43.626747466864764],[3.994205845841508,43.626701482503606],[3.994099498900742,43.62665540282259],[3.993993235877221,43.62660922328951],[3.993887059186305,43.626562940283165],[3.993780972496904,43.62651655107057],[3.993674979447416,43.62647005111967],[3.993569082484139,43.626423438608484],[3.993463285229732,43.6263767081053],[3.993357590114845,43.626329856888546],[3.993252000809101,43.62628288222544],[3.993146517281489,43.62623578231693],[3.993041140755535,43.62618855625223],[3.992935871247248,43.62614120493143],[3.992830708772535,43.62609372925458],[3.992725653316518,43.62604612832232],[3.992620704879251,43.62599840213496],[3.992515864700098,43.62595055068139],[3.992411132810245,43.62590257576144],[3.992306509179149,43.625854475576055],[3.992201993822879,43.62580625102523],[3.992097586757126,43.625757903009024],[3.991993290428596,43.62570942970565],[3.991889102391386,43.62566083293756],[3.991785025123315,43.625612112682454],[3.991681057370554,43.62556326805225],[3.991577200387438,43.62551429993567],[3.991473452951429,43.62546520924403],[3.991369817509134,43.62541599415574],[3.991266292853096,43.62536665648165],[3.991162878968517,43.62531719532258],[3.991059578348179,43.625267611555934],[3.990956388500051,43.62521790430485],[3.990853310693794,43.62516807535788],[3.99075034613762,43.62511812290455],[3.990647494862608,43.62506804874462],[3.990544755615294,43.62501785199009],[3.990442129650047,43.62496753352962],[3.990339618190061,43.6249170924527],[3.990237220012941,43.624866529670435],[3.990134936373036,43.62481584607169],[3.990032767239724,43.62476503985748],[3.989930713867064,43.6247141119164],[3.989828773794099,43.62466306317119],[3.989726949498272,43.62461189359964],[3.989625240964299,43.62456060230219],[3.989523648223748,43.62450919107878],[3.989422171245533,43.624457658130225],[3.989320811299943,43.624406005245056],[3.989219568371503,43.6243542315239],[3.989118441222359,43.62430233697833],[3.989017432344977,43.624250322485885],[3.988916540501312,43.62419818805828],[3.988815765691581,43.62414593369564],[3.988715109154917,43.62409355938714],[3.988614572145305,43.62404106602161],[3.988514152170828,43.62398845272215],[3.988413851724188,43.62393572036633],[3.988313669551457,43.623882868065984],[3.988213608145877,43.623829896698695],[3.988113665045799,43.623776807187085],[3.988013842713169,43.62372359860908],[3.98791413991002,43.62367027097642],[3.987814557890295,43.62361682517792],[3.987715096638871,43.62356326031412],[3.987615756187105,43.623509578184866],[3.987516531596738,43.623455779735224],[3.987417421706963,43.62340186947526],[3.987318421610305,43.62334785014946],[3.987219528907761,43.62329372627909],[3.987120741153218,43.623239499686534],[3.987022053485987,43.62318517581511],[3.986923463444728,43.62313075558756],[3.986824967422451,43.62307624533558],[3.986726562957701,43.62302164598175],[3.986628245190021,43.62296696296971],[3.986530011673223,43.62291219812124],[3.986431858769404,43.62285735596911],[3.986333782794039,43.62280243834661],[3.986235780124756,43.622747450685914],[3.986137848315896,43.622692394809086],[3.986039983729221,43.622637275248636],[3.985942182695639,43.62258209473757],[3.985844441546698,43.622526856008754],[3.985746756644037,43.622471563594736],[3.98564912431854,43.6224162202285],[3.985551540917006,43.62236082954264],[3.985454004008901,43.62230539425894],[3.985356509956087,43.62224991890959],[3.985259053835554,43.62219440533923],[3.985161633232473,43.622138857169176],[3.985064244508586,43.622083278931775],[3.984966883994715,43.62202767335975],[3.984869548006607,43.621972042286416],[3.984772232921603,43.62191639114372],[3.984674935070601,43.621860722664444],[3.984577652022797,43.621805039570305],[3.984480377632649,43.621749344616575],[3.984383110754246,43.621693643212495],[3.984285847687205,43.621637936291606],[3.980298208074492,43.61935385528068],[3.980200952941416,43.619298144793625],[3.980103691836066,43.61924243607683],[3.980006423581227,43.61918673274046],[3.979909143284808,43.61913103842784],[3.979811848531495,43.61907535676017],[3.979714535652341,43.619019690469926],[3.979617199754683,43.61896404320066],[3.979519839646425,43.61890841766241],[3.979422449196827,43.618852817509875],[3.979325025990525,43.61879724636416],[3.979227567612227,43.61874170784611],[3.979130067900273,43.61868620381114],[3.979032525693321,43.61863073876844],[3.978934936098748,43.61857531636163],[3.978837296670605,43.61851993841214],[3.978739602547229,43.61846461036271],[3.978641851267128,43.61840933313527],[3.978544037968614,43.61835411217241],[3.978446161459477,43.61829895018423],[3.978348215593181,43.618243849925484],[3.978250199208274,43.61818881590552],[3.978152108620248,43.61813384995718],[3.978053937713323,43.618078956634335],[3.977955686548801,43.6180241395356],[3.977857350204017,43.61796940050495],[3.977758925055221,43.617914744973476],[3.977660407417774,43.61786017477391],[3.977561794891623,43.617805694426835],[3.977463082568851,43.61775130667562],[3.977364269272265,43.61769701512996],[3.977265351347939,43.61764282342174],[3.97716632390316,43.61758873519411],[3.977067184507056,43.61753475316805],[3.976967929520807,43.61748088187531],[3.976868557751817,43.61742712402559],[3.976769064307697,43.617373483262035],[3.976669450441711,43.61731996047298],[3.976569716153578,43.617266555657864],[3.976469862712137,43.617213270604765],[3.976369888848076,43.617160103525045],[3.976269795814536,43.61710705530678],[3.9761695836116,43.61705412594989],[3.976069252238783,43.61700131545378],[3.975968802949494,43.61694862470689],[3.975868234505221,43.616896053719984],[3.975767548128284,43.61684360158174],[3.975666745072255,43.61679126918059],[3.975565822860417,43.61673905653825],[3.975464783968865,43.6166869636322],[3.975363628412766,43.61663499136198],[3.975262356176317,43.61658313882731],[3.975160967274402,43.616531406927635],[3.975059462945261,43.616479795651564],[3.974957841950371,43.61642830500978],[3.974856105527597,43.616376934990846],[3.974754256183661,43.61632568737179],[3.974682892371093,43.61628988560243],[3.974652278920598,43.61627455418794],[3.974550203718486,43.616223550467616],[3.974448008087787,43.616172664714114],[3.974345697058084,43.61612190138128],[3.974243271836837,43.61607125865811],[3.974140733677165,43.616020737433004],[3.974038081355811,43.615970338616435],[3.973935317348965,43.6159200621858],[3.973832439164535,43.61586990726331],[3.973729448055436,43.615819874737255],[3.973626345260037,43.61576996459619],[3.973523130777595,43.61572017683962],[3.973419803369753,43.61567051147851],[3.973316365527759,43.615620969390065],[3.973212816013241,43.61557155058492],[3.97310915481019,43.6155222541631],[3.973005383172124,43.61547308101293],[3.972901502336738,43.61542403112289],[3.972797509842372,43.6153751054146],[3.972693408134928,43.61532630206615],[3.972589197259503,43.61527762377636],[3.972484877185465,43.615229068745464],[3.972380446673696,43.61518063698402],[3.972275908231465,43.61513233026925],[3.972171261842652,43.61508414770102],[3.97206650750731,43.61503608927887],[3.971961643986223,43.614988155013826],[3.971856673771195,43.6149403457829],[3.971751595623273,43.61489266159688],[3.971646410765334,43.61484510154475],[3.971541119227338,43.61479766742552],[3.971435720978387,43.61475035743941],[3.971330216048529,43.6147031733856],[3.97122460566044,43.61465611435303],[3.971118889828827,43.61460918124096],[3.971013068538205,43.61456237314935],[3.970907141803192,43.61451569097794],[3.970801110861764,43.61446913471476],[3.970694974475057,43.614422704370966],[3.970588733896274,43.61437640083477],[3.970482390347986,43.61433022319513],[3.970375942591497,43.61428417146271],[3.970269391879724,43.61423824652593],[3.970162736974153,43.614192448395436],[3.970055980350801,43.61414677704895],[3.969949120770873,43.61410123249701],[3.969842158233815,43.61405581473945],[3.969735095216092,43.61401052375383],[3.969627929255601,43.61396536046161],[3.969520662828337,43.61392032484036],[3.969413294680755,43.61387541600131],[3.969305826065441,43.61383063483241],[3.969198256982007,43.61378598133366],[3.969090587445353,43.61374145640436],[3.9689828174397,43.61369705914457],[3.968874948202879,43.61365278954281],[3.968766979749504,43.6136086484986],[3.968658912064068,43.61356463511191],[3.968550745175993,43.61352075118168],[3.968442480293459,43.61347699489733],[3.968334117430227,43.61343336715828],[3.968225656601899,43.61338986886382],[3.968117097792319,43.61334649911397],[3.96800844225429,43.61330325879708],[3.967899693626422,43.613260143381325],[3.967790855608335,43.61321715193356],[3.967681929346228,43.613174279044365],[3.967572918493754,43.61313152108131],[3.967463826719946,43.61308887531213],[3.967354657678767,43.61304633810473],[3.967245412531765,43.61300390494921],[3.96713609369464,43.612961572224556],[3.967026707328261,43.61291933807594],[3.966917253325605,43.6128771962053],[3.966807735371244,43.612835144779986],[3.966698155880575,43.61279318017886],[3.966588518492066,43.612751297870226],[3.96647882562153,43.61270949423309],[3.966369080922816,43.61266776563538],[3.966259285573199,43.61262610846697],[3.966149444480203,43.61258451998481],[3.966039557552356,43.61254299479041],[3.965929629697313,43.61250153014043],[3.965819663330631,43.61246012241394],[3.965709660867982,43.612418767989986],[3.965599624710101,43.61237746234809],[3.965489557272794,43.61233620186716],[3.965379462225139,43.612294983814984],[3.965269341967564,43.61225380367102],[3.965159200154781,43.61221265780338],[3.965049036725546,43.61217154261309],[3.964938856572349,43.61213045445733],[3.964828660857976,43.61208938882659],[3.96471845448981,43.61204834297767],[3.964608237407156,43.612007313311715],[3.964498014487452,43.61196629528629],[3.964387786908523,43.61192528529155],[3.964277558324316,43.61188427969555],[3.960199210862341,43.61036703175964],[3.960088988280835,43.610326022858814],[3.959978769556492,43.61028501291487],[3.959868555837243,43.61024399651866],[3.959758349554359,43.610202970949125],[3.959648154362512,43.61016193257476],[3.959537973901063,43.61012087686422],[3.959427808124853,43.61007980111846],[3.959317661911899,43.61003870079521],[3.959207536455234,43.60999757318464],[3.959097435394309,43.60995641375551],[3.958987361130906,43.609915217987265],[3.958877316111034,43.60987398405903],[3.958767302721385,43.60983270655059],[3.958657324631579,43.6097913827305],[3.958547384258143,43.60975000897785],[3.958437484002518,43.609708580772576],[3.958327626281379,43.60966709449415],[3.958217814764498,43.60962554741086],[3.958108051853277,43.60958393500227],[3.957998338726222,43.60954225365904],[3.957888680276277,43.609500499738814],[3.95777907892012,43.60945866962118],[3.957669534598082,43.60941675970727],[3.957560048563743,43.60937477088631],[3.957450620802227,43.60933270225867],[3.95734125131386,43.60929055382454],[3.95723194009934,43.60924832558403],[3.957122687173452,43.609206018437206],[3.957013492521969,43.60916363148446],[3.956904356160039,43.60912116562558],[3.956795278072978,43.60907861996117],[3.956686259499242,43.60903599448042],[3.956577299216117,43.608993290094176],[3.956468398461958,43.608950506791736],[3.956359557222269,43.60890764367358],[3.956250774289234,43.608864702550115],[3.956142050855756,43.60882168071159],[3.956033386967782,43.60877858085728],[3.95592478261054,43.60873540208773],[3.955816237769261,43.60869214350328],[3.955707752459066,43.60864880600401],[3.955599327933648,43.60860539047867],[3.955490962925321,43.60856189513921],[3.955382657464086,43.60851832178508],[3.955274412758313,43.60847466860612],[3.955166228838829,43.60843093740203],[3.955058104452377,43.60838712728402],[3.954950040852268,43.608343239141234],[3.954842038024383,43.60829927207422],[3.954734094730363,43.60825522609397],[3.954626213447198,43.60821110117881],[3.954518392966647,43.608166899139356],[3.954410633244383,43.60812261727659],[3.954302935563534,43.608078258279036],[3.954195298656445,43.60803382035823],[3.954087722523515,43.60798930351448],[3.953980208432792,43.607944709536376],[3.953872756355205,43.607900036624834],[3.953765365067072,43.60785528569051],[3.953658035807532,43.607810456722845],[3.953550764892105,43.60776555155399],[3.95344355112737,43.60772057289403],[3.953336390889554,43.60767552617396],[3.953229280493586,43.607630413226],[3.953122218791385,43.607585239459254],[3.953015200860587,43.60754000671696],[3.952908225537752,43.60749471950836],[3.952801289183504,43.60744938236485],[3.952694390589627,43.60740399709666],[3.952587523654996,43.60735856915654],[3.952480688424763,43.6073131012436],[3.952373880006171,43.60726759700022],[3.952267097220626,43.60722206003609],[3.952160336413704,43.6071764939827],[3.952055653033744,43.607131782464386],[3.952053595198817,43.60713090425996],[3.951946867370313,43.6070852900225],[3.951840154300718,43.60703965935688],[3.951733451067219,43.60699401410585],[3.951626755253579,43.60694835789005],[3.951520063204717,43.60690269434074],[3.951413373757268,43.60685702796734],[3.942985378357696,43.60324897849738],[3.939221908049725,43.601637470819455],[3.939148571851126,43.601606065442596],[3.939075240611529,43.60157465547572],[3.939001917956515,43.60154323548825],[3.938928606259091,43.6015117991612],[3.938855312903419,43.601480343731154],[3.938782039039469,43.60144886378922],[3.938708789516334,43.60141735299489],[3.938635567974498,43.601385806817376],[3.937814277246804,43.601028256983554],[3.936997183893836,43.60066566907752],[3.9369247414855,43.600633190038046],[3.936852328298688,43.60060067560637],[3.936779939484224,43.60056813212325],[3.93670757262521,43.60053556320897],[3.936635222857463,43.60050297430427],[3.936562886569797,43.600470371739235],[3.936490557616274,43.60043775826639],[3.936418232385671,43.600405140215656],[3.932746283799104,43.59874893110383],[3.932693687603507,43.59872520611559],[3.932641090257264,43.598701483811965],[3.93258849052246,43.59867776420367],[3.932535885952325,43.598654049111246],[3.932483275352438,43.59863034124453],[3.932430658737956,43.59860664150312],[3.932395938305711,43.598591011661895],[3.932378033647205,43.59858295080792],[3.932325397648208,43.598559271879424],[3.932272752007997,43.5985356065063],[3.93222009302716,43.59851195562007],[3.932167420735185,43.598488321020135],[3.932114732685182,43.5984647045272],[3.932062028891734,43.59844110704079],[3.932009306922742,43.59841753128137],[3.931956564331307,43.59839397906935],[3.931903802355388,43.59837045039429],[3.931346066970328,43.598123936870856],[3.93078590273398,43.597880354109435],[3.930223335807236,43.597639715343824],[3.930169864912791,43.597617048553936],[3.9301163734238,43.597594407109874],[3.930062863771966,43.59757178829131],[3.930009335957618,43.59754919209821],[3.92995579363596,43.59752661489997],[3.929902235569345,43.5975040567071],[3.92984866418959,43.59748151479937],[3.929795081958133,43.597458988255774],[3.929741487607815,43.597436475287644],[3.92968788482357,43.59741397406356],[3.92963427357586,43.59739148278436],[3.929580656326129,43.597369000528786],[3.929527033030461,43.59734652459821],[3.929473406136197,43.59732405317165],[3.929419775642685,43.597301586249266],[3.92935896116992,43.59727611145292],[3.929366145220306,43.59727912110012],[3.929328906130391,43.59726352265011],[3.929275275764586,43.597241056556975],[3.929221646635132,43.597218587728115],[3.929168021203131,43.59719611524258],[3.929114400663044,43.59717363639061],[3.929084355445049,43.59716103574024],[3.928111378807162,43.59675108039025],[3.92714065280969,43.59633832589839],[3.927087289952446,43.59631552713597],[3.927033933196465,43.59629272019771],[3.926980581318527,43.596269905993644],[3.926927235585387,43.59624708631283],[3.926873894744476,43.59622426026598],[3.926820556349431,43.596201429673755],[3.92676722287579,43.596178594514896],[3.926713891876995,43.596155756609974],[3.92666056333825,43.59613291505945],[3.926607236050849,43.59611007167302],[3.926553910014889,43.59608722645084],[3.926500584021108,43.59606438120287],[3.921728206058748,43.594019603404114],[3.919482299209278,43.59305719800497],[3.919399652860247,43.59302178318222],[3.919317001748434,43.59298637373751],[3.919234341037588,43.592950976910394],[3.919151665862421,43.59291559814093],[3.919068970134613,43.592880243779206],[3.918986250255718,43.5928449210543],[3.918903501332029,43.59280963360684],[3.91882071606554,43.59277438959685],[3.917987153753447,43.59242314973775],[3.917149668776283,43.59207687948066],[3.917066066562486,43.59204267135997],[3.916982430492894,43.59200850755353],[3.916898766642052,43.591974380811244],[3.916815078637197,43.59194028570389],[3.916731371299587,43.591906214092106],[3.916647649523754,43.59187216233532],[3.916563919354595,43.591838121384235],[3.916480183210691,43.59180408761933],[3.913750831526043,43.59069474015513],[3.913683304733678,43.590667291386836],[3.913615781662021,43.590639838947105],[3.913548265938742,43.590612377406565],[3.913480759982058,43.59058490314555],[3.913413267433898,43.590557411634286],[3.913345791936023,43.590529898343206],[3.91327833589274,43.59050235875302],[3.913211023843246,43.59047483950716],[3.912385330301558,43.590133563306686],[3.911563736335387,43.58978710773502],[3.911030310058817,43.58955894024836],[3.910989990386183,43.58954165726168],[3.909390621887929,43.588856047037964],[3.909284000730636,43.588810338067084],[3.909177387084228,43.58876462353265],[3.909070785814385,43.58871889799508],[3.908964202981854,43.58867315330539],[3.908857642199874,43.588627383134565],[3.908751110824324,43.58858158292215],[3.908644613663645,43.58853574362997],[3.908538154360305,43.58848986072828],[3.908431740241403,43.5884439278575],[3.908325374891944,43.58839793688929],[3.908219065653695,43.58835188236356],[3.908112816140115,43.58830575795162],[3.908006631217268,43.588259558214],[3.90790051818383,43.58821327499154],[3.907794478221042,43.58816690467539],[3.90768850886797,43.58812044818614],[3.907582612586069,43.58807390460365],[3.907476788137861,43.58802727393832],[3.907371036775566,43.587980557080144],[3.907265357261975,43.587933754039106],[3.907159750820764,43.58788686390575],[3.907054217452325,43.587839886680214],[3.906948757185393,43.58779282416219],[3.906843369991643,43.587745674552394],[3.906738052144033,43.587698436982436],[3.906685426235451,43.58767478819075],[3.906632818595507,43.58765111762632],[3.90652764816222,43.587603707663014],[3.906422555797009,43.587556213266645],[3.906317535283264,43.58750863268984],[3.906212590333926,43.587460965901386],[3.906107718488605,43.58741321382228],[3.906002920970777,43.5873653755426],[3.905898199018582,43.587317451052265],[3.905793550156779,43.587269440372026],[3.905688976875561,43.58722134438133],[3.905584477937166,43.587173163090625],[3.905480053327678,43.58712489560044],[3.905375704313709,43.58707654370016],[3.905271429615198,43.5870281047011],[3.90516723175014,43.58697958128203],[3.905063108229657,43.58693097256408],[3.904959060291409,43.58688227853713],[3.904855089159236,43.58683349829151],[3.904751192386549,43.586784633647305],[3.904647372448565,43.58673568458428],[3.904543628080174,43.586686649313435],[3.904439960547108,43.58663752962425],[3.904336368598071,43.586588324627364],[3.90423285348507,43.58653903521255],[3.90412941519428,43.58648966048024],[3.904026052502483,43.58644020134069],[3.903922767885153,43.586390657773634],[3.903819560090904,43.58634102888969],[3.903716429147966,43.58629131648868],[3.90361337502872,43.586241518771416],[3.903510398985044,43.58619163662724],[3.903407501017383,43.58614167005675],[3.903304679902127,43.58609161996995],[3.903201936848947,43.58604148455752],[3.90309927064904,43.58599126562928],[3.902996683777752,43.58594096316491],[3.902894174969563,43.58589057537565],[3.902791744266895,43.5858401049605],[3.902689391641878,43.58578955012068],[3.902587118332478,43.5857389108458],[3.902484923115268,43.58568818804629],[3.902382807228028,43.58563738171202],[3.902280769433821,43.585586491853654],[3.902178810969961,43.58553551846078],[3.902076931837239,43.58548446153396],[3.901975132021472,43.58543332017374],[3.901873412802842,43.585382097068866],[3.901771771664,43.58533078954124],[3.901670211094666,43.58527939847029],[3.901568729871661,43.585227924766066],[3.901467329232565,43.58517636841873],[3.901366007926023,43.58512472853882],[3.901264767189983,43.58507300511652],[3.901163607038423,43.585021199051646],[3.901062527472025,43.5849693103445],[3.900961528490913,43.58491733899523],[3.900860610095215,43.58486528500421],[3.900759772270838,43.58481314747178],[3.900659016284139,43.584760928187585],[3.90055834088368,43.58470862626212],[3.900457746069399,43.584656241695804],[3.90035723431683,43.584603774468356],[3.900256803165159,43.58455122550008],[3.900156453838092,43.58449859388136],[3.90005618509823,43.584445879622685],[3.899955995736113,43.58439308453394],[3.899855879662366,43.58434021496448],[3.899755829507766,43.584287274574784],[3.899655839210566,43.58423427151358],[3.899555905142993,43.584181211209945],[3.899456017488129,43.584128099144216],[3.899356173883416,43.58407494253462],[3.899256365750146,43.58402174685116],[3.899156588236224,43.58396851843274],[3.899056835237747,43.583915262728915],[3.898957099427931,43.583861986099066],[3.898857375954528,43.583808694882066],[3.898757658713484,43.58375539452733],[3.89058150171894,43.579384258883316],[3.889849233274111,43.578992711827674],[3.886342564138068,43.577117539917296],[3.880612263354827,43.574052790081744],[3.873506369650721,43.570251464619886],[3.873426918203579,43.57020895644627],[3.873347464426754,43.570166450035],[3.873268005859134,43.570123946305806],[3.873188541290874,43.57008144706795],[3.873109070749055,43.57003895412075],[3.87302958932522,43.56999647020305],[3.872950098256845,43.569953995305035],[3.872870593872765,43.569911532155295],[3.872791074963204,43.569869082563436],[3.872711540304052,43.56982664743882],[3.872631987461894,43.5697842295005],[3.87255241521271,43.56974182965808],[3.872472821109217,43.569699449730656],[3.872393205178818,43.56965709151781],[3.872313563750224,43.56961475774804],[3.872233895586095,43.56957244843135],[3.872154199490191,43.569530166276785],[3.872074474252134,43.56948791309357],[3.87199471618723,43.56944569071081],[3.871914925309086,43.56940350002808],[3.871835100421341,43.56936134375435],[3.871755237825351,43.569319222819004],[3.871675337548742,43.56927713902131],[3.871595397143539,43.56923509418055],[3.871515414176251,43.56919309101539],[3.871435388660271,43.56915113042564],[3.871355318134599,43.56910921333049],[3.871275201416297,43.56906734333851],[3.871195036030523,43.569025520469744],[3.871114820781134,43.56898374743296],[3.87103455322021,43.56894202604706],[3.870954233375229,43.5689003581117],[3.870873857547422,43.56885874455572],[3.870793427015184,43.56881718806858],[3.870712943070334,43.56877569223876],[3.870630691865484,43.56873377321794],[3.869944193544484,43.56838389581649],[3.869170179934647,43.56799762414757],[3.868390975710483,43.56761691521782],[3.867606656782922,43.567241805195096],[3.866817300305739,43.566872331138825],[3.866022982162069,43.56650852832018],[3.865223780715945,43.566150432891995],[3.8648299877348435,43.565976874129056]]}}]}